,mean,sd
0,-1.3823986,0.36246642
1,-1.2860861,0.27812347
2,-1.3112552,0.37130353
3,-1.8431427,0.39516598
4,-1.4541767,0.32768402
5,-1.3384496,0.3115886
6,-0.98474133,0.262043
7,-1.331,0.27399746
8,-1.5245512,0.30250487
9,-1.7273763,0.3396674
10,-1.1060644,0.2605811
11,-1.3152382,0.24707943
12,-1.0400242,0.2523204
13,-1.5232582,0.28060064
14,-1.2772862,0.27755618
15,-1.2783934,0.29631647
16,-1.097924,0.24212594
17,-1.1509454,0.25618273
18,-1.2066278,0.2962949
19,-1.3644336,0.2924093
20,0.048457175,0.23187572
21,-0.15637109,0.8409473
22,-1.4422209,0.31527784
23,-1.1519035,0.3190405
24,-1.1741154,0.28547087
25,-1.202552,0.23904759
26,-1.8151096,0.37199706
27,-0.5774485,0.16263475
28,-1.5459173,0.28431815
29,-1.4821427,0.3846249
30,0.05034293,1.0641711
31,-1.3340288,0.30389053
32,-1.1231573,0.24376722
33,-1.1270664,0.2620003
34,-1.2309223,0.28239202
35,-1.6143916,0.3366064
36,-1.2702405,0.29313496
37,-1.4376428,0.3540425
38,-1.1642425,0.22219472
39,-1.7312858,0.31292278
40,-1.2949317,0.2459437
41,-1.1410294,0.28755054
42,-1.5349357,0.3736723
43,-1.4561461,0.31123117
44,-0.16210964,0.4424364
45,-1.2873366,0.3257083
46,-1.4503276,0.3031061
47,0.37756455,0.87471163
48,-1.8391514,0.37713096
49,-1.348463,0.27671236
50,-1.5720842,0.31729746
51,-1.2574371,0.36024028
52,-1.6554142,0.37538776
53,-1.4552828,0.30616495
54,-1.3082609,0.32619426
55,-1.7370125,0.3461927
56,-1.1908247,0.30978063
57,-1.4681089,0.34426513
58,-1.0861084,0.2918016
59,-1.4583168,0.3690098
60,-0.97359276,0.23845044
61,-1.1924305,0.28956166
62,-1.346221,0.35098484
63,-0.8596479,0.21604672
64,-1.6064157,0.3791764
65,-1.6489662,0.321002
66,-1.7801774,0.34488347
67,-1.0333843,0.24458195
68,-1.615412,0.3963227
69,-1.6186359,0.32411373
70,-1.1664445,0.27088612
71,-1.4023478,0.29714546
72,-1.3085625,0.2883297
73,-1.4149909,0.3195332
74,-1.7052612,0.3218946
75,-1.6537735,0.39371842
76,-1.5172303,0.28031638
77,-1.1621466,0.21146338
78,-1.3404152,0.34529975
79,-1.6625469,0.33863527
80,-1.4017146,0.33782002
81,-1.1878281,0.26529905
82,-0.9252863,0.22275352
83,-1.5503714,0.3248985
84,-1.5175998,0.3689454
85,-1.5836643,0.35910928
86,-1.5071795,0.3233883
87,-1.8181168,0.42735985
88,-1.6784073,0.39725477
89,-1.9038366,0.42741224
90,-1.8249391,0.40848485
91,-1.8915184,0.44339085
92,-1.8999054,0.48847404
93,-0.93003255,0.19204573
94,-1.8499962,0.3239349
95,-1.1285751,0.29068056
96,-1.3520159,0.3434801
97,0.34917134,0.49663496
98,-1.1826595,0.27067524
99,-1.3962294,0.3582959
100,-1.4244298,0.35252154
101,-1.5335281,0.2956516
102,-1.4086903,0.32487342
103,-1.433213,0.34300432
104,-1.6159363,0.34104005
105,-0.07179521,0.5012386
106,-1.3995147,0.29403266
107,-1.3410629,0.29711783
108,-1.116795,0.25722656
109,-1.4450946,0.40118513
110,-1.4182402,0.35985342
111,-1.2498357,0.25325936
112,-1.7933975,0.39090592
113,-1.5334222,0.36691612
114,0.22011831,0.9035823
115,-1.4342614,0.36657616
116,-1.529183,0.31343785
117,-1.3688507,0.28816405
118,-1.4472778,0.2715124
119,-0.9397806,0.2704232
120,-1.5950905,0.38427365
121,-1.4722953,0.31685215
122,-1.3833444,0.36415884
123,-1.6393156,0.3963841
124,-1.6834759,0.29323635
125,-1.4193672,0.32694814
126,-1.3187878,0.3417365
127,-1.3328224,0.37396386
128,-1.0125992,0.26451454
129,-1.4704103,0.40617636
130,-1.1588198,0.19698322
131,-1.5337255,0.36814436
132,-1.3164937,0.28663686
133,-1.6308807,0.36005804
134,-1.2120144,0.2529268
135,-1.5130215,0.33888695
136,-1.1707239,0.3214183
137,-1.1759382,0.25885168
138,-1.4539942,0.30586004
139,-0.80371237,0.16873798
140,-1.2737031,0.28539214
141,-1.0424443,0.2154027
142,-1.0088482,0.24094163
143,-1.6368958,0.36780134
144,-1.4109615,0.38585764
145,-1.4184147,0.27415586
146,-1.591462,0.3409564
147,-1.8876228,0.42958254
148,-1.448923,0.29781535
149,-1.556336,0.3816667
150,-1.3355598,0.29397497
151,-0.9294982,0.21956277
152,-1.6666874,0.37498608
153,-0.9680704,0.20720622
154,-1.2090772,0.19828425
155,-1.282494,0.35331753
156,-1.6396087,0.37719542
157,-0.9317166,0.22648208
158,-0.7446591,0.18042393
159,-1.5438743,0.26192218
160,-1.5129541,0.31710663
161,-1.1853876,0.2905562
162,-1.6496906,0.3390835
163,-1.7189671,0.41748038
164,-1.7107397,0.4070764
165,-1.3881909,0.3638567
166,-1.612189,0.32997563
167,-1.0877415,0.17675394
168,-1.817886,0.41826516
169,-1.6136925,0.3395247
170,-1.2877582,0.2899652
171,-1.3067493,0.2750412
172,-1.6108221,0.31537223
173,-0.6171902,0.19020928
174,-1.2590091,0.25297952
175,-1.8147045,0.38914356
176,-1.4849449,0.4070167
177,-0.9574372,0.22528028
178,-1.1192658,0.21773173
179,-1.7935871,0.35755056
180,-1.3569648,0.3101637
181,-1.3698395,0.3359258
182,-0.9479103,0.25138226
183,-1.4481843,0.3386487
184,-1.4650917,0.39650592
185,-1.0926964,0.2841848
186,-1.3110298,0.3177396
187,-1.3916477,0.30818
188,-1.339473,0.34424916
189,-1.25926,0.29942665
190,-1.566289,0.3155372
191,-1.540378,0.30131617
192,-1.3966353,0.33976054
193,-1.4362028,0.33603424
194,-1.0086807,0.22597665
195,-1.4624293,0.31975058
196,-1.5674628,0.32774836
197,-1.5827439,0.4217172
198,-1.3066517,0.2953903
199,-1.5358413,0.3557854
200,-1.680795,0.31533414
201,-1.6337719,0.3700867
202,-1.0322063,0.22504301
203,-0.39734375,0.805249
204,-1.5266317,0.35965046
205,-0.11795719,0.3076834
206,-1.4501851,0.34550703
207,-1.2281342,0.2543417
208,-1.2386172,0.3194322
209,-1.252568,0.33080682
210,-1.3470914,0.327586
211,-0.056034017,0.2543968
212,-1.1123873,0.29163706
213,-1.320207,0.2685338
214,-0.94731045,0.2416122
215,-1.6385638,0.3743151
216,-1.3602631,0.2962092
217,-0.45039034,0.9114757
218,-1.038323,0.2608537
219,-1.5817204,0.36677507
220,-1.7584261,0.34434408
221,-1.3308647,0.27389655
222,-1.5724369,0.32139346
223,-1.1108124,0.2571155
224,-1.6586683,0.34292832
225,-1.3331482,0.33920178
226,-1.4381208,0.2959171
227,-1.4241912,0.2856162
228,-1.195673,0.2920769
229,-1.2081867,0.2345208
230,-1.7737831,0.47640988
231,-1.0013949,0.2253145
232,-1.4823956,0.3518091
233,-1.4296948,0.33271235
234,-1.4671582,0.31535617
235,-1.4463412,0.31481802
236,-1.0919222,0.26828185
237,-1.2981002,0.28664973
238,-1.7579635,0.35553637
239,-1.1470016,0.26510572
240,-1.0772768,0.25555578
241,-1.0506241,0.2714702
242,-1.332263,0.29393524
243,-1.1412845,0.27215236
244,-1.6055349,0.31828514
245,-1.7570864,0.4039768
246,-1.4452461,0.30047607
247,-1.6135626,0.37064824
248,-1.640612,0.42277357
249,-1.4647858,0.32393062
250,-1.5276226,0.40458745
251,-1.4922192,0.2725771
252,-1.4375556,0.37583628
253,-1.6275055,0.4011641
254,-1.7819226,0.39534515
255,-1.5539,0.38479805
256,-1.3695382,0.3443198
257,-1.6156604,0.3181548
258,-1.7476174,0.32895416
259,-1.2559248,0.29216236
260,-1.1321447,0.2814434
261,-1.4020598,0.31418967
262,-1.9702171,0.38477737
263,-1.6937778,0.33193982
264,-0.91052675,0.22140558
265,-1.5635202,0.3488758
266,-1.3887981,0.2935419
267,-0.8648859,0.24288285
268,-1.1351349,0.26593405
269,-1.291396,0.26027593
270,-1.6109369,0.33255392
271,-1.8724976,0.51852065
272,-1.530591,0.41434416
273,-1.3264829,0.2930768
274,-1.2130411,0.27196687
275,-1.3253968,0.28625095
276,-1.348012,0.30184913
277,-1.2118194,0.32706717
278,-1.6422441,0.35865203
279,-1.208473,0.31705528
280,-1.4589467,0.32507712
281,-1.7979171,0.37289375
282,-1.697566,0.42699337
283,-1.2435186,0.2969368
284,0.12739535,0.35908976
285,-1.7421703,0.44896412
286,-0.9522052,0.2215272
287,0.08254868,0.8173621
288,-1.4154581,0.35429344
289,-1.1876284,0.2822462
290,-1.9597794,0.43863615
291,-1.5389264,0.44274336
292,-1.2951807,0.25479442
293,-1.5790255,0.33799204
294,-1.3789665,0.32747254
295,-1.2498671,0.25178978
296,-1.062161,0.24601345
297,-1.1903179,0.3111808
298,-1.5518097,0.3806064
299,-0.87215537,0.24176408
300,-1.1875699,0.27951294
301,-1.3207147,0.25881547
302,-1.4826899,0.2525745
303,-1.695118,0.41905054
304,-1.233938,0.25260147
305,-1.1666406,0.2525931
306,-1.0948304,0.2602225
307,-1.3781763,0.32404166
308,-1.4923754,0.31681427
309,-1.2776663,0.29010877
310,-1.0932667,0.23373124
311,-1.3459579,0.28353834
312,-1.5992655,0.35246572
313,-0.8860337,0.19993754
314,-1.5673673,0.3222013
315,-1.2675345,0.2722709
316,-0.9931656,0.21131809
317,-1.2373495,0.31728253
318,-1.0010849,0.19577965
319,-1.4648684,0.31148905
320,-1.5080179,0.33299205
321,-1.6302439,0.40835175
322,-1.2227147,0.27588937
323,-1.1091143,0.27261662
324,-1.5349697,0.35265845
325,-1.0021411,0.23846443
326,-1.2892975,0.3249823
327,-1.428799,0.31527874
328,-1.8191662,0.47123736
329,-1.6052036,0.3599662
330,-1.5152388,0.27907696
331,-1.2478911,0.32272688
332,-1.38101,0.25582394
333,-1.3516366,0.38203752
334,-1.5649695,0.28461957
335,-1.1304262,0.26902303
336,-1.2697521,0.33737218
337,-1.390998,0.262824
338,-1.69214,0.3513216
339,-1.2823703,0.30220386
340,-1.5063314,0.32489395
341,-1.706465,0.44317007
342,-1.3783295,0.35389054
343,-1.1091616,0.23425435
344,-1.1765178,0.29333055
345,-1.4297559,0.2886127
346,-1.7056296,0.41254118
347,-0.83171827,0.16847275
348,-1.4649762,0.2679013
349,-1.8314371,0.38475695
350,-1.4286437,0.33135894
351,-1.7451664,0.34608138
352,-1.3903265,0.33040497
353,-1.7120476,0.40220836
354,-1.3121779,0.2834728
355,-1.1702158,0.25066227
356,-1.1973432,0.26562586
357,-1.701588,0.358247
358,-1.224263,0.2746609
359,-1.1803755,0.26381084
360,-1.4605429,0.35706383
361,-1.2014675,0.28670138
362,-0.93622303,0.21014921
363,-1.5879616,0.44056955
364,-1.1534624,0.31040767
365,-1.8073127,0.39150596
366,-1.6648762,0.36077222
367,-1.9993826,0.38107368
368,-1.0059426,0.25537503
369,-1.6666548,0.37858438
370,-1.6615356,0.3651366
371,-1.4103397,0.32390392
372,-1.7786853,0.38504386
373,-1.1807569,0.2516772
374,-1.1535039,0.27723694
375,-1.3801305,0.3565412
376,-1.2654622,0.2655401
377,-1.2125711,0.24444415
378,-1.7884595,0.4468464
379,-0.06491679,0.21981865
380,-1.3343875,0.2707065
381,-0.93254757,0.23022883
382,-1.2252038,0.29884854
383,-1.5004604,0.37601227
384,-1.0964928,0.23045658
385,-1.5959593,0.3099321
386,-1.2381687,0.2600385
387,-1.0840647,0.35170087
388,-0.9613428,0.22877544
389,-0.83620214,0.2112147
390,-1.6021134,0.42087173
391,-1.5733597,0.39844123
392,-0.43605727,0.9018443
393,-1.5372576,0.30141038
394,-1.5705875,0.33978912
395,-1.5200964,0.40867692
396,-1.3654875,0.2966565
397,-1.4184344,0.29633352
398,-1.1942124,0.27981362
399,-1.0576704,0.2157846
400,0.0014712802,0.52131385
401,-1.214874,0.23931746
402,-1.5856555,0.39465225
403,-1.1433424,0.28569618
404,-1.508426,0.30885127
405,-1.3577732,0.30525756
406,-1.2896476,0.25005087
407,0.41113037,0.8651901
408,-1.7089783,0.30196866
409,-1.4770874,0.32204247
410,-1.5947268,0.3449592
411,-1.647459,0.35421267
412,-1.4267027,0.29943442
413,-1.0056257,0.21848944
414,-1.1121916,0.26912883
415,-1.5824955,0.35417023
416,-1.2157905,0.23824143
417,-1.3843893,0.29583955
418,-1.5600574,0.37429723
419,-1.6948131,0.3815742
420,-1.2633669,0.22902252
421,-1.5772839,0.37509018
422,-1.0921113,0.23457012
423,-1.4791021,0.30917525
424,-1.5656258,0.30885977
425,-1.305479,0.26473483
426,-1.0566853,0.22532138
427,-1.2940832,0.2780319
428,-1.1606184,0.2774701
429,-1.3339335,0.32531098
430,-1.0843115,0.23883763
431,-1.0976927,0.3392369
432,-1.493956,0.35586363
433,-1.5460608,0.36750862
434,-1.7469265,0.36191314
435,-1.4746418,0.31553432
436,-1.2237914,0.3204779
437,-1.0785748,0.26631767
438,-1.7844769,0.32433113
439,-0.98976266,0.22662155
440,-0.7845936,0.3017456
441,-1.3991393,0.33611062
442,-1.4385488,0.27182028
443,-1.0535592,0.24858859
444,-1.3465321,0.30494183
445,0.32832903,1.0549827
446,-1.4522178,0.31894147
447,-1.3546079,0.27690148
448,-1.5257689,0.30529496
449,0.06634508,0.48298052
450,-1.6296494,0.3499658
451,-0.1582397,0.25837514
452,-1.8984668,0.4305222
453,-1.1845442,0.22524779
454,-1.3065943,0.30424163
455,-1.6267735,0.3923337
456,-1.5692495,0.3491981
457,-0.98892367,0.1941408
458,-1.637405,0.35764056
459,-1.8471603,0.44525954
460,-1.2604129,0.2771382
461,-1.494169,0.33763328
462,-1.6923395,0.4133356
463,-1.0852867,0.23149988
464,-1.6407608,0.35714167
465,-1.6190205,0.34963414
466,-1.4577166,0.3416989
467,-1.0768543,0.20477779
468,-1.552079,0.33816242
469,-1.5429186,0.35770687
470,-1.7139164,0.35787997
471,-1.5207738,0.31627214
472,-1.0456953,0.23772064
473,-1.4223349,0.32141557
474,-1.8107274,0.3565361
475,-1.4823246,0.30253068
476,-1.5368425,0.34944674
477,-1.0687126,0.25128153
478,-1.0559466,0.23023608
479,-0.97208995,0.24060862
480,-1.4182296,0.3634308
481,-1.4698644,0.34543878
482,-1.2078615,0.25989202
483,-1.3022739,0.29679957
484,-1.2330854,0.22136503
485,-1.5425222,0.39605924
486,-1.6815685,0.42206743
487,-1.247785,0.3297156
488,-1.3314993,0.30787683
489,-1.0828445,0.24784003
490,-1.8123716,0.35612598
491,-1.8223137,0.4255937
492,-1.3487215,0.25840175
493,-1.0867304,0.2590563
494,-1.415748,0.34823197
495,-1.6660427,0.32964325
496,-1.2171156,0.23846464
497,-1.7730106,0.42717943
498,-1.1546898,0.25421017
499,-0.9249463,0.21022342
500,-1.3718363,0.36563322
501,-1.6858562,0.35651323
502,-1.3787129,0.32806718
503,-1.6118408,0.34882188
504,-1.3471078,0.30792016
505,-1.1807644,0.2291132
506,-1.0607102,0.3019852
507,-1.2730541,0.3059905
508,-1.253787,0.32656085
509,-1.7395298,0.37711385
510,-1.4313295,0.27240643
511,-0.9793598,0.22822803
512,-1.3884017,0.32796592
513,-1.4049044,0.3399611
514,-1.1457847,0.21709207
515,-1.4456327,0.3870631
516,-1.2353113,0.25875592
517,-1.2456579,0.2684753
518,-1.1129643,0.28861144
519,-1.5305951,0.31755626
520,-1.2495041,0.27479672
521,-1.6567574,0.37761027
522,-1.112578,0.23425584
523,-1.2471609,0.31371096
524,-1.419309,0.27275795
525,-1.553002,0.35392657
526,-1.3123481,0.33971047
527,-1.3790437,0.2944533
528,-1.1981256,0.30629504
529,-1.6911062,0.4012778
530,-1.3413128,0.25728393
531,-1.57553,0.33804524
532,-1.4177885,0.31095558
533,-1.0526015,0.22577097
534,-1.3758106,0.32218874
535,-1.6636177,0.43981096
536,-1.4867408,0.3098237
537,-0.70933104,0.15429792
538,-1.5564623,0.3941484
539,-1.3994343,0.37876034
540,0.26046455,0.7621004
541,-1.1626763,0.22949332
542,-1.5997603,0.28613338
543,-1.4961957,0.28980267
544,-1.1519852,0.23560855
545,-1.3063484,0.2618713
546,-0.8128208,0.19577424
547,-1.0929496,0.260085
548,-1.3905861,0.39894477
549,-1.1117139,0.22930285
550,-1.2735292,0.28839648
551,-1.0494672,0.2714474
552,-1.5117346,0.26804435
553,-0.968012,0.20362616
554,-1.2154272,0.25676903
555,-0.8622564,0.1824331
556,-1.657841,0.33768335
557,-1.4472194,0.3754682
558,-1.330052,0.26010737
559,-1.8435491,0.40443927
560,-0.71998227,0.17709638
561,-1.5225607,0.41350362
562,-1.2923363,0.23796275
563,-1.5738287,0.3349783
564,-1.6303133,0.33995607
565,-0.9455568,0.2421284
566,-1.1159841,0.25142646
567,-1.5325263,0.33358926
568,-1.6590198,0.34080824
569,-1.2560713,0.22902428
570,-1.5164917,0.3747663
571,-1.4279721,0.29896954
572,-1.2519448,0.31410348
573,-1.5682815,0.3347713
574,-1.406338,0.31191322
575,-1.2854828,0.2915237
576,-1.504729,0.3244253
577,-1.418453,0.36723566
578,-1.010022,0.26462075
579,-1.231633,0.32771814
580,-1.7353767,0.39598128
581,-1.3844707,0.3600636
582,-1.1522259,0.23377495
583,-1.4155886,0.33315945
584,-1.4219909,0.30880946
585,-1.1081555,0.2603201
586,-1.9669861,0.404164
587,-1.6872776,0.37269318
588,-0.9128421,0.1866405
589,-1.2388327,0.26236448
590,-1.4586096,0.3668417
591,-1.3258274,0.3229523
592,-1.2211854,0.26014793
593,-1.3564081,0.30527115
594,-1.1359204,0.27407148
595,-1.1051309,0.25164017
596,-1.424164,0.3393846
597,-1.1487719,0.26208034
598,-1.4187591,0.32895473
599,-1.7566121,0.44577977
600,-1.3409749,0.2844199
601,-1.5489204,0.41687918
602,-1.846925,0.40839052
603,-1.3477436,0.30840504
604,-1.5332845,0.38920435
605,-1.3471515,0.3066755
606,-1.3391583,0.30330512
607,-1.7621896,0.37668112
608,-1.0881655,0.26441693
609,-1.5939254,0.41133234
610,-1.1288445,0.24956468
611,-1.5232512,0.39358127
612,-1.9055462,0.43770167
613,-1.3084561,0.2665936
614,-1.1400057,0.2796149
615,-1.8424717,0.40523794
616,-1.5095321,0.3427457
617,-1.5704871,0.4081106
618,-1.376167,0.37569672
619,-1.2733488,0.3263101
620,-1.6467617,0.3648574
621,-1.307184,0.24070331
622,-1.3536656,0.25106713
623,-1.4321293,0.2962475
624,-1.3510774,0.32603812
625,-1.2696158,0.321963
626,-0.7981237,0.23233429
627,-1.6061535,0.29860282
628,-1.4394915,0.31868052
629,-1.3611091,0.3190876
630,-1.2255659,0.32197955
631,-1.463692,0.33113676
632,-1.3562405,0.31363207
633,-1.4147211,0.29503095
634,-1.308778,0.29854605
635,-1.2927015,0.31644064
636,-1.7359943,0.39800897
637,-1.3687329,0.3308927
638,-1.3919313,0.289791
639,-1.1598196,0.26267773
640,-1.3015325,0.3033615
641,-1.937836,0.42873052
642,-1.0439465,0.24790397
643,-1.7530168,0.39263368
644,-0.39451846,0.94214
645,-1.1866186,0.2540395
646,-1.7834349,0.36013845
647,-1.1289598,0.3222857
648,-1.4703144,0.29222876
649,-1.430289,0.34802324
650,-1.4511182,0.31549335
651,-1.5799477,0.3732697
652,-1.3338573,0.3508492
653,-1.8179436,0.45347407
654,-1.5979326,0.38503075
655,-1.0448322,0.26020592
656,-1.3966242,0.3095304
657,0.040171564,0.65979767
658,-2.0017583,0.3945135
659,-1.3623756,0.235119
660,-1.1153793,0.30150852
661,-1.5483712,0.3201685
662,-1.8416119,0.39520624
663,-1.3834407,0.36118266
664,-0.9666411,0.24623002
665,-1.5137218,0.33842158
666,-1.3332417,0.28940934
667,-0.941496,0.22674452
668,-1.7393608,0.37520534
669,-1.0772645,0.25111464
670,-1.7647846,0.39128807
671,-1.1999487,0.29692537
672,-1.8426901,0.43933833
673,-1.8633907,0.37968835
674,-1.669074,0.3646546
675,-1.1438377,0.2440453
676,-1.3414046,0.38120466
677,-1.2918131,0.36902338
678,-1.1710354,0.31521618
679,-1.4783113,0.32572097
680,-0.9932135,0.28244865
681,-1.6175225,0.37569192
682,-1.5612967,0.28025448
683,-1.2307233,0.3179058
684,-0.99950266,0.24619874
685,-1.853809,0.47645316
686,-1.4299413,0.30088714
687,-0.89318216,0.2617022
688,0.12137874,0.66173005
689,-1.8165276,0.3989807
690,-1.8511546,0.42996016
691,-0.99986935,0.18860441
692,-1.4194703,0.3118458
693,-1.8711822,0.3523542
694,-1.6421814,0.42238024
695,-1.5343392,0.30922252
696,-1.4155496,0.29718572
697,-1.473238,0.36248755
698,-1.5435762,0.3715236
699,-1.8713605,0.41595626
700,-1.7572914,0.37283486
701,-1.586374,0.35926783
702,-1.6141129,0.40967906
703,-1.1499283,0.26151678
704,-1.4264807,0.30694485
705,-1.1682367,0.25378886
706,0.025651261,0.39374477
707,-1.0690368,0.25334963
708,-1.3930776,0.28691745
709,-1.1449423,0.27825457
710,-1.3494642,0.29239085
711,-1.3197159,0.2777808
712,-0.24370822,0.70965517
713,-1.3218069,0.31927767
714,-1.158819,0.26260236
715,-1.3379984,0.30879876
716,-1.2613131,0.255154
717,-1.0873742,0.30893704
718,-1.1936529,0.27379605
719,-1.5126787,0.32752037
720,-1.2487005,0.2618275
721,-1.2732146,0.29457092
722,-1.2629004,0.36530828
723,-0.9718091,0.20089775
724,-1.2335876,0.29824036
725,-1.396897,0.3138387
726,-1.9756035,0.46951023
727,-1.3809222,0.30331424
728,-1.1931646,0.26831833
729,-1.4653765,0.31952682
730,-1.357858,0.36024162
731,-0.9538485,0.19269662
732,-0.1274899,0.35518697
733,-1.6114346,0.35036442
734,-1.0872184,0.24670194
735,-1.5616101,0.34269077
736,-1.6860249,0.43111455
737,-1.1078452,0.24727112
738,-1.2830058,0.26717415
739,-0.9356682,0.27078563
740,-0.05500679,0.6521015
741,-1.3599551,0.36993796
742,-1.0836191,0.32438844
743,-1.3633554,0.28734145
744,-1.7196133,0.43583658
745,-1.1610258,0.3233213
746,-1.2932183,0.33443332
747,-1.5916235,0.45519865
748,-1.5550712,0.400869
749,-1.2771084,0.28661367
750,-1.1841353,0.2658653
751,-1.4429288,0.32958204
752,-1.3522243,0.2618485
753,-1.1249163,0.23202682
754,-1.3418001,0.34550062
755,-1.2491996,0.32672012
756,-1.1650274,0.2491186
757,-1.3374391,0.37675664
758,-1.4787778,0.34521317
759,-1.5136149,0.37857935
760,-1.7407783,0.3392751
761,-1.296476,0.26926547
762,-0.98070353,0.19995302
763,-1.3775233,0.33122173
764,-1.2502859,0.29472417
765,-1.4549059,0.32293406
766,-1.02346,0.2215019
767,-1.0834776,0.28918308
768,-1.4837329,0.30166164
769,-1.824323,0.46540385
770,0.017851304,0.58820486
771,-1.5514581,0.30234846
772,-1.365344,0.33902174
773,-1.4609882,0.31003344
774,-1.6533501,0.45694378
775,-1.1896279,0.3134309
776,-1.4085633,0.33821982
777,-1.6009598,0.3041686
778,-1.4489822,0.29827446
779,-1.2441483,0.29971245
780,-1.4670429,0.26816952
781,-1.1653503,0.2587608
782,-1.454203,0.3244814
783,-1.3451763,0.33440673
784,-1.4763066,0.3546187
785,-1.0222921,0.22183776
786,-1.2793213,0.30080304
787,-1.2651895,0.28909454
788,-1.7369541,0.37033975
789,-1.5134535,0.336839
790,-0.92339915,0.18992868
791,-1.8548704,0.3588166
792,-1.8047523,0.3775559
793,-1.5607772,0.311724
794,-1.1498554,0.25514102
795,-1.7060627,0.29206166
796,-1.6109931,0.34340844
797,-1.3297422,0.31130967
798,-1.508476,0.29247838
799,-1.2261744,0.2834906
800,-1.256151,0.27845666
801,-1.6478996,0.40905255
802,-1.0453459,0.2542203
803,-1.5952532,0.34082323
804,-1.2570974,0.27903453
805,-1.3422399,0.34882295
806,-1.3042835,0.29305
807,-1.8796555,0.49858427
808,-1.5396122,0.4166279
809,-1.6132244,0.34013787
810,-1.4047058,0.28419805
811,-1.265125,0.39915857
812,-1.8028009,0.4306398
813,-1.2038898,0.26297972
814,-1.4209194,0.36594138
815,-1.5990139,0.34068358
816,-1.5524762,0.33837044
817,-1.5512816,0.2769463
818,-1.4536103,0.33057487
819,-1.0863043,0.22405611
820,-1.016626,0.2795483
821,-1.2564716,0.29041824
822,-1.0635264,0.2408289
823,-1.2913218,0.26108938
824,-0.72942525,0.1623827
825,-1.792194,0.37235507
826,0.052766867,0.7212946
827,-1.242152,0.2937845
828,-1.6413991,0.3564485
829,-1.6676865,0.32005703
830,-1.318001,0.2885089
831,-1.6976525,0.41113538
832,-1.1952966,0.2721615
833,-1.5832881,0.31162754
834,-1.2294798,0.2519363
835,-1.1138678,0.23499104
836,-1.5316613,0.3581384
837,-1.1526302,0.22387551
838,-1.3617585,0.31104657
839,-1.2494348,0.3206936
840,-1.5396888,0.28405795
841,-1.4796289,0.3159183
842,-1.3382576,0.35694385
843,-1.2382307,0.21991077
844,-1.3941646,0.30261832
845,-1.1312803,0.26813743
846,-0.9693428,0.21099721
847,-1.8789532,0.5285686
848,-1.6469162,0.36833176
849,-1.1069896,0.22924456
850,-1.2076449,0.34377643
851,-1.4546149,0.30846232
852,-1.7571354,0.3717067
853,-1.6758454,0.38543853
854,-1.2189997,0.23712374
855,-1.298493,0.31144074
856,-1.3859842,0.29554436
857,-1.3388704,0.2942952
858,-0.6542037,1.7549939
859,-0.8555649,0.17982467
860,-1.4730871,0.41935745
861,-1.3064476,0.32739013
862,-0.89252776,0.20388806
863,-1.375983,0.33019772
864,-1.5955021,0.30847067
865,-1.3887682,0.31537482
866,-1.2386543,0.31594697
867,-1.189959,0.3147131
868,-1.4099563,0.29057816
869,-1.4958373,0.3770727
870,-1.269466,0.24707097
871,-1.7786415,0.36936712
872,-1.3137815,0.3176389
873,-1.8204281,0.45370486
874,-1.0269436,0.20656887
875,-1.4489908,0.29977283
876,-1.34599,0.31849888
877,-1.8048172,0.39882421
878,-1.2543548,0.2765504
879,-1.4900862,0.42238072
880,-1.3248993,0.28527534
881,-1.5583277,0.34381956
882,-1.5104707,0.28779894
883,-1.3012673,0.30440423
884,-1.9032742,0.36355057
885,-1.2716603,0.29726258
886,-1.5418018,0.3140196
887,-1.728705,0.42291662
888,-1.1516612,0.2882928
889,-1.4092724,0.353217
890,-1.411582,0.35854447
891,-1.0435486,0.25593346
892,-1.4610802,0.31713688
893,-1.7469215,0.47545862
894,-1.6950442,0.39787248
895,-1.2731035,0.3246566
896,-1.4053249,0.35962632
897,-1.5742323,0.4171946
898,-0.9581145,0.21495779
899,-1.246143,0.30674177
900,-1.3763468,0.25908443
901,-1.6940361,0.43847942
902,-0.045180034,0.25656852
903,-1.6486776,0.32490325
904,-1.4599771,0.32717654
905,-1.0286187,0.24178456
906,-1.0486724,0.2400105
907,-0.010029261,0.17748614
908,-1.54437,0.31872904
909,-1.4998806,0.35526726
910,-1.4771292,0.36125663
911,-1.31464,0.27164197
912,-1.4793422,0.40041524
913,-1.2717917,0.2514886
914,-1.6621273,0.37303716
915,-1.2906115,0.24026537
916,-1.2885145,0.26244503
917,-1.1642454,0.29086703
918,-1.2778628,0.29076537
919,-1.467198,0.26229927
920,-1.6339995,0.40992793
921,-1.5098213,0.34117007
922,-1.397893,0.31321314
923,-1.6189511,0.36173135
924,-1.1936142,0.27179375
925,-1.2014921,0.3015726
926,-1.3442495,0.32639837
927,-1.1594235,0.36070046
928,-1.1546032,0.25001267
929,-1.4206808,0.28658843
930,-1.1248691,0.22227508
931,-1.4975611,0.34413525
932,-1.2136396,0.29512087
933,-1.1803005,0.24997278
934,-1.7636417,0.37113392
935,-1.09204,0.29603454
936,-1.1513014,0.27600843
937,-1.7744751,0.34706736
938,-1.9207817,0.39975715
939,-1.9870383,0.37545857
940,-1.4625494,0.355241
941,-1.3246424,0.26901114
942,-1.1360508,0.23424461
943,-1.3488686,0.27148747
944,-0.9485146,0.29316226
945,-1.3738314,0.34965238
946,-1.5686285,0.34643883
947,-0.9485027,0.23293176
948,-1.4250591,0.2946253
949,-1.5204456,0.3124919
950,-1.5839096,0.3728346
951,-1.5537329,0.3978829
952,-1.0108043,0.22463371
953,0.44637746,0.91003543
954,-1.0635402,0.24882068
955,-1.2550275,0.29234385
956,-1.7481601,0.47398973
957,-1.43201,0.31177947
958,-1.4856404,0.29926857
959,-1.7624485,0.39088672
960,-1.237965,0.2842612
961,-1.416338,0.31913412
962,-1.2467988,0.31000143
963,-1.289851,0.28829625
964,-0.78035367,0.1775494
965,-1.0995712,0.24653965
966,-1.4100345,0.31763515
967,-1.2059002,0.29120213
968,-1.584629,0.34781393
969,-1.3054175,0.30640054
970,-1.2438065,0.27430975
971,-1.7883095,0.4323537
972,-1.5477831,0.34391606
973,-1.5021484,0.35801765
974,-1.3386974,0.3214651
975,0.33555982,0.81363845
976,0.16377592,0.46576175
977,-1.4453125,0.34053326
978,-1.4099553,0.26737234
979,-1.5352762,0.29677188
980,-1.5933778,0.3777273
981,-1.227137,0.37289518
982,-1.5528293,0.3128811
983,-1.4334016,0.30244556
984,-1.7229278,0.46795332
985,-1.1186453,0.20528041
986,-1.5471847,0.34228122
987,-1.6271709,0.41927528
988,-1.2168572,0.27412853
989,-1.580878,0.36824653
990,-1.4882553,0.36626643
991,-1.0630994,0.24041015
992,-1.5465014,0.33775052
993,-0.23200881,0.4308977
994,-1.7720897,0.37531328
995,-1.2550998,0.26028937
996,-2.2850323,0.5137429
997,-1.5078192,0.2887386
998,-1.307375,0.32420784
999,-1.3253511,0.26272765
1000,-1.7432601,0.41157752
1001,-1.3492968,0.30735275
1002,-1.6392281,0.33734974
1003,-1.4360203,0.31587598
1004,-1.3224823,0.35203826
1005,-1.5949286,0.3822771
1006,-1.274947,0.25630057
1007,-1.6754459,0.29902837
1008,-1.6257881,0.40707794
1009,-1.7293202,0.36224848
1010,-1.2627355,0.30793574
1011,-1.3977089,0.24064353
1012,-1.674069,0.34986386
1013,-1.7033857,0.39035255
1014,-1.9119017,0.42928198
1015,-1.6365254,0.3545429
1016,-1.6065506,0.26462427
1017,-1.3426912,0.30556515
1018,-1.337275,0.28178284
1019,-1.7235277,0.3850742
1020,-1.2992281,0.2845678
1021,-1.1439446,0.23666838
1022,-1.442964,0.26869965
1023,-1.1994592,0.24234316
1024,0.00580692,0.23575778
1025,-1.2996699,0.2590436
1026,-1.4870707,0.32961553
1027,-1.3080438,0.26952487
1028,-1.4976586,0.38037574
1029,-1.2913816,0.24615833
1030,-1.3172566,0.3230317
1031,-1.4861015,0.34233534
1032,-1.1511161,0.23387583
1033,-1.2627375,0.26954615
1034,-1.5627915,0.33976206
1035,-1.5832646,0.39423826
1036,-1.5944152,0.398666
1037,-1.3421549,0.2561613
1038,-1.1914666,0.26242736
1039,-1.1825184,0.22509637
1040,-1.3565356,0.2580345
1041,-1.4976721,0.29907686
1042,-1.4806731,0.33788335
1043,-1.1276861,0.25872636
1044,-1.2885516,0.26564664
1045,-1.4886831,0.3350737
1046,-1.8320749,0.40134344
1047,-1.3905777,0.22219639
1048,-0.89267254,0.21976882
1049,-1.251956,0.28079876
1050,-1.6117092,0.36087856
1051,-1.211355,0.2934009
1052,-1.077041,0.24745177
1053,-1.4966781,0.33127034
1054,-1.0636327,0.23679782
1055,-1.1290915,0.29897985
1056,-1.2640412,0.24036144
1057,-0.8512678,0.2084228
1058,-1.1239774,0.24106388
1059,-1.2060655,0.27771932
1060,-1.4003907,0.3370749
1061,-1.1181846,0.24025747
1062,-1.8455484,0.3737402
1063,-0.78318405,0.18947984
1064,-1.3761365,0.31061316
1065,-1.4626845,0.3414421
1066,-1.2045825,0.29536313
1067,-1.5218575,0.3503627
1068,-1.6848443,0.42248428
1069,-1.5252345,0.3853558
1070,-1.6492342,0.41151205
1071,-1.1088425,0.27247366
1072,-1.4751029,0.3367904
1073,-1.7659566,0.37675643
1074,-1.0158265,0.3178419
1075,-1.1135387,0.2459743
1076,-1.2606592,0.25447977
1077,-1.2452437,0.27671903
1078,-1.5130781,0.3302618
1079,-1.5571129,0.2919834
1080,-1.1996149,0.25057498
1081,-1.3556871,0.29129007
1082,-1.4848471,0.36697254
1083,-1.3368311,0.31969535
1084,-1.4194355,0.29596555
1085,-1.1099799,0.264722
1086,-0.003364487,0.61842245
1087,-1.4566764,0.31960657
1088,-1.2172273,0.30043915
1089,-1.0319475,0.21959694
1090,-1.2736814,0.31684256
1091,-0.93589437,0.21448538
1092,-1.712981,0.345579
1093,-1.2276285,0.24512045
1094,-1.7631385,0.39473265
1095,-1.3442827,0.31630826
1096,-1.3791134,0.2967738
1097,-1.7417803,0.4190196
1098,-1.37813,0.28542784
1099,-1.042326,0.28700748
1100,-0.88404465,0.25096238
1101,-1.5785673,0.37022072
1102,-1.4530184,0.3177509
1103,-1.4136035,0.32957846
1104,-1.2061638,0.27188796
1105,-1.4729787,0.31725928
1106,-1.4040798,0.3462067
1107,-1.5494695,0.33860266
1108,-1.155734,0.24322094
1109,-1.4692831,0.34786433
1110,-1.730246,0.40437776
1111,-1.5041157,0.3403377
1112,-1.0422745,0.25092977
1113,-1.5338048,0.37251186
1114,-1.8110119,0.44027156
1115,-1.277999,0.2703135
1116,-1.3655161,0.3324539
1117,-1.2725924,0.25634792
1118,-1.6874893,0.3138385
1119,-1.4875273,0.3730268
1120,-1.5217965,0.29634485
1121,-1.5666826,0.3671583
1122,-1.6930473,0.34551346
1123,-0.93502676,0.21846901
1124,-0.034848925,0.2272038
1125,-1.312473,0.2782938
1126,-1.6701782,0.45552546
1127,-0.9638292,0.2161229
1128,-1.5300999,0.32813495
1129,-0.8785124,0.1837895
1130,-1.4994948,0.34151965
1131,-1.6258478,0.3236286
1132,-1.3262732,0.23072928
1133,-1.1843878,0.29840222
1134,-1.6056557,0.38085973
1135,-1.6494615,0.39955863
1136,-1.936207,0.4078299
1137,-1.019443,0.276356
1138,-1.5178056,0.36055112
1139,-1.3750801,0.33153138
1140,-1.7730114,0.4288098
1141,-1.5853742,0.36647496
1142,-1.5457951,0.26567215
1143,-1.1252887,0.28348336
1144,-1.502456,0.3261912
1145,-1.3128084,0.31095898
1146,-1.6342071,0.39767227
1147,-1.1221502,0.32290173
1148,-1.1695149,0.27030253
1149,-1.1865892,0.31258205
1150,-1.551378,0.28218904
1151,-1.0737975,0.24869195
1152,-1.7872025,0.39886135
1153,-1.3616703,0.29668936
1154,-1.2781233,0.30547556
1155,-1.5316731,0.36248732
1156,-1.5430844,0.30848747
1157,-1.4992712,0.33049282
1158,-1.2835084,0.2442927
1159,-0.73096716,0.20143342
1160,-1.0263615,0.23353302
1161,-1.9405441,0.47845882
1162,-1.2647552,0.3218553
1163,-1.2981497,0.25588894
1164,-1.437207,0.40119848
1165,-1.4446427,0.31424868
1166,0.09103209,0.91350794
1167,-1.107187,0.22332044
1168,-1.662693,0.41904372
1169,-1.1142952,0.22970247
1170,-1.6494716,0.36054903
1171,-1.8311679,0.50522226
1172,-1.121056,0.29404247
1173,-1.1855631,0.2819837
1174,-0.98396003,0.24642503
1175,-1.7397693,0.34912795
1176,1.698529,1.7082318
1177,-0.7016095,0.17901817
1178,-1.1147827,0.24181674
1179,-1.3065075,0.26456428
1180,-1.1893324,0.31385672
1181,-1.0333313,0.23056675
1182,-1.2828143,0.32747072
1183,-1.2673322,0.27165675
1184,-1.5226883,0.31988817
1185,-1.4581231,0.34011298
1186,-1.1534355,0.28036946
1187,-1.4323723,0.28377855
1188,-0.7384769,0.19671832
1189,-1.5003992,0.3872768
1190,-1.8641123,0.47363448
1191,-1.4642614,0.3080546
1192,-1.5591637,0.34744307
1193,-1.3977363,0.3501338
1194,-1.2030762,0.2257546
1195,0.46448803,1.6076392
1196,-1.8188915,0.37210512
1197,-1.4873502,0.29565322
1198,-1.1029837,0.26817212
1199,-1.4387,0.3529976
1200,-1.3690649,0.3360086
1201,-1.2218386,0.30079886
1202,-0.9428381,0.22674473
1203,-1.3434601,0.31777266
1204,-0.85090935,0.18942945
1205,-1.772714,0.44980368
1206,-0.9878523,0.217614
1207,-1.5510962,0.27353415
1208,-0.9439659,0.23485962
1209,-1.0579656,0.23259418
1210,-1.5331067,0.3897562
1211,-1.3874867,0.3334076
1212,0.09188558,0.54394037
1213,-1.0866382,0.2577785
1214,-1.4849933,0.30910832
1215,-1.6624811,0.38929644
1216,-1.23371,0.3307679
1217,-1.6352789,0.37820697
1218,-1.2512479,0.3133546
1219,-0.98121405,0.23543751
1220,-0.9726528,0.21935594
1221,-1.6439995,0.42787737
1222,-1.2938569,0.28581843
1223,-1.2233725,0.2712521
1224,-1.4434735,0.32467192
1225,-1.4403565,0.26183623
1226,-1.3802003,0.2933325
1227,-0.96200085,0.23457739
1228,-0.23533246,0.92834204
1229,-1.5289227,0.36451924
1230,-1.4388793,0.30940625
1231,-1.7529304,0.39065942
1232,-1.305885,0.28439042
1233,-1.5486742,0.36763155
1234,-1.8353081,0.4059
1235,-1.5680101,0.34873196
1236,-1.4082797,0.3090373
1237,-1.6102037,0.318112
1238,-1.2610152,0.29153827
1239,-0.81090057,0.16711965
1240,-1.3514458,0.33305612
1241,-1.793465,0.37614313
1242,-1.5589921,0.34319684
1243,-1.6165699,0.35449457
1244,-1.251491,0.29536733
1245,-1.1866682,0.25737387
1246,-1.2017877,0.31225538
1247,-0.8502844,0.20456277
1248,-1.6802078,0.37780106
1249,-1.1965449,0.25449336
1250,-1.5523247,0.35564893
1251,-1.593009,0.34577736
1252,-1.8724086,0.3930682
1253,-1.5836623,0.32980365
1254,-1.2475466,0.22749642
1255,-2.033964,0.4093874
1256,-1.8424981,0.43266124
1257,-2.0716925,0.47070232
1258,-1.516573,0.37595236
1259,-1.2082571,0.29148662
1260,-0.12804368,0.68913954
1261,-1.4706501,0.37546313
1262,-1.931353,0.4229369
1263,-1.6061652,0.33658895
1264,-1.4824244,0.35500762
1265,-1.4265302,0.29917523
1266,-1.8238316,0.40549138
1267,-1.3116472,0.2791916
1268,-1.5555727,0.43734428
1269,-1.4083201,0.3164974
1270,-1.1366603,0.25788355
1271,-1.3035944,0.2381597
1272,-1.4874456,0.32714665
1273,-1.0055205,0.2001129
1274,-1.3083146,0.31258303
1275,-1.6275994,0.31496996
1276,-1.3659647,0.2850889
1277,-0.9462639,0.21721096
1278,-1.4346428,0.38450316
1279,-1.0023086,0.20768166
1280,-1.262962,0.31399286
1281,-0.96425307,0.24247505
1282,-1.147644,0.26862517
1283,-1.6298358,0.38720122
1284,-1.6458302,0.41302088
1285,-1.3960094,0.3146986
1286,-1.6241772,0.3348649
1287,-1.2190928,0.3017679
1288,-1.0960577,0.21005076
1289,-1.181868,0.29006335
1290,-1.297473,0.355711
1291,-1.1012024,0.27675542
1292,-1.3855036,0.28734162
1293,-1.2548698,0.2696025
1294,-1.715805,0.3861755
1295,-1.7006531,0.39470512
1296,-1.346817,0.30557695
1297,-1.6500237,0.2957043
1298,-1.7354457,0.36036998
1299,-1.5544786,0.3930906
1300,-1.5083549,0.32968232
1301,-1.1137934,0.2677647
1302,-1.3018767,0.26987877
1303,-1.5065897,0.29327518
1304,-1.2405698,0.31058088
1305,-1.5923506,0.36933708
1306,-1.5093619,0.29140228
1307,-2.0517738,0.4650783
1308,-1.4336923,0.31903017
1309,-1.4479252,0.4024598
1310,-1.1801859,0.27957544
1311,-1.389197,0.35984352
1312,-1.2381468,0.25047988
1313,-1.3587548,0.32269624
1314,-1.5389273,0.37378004
1315,-1.4248531,0.32943782
1316,-1.4621748,0.29082477
1317,-1.7298148,0.45143571
1318,-1.2435135,0.25376272
1319,-1.1580751,0.28856042
1320,-0.9897377,0.26558274
1321,-1.2441872,0.27646104
1322,-1.1539059,0.27538648
1323,-1.0596362,0.21927387
1324,-0.9626088,0.22292711
1325,-1.243124,0.23791502
1326,-1.7796781,0.44473055
1327,-1.2894226,0.25385597
1328,-1.6386006,0.39076135
1329,-2.1969697,0.5033697
1330,-1.2714826,0.3376231
1331,-1.2236177,0.25949955
1332,-0.9812029,0.21134657
1333,-2.0054843,0.47027794
1334,-2.071232,0.41416344
1335,-1.0746632,0.23176679
1336,-1.1309462,0.23561539
1337,-1.542867,0.25789464
1338,-2.1061823,0.43097106
1339,-1.6654724,0.3698323
1340,-1.2137164,0.289368
1341,-1.2184918,0.22994748
1342,-1.3332155,0.31526434
1343,-1.7167927,0.4118861
1344,-1.0706488,0.26805365
1345,-1.2265427,0.269925
1346,-1.4305881,0.32841122
1347,-1.1782262,0.26378724
1348,-1.3358425,0.27014506
1349,-1.4121068,0.36398834
1350,-0.6590992,0.13744023
1351,-0.9772687,0.23223256
1352,-1.3094474,0.32206413
1353,-1.2684587,0.23584004
1354,-1.7383039,0.3831548
1355,-1.6681588,0.35017493
1356,-1.4147967,0.29514688
1357,0.31643814,0.4594546
1358,0.5791117,1.6523327
1359,-1.7108376,0.43271884
1360,-1.586346,0.36681136
1361,-1.0486332,0.27626282
1362,-1.2539715,0.3326576
1363,-1.6047153,0.3677686
1364,-1.8387626,0.39740694
1365,-1.6399549,0.36570898
1366,-1.4733195,0.28556752
1367,-1.5457592,0.35767767
1368,-1.390795,0.35992625
1369,-1.1636486,0.29521272
1370,-1.5529056,0.31057277
1371,-1.7083619,0.36121604
1372,-1.4865136,0.3776149
1373,-1.5141058,0.37893426
1374,-1.3662169,0.35431892
1375,-1.6320698,0.37104326
1376,-1.65122,0.36319917
1377,-1.4564587,0.36172354
1378,-1.5617931,0.37744775
1379,-1.5434908,0.35104033
1380,-1.5247905,0.3258701
1381,-1.2083757,0.27212936
1382,-1.6271741,0.35078818
1383,-1.3859371,0.3327492
1384,-1.3440135,0.29363215
1385,-0.02104109,0.5862727
1386,-1.571171,0.34991255
1387,-1.6068106,0.33756855
1388,-1.0852726,0.24980116
1389,-1.5184965,0.30601013
1390,-1.666309,0.41739142
1391,-1.1366022,0.23679988
1392,-0.5303235,0.116318375
1393,-1.2674081,0.27482015
1394,-1.2544463,0.25668642
1395,-1.6618134,0.4001673
1396,-1.0570835,0.23309775
1397,-1.3681016,0.32328224
1398,-1.7150685,0.4182186
1399,-1.5890743,0.36772177
1400,-1.7200327,0.4616908
1401,-1.5346823,0.31569687
1402,-1.3775995,0.28272253
1403,-1.4933536,0.3399998
1404,-1.6239109,0.33443803
1405,-1.7091761,0.40106702
1406,-1.0076761,0.33379006
1407,-2.1429932,0.45360103
1408,-1.1674646,0.2474292
1409,-1.2482994,0.25190473
1410,-1.6705458,0.4352568
1411,-1.362688,0.3156311
1412,-1.4606457,0.29010123
1413,-1.0690303,0.26212695
1414,-1.3769314,0.3050174
1415,-1.0797806,0.2569661
1416,-1.8870109,0.35868177
1417,-1.3811128,0.3409037
1418,-1.4166796,0.31885436
1419,-1.6704696,0.3884495
1420,-1.1589094,0.2248857
1421,-1.1377609,0.21964346
1422,-1.5082448,0.31926227
1423,-1.7858543,0.41037875
1424,-1.5357897,0.36896423
1425,-1.6155367,0.2903825
1426,-1.1860329,0.27150652
1427,-1.6744934,0.35330063
1428,-1.8476921,0.32612035
1429,-1.0322813,0.27659246
1430,-1.156142,0.23280466
1431,-1.0090053,0.21102189
1432,-0.9855715,0.24310839
1433,-1.0989778,0.24368258
1434,0.13422194,0.96054107
1435,-1.3476665,0.29510966
1436,-1.6773018,0.42959908
1437,-1.8552071,0.48606476
1438,-1.8181486,0.35734615
1439,-1.1837629,0.21412416
1440,-1.0875666,0.24176498
1441,-0.85679084,0.18287553
1442,-1.4172156,0.31537265
1443,-1.3067462,0.2381469
1444,-2.3733187,0.56137353
1445,-1.3207585,0.25704312
1446,-0.97277987,0.25019065
1447,-0.8831991,0.23489289
1448,-1.6789303,0.3329897
1449,-1.6913875,0.48194596
1450,-1.9317219,0.4583169
1451,-1.308405,0.29720744
1452,-1.5784543,0.35556728
1453,-1.2630346,0.28712523
1454,-1.1128457,0.26018655
1455,-0.8457526,0.20162348
1456,-1.5383294,0.36380216
1457,-1.140096,0.27309048
1458,-0.9678112,0.23333324
1459,-1.375582,0.302345
1460,-1.651255,0.36426833
1461,-1.1767834,0.29925504
1462,-1.4550403,0.3549147
1463,-1.6894627,0.37700105
1464,-1.327405,0.3253839
1465,-1.3411535,0.31706446
1466,-1.5788097,0.35299876
1467,-0.9379656,0.20533282
1468,-2.0039907,0.45675224
1469,-0.94944,0.19744393
1470,-1.1580379,0.24938652
1471,-1.51231,0.39714614
1472,-1.8411491,0.36968812
1473,-0.51471764,1.2033056
1474,-1.4514897,0.34733716
1475,-1.6965845,0.40258893
1476,-1.3775537,0.28234076
1477,-1.4467195,0.3721487
1478,-1.2654197,0.2654778
1479,-1.4199277,0.36295414
1480,-1.0075643,0.21644205
1481,-1.5339224,0.3266636
1482,-0.92852527,0.23106109
1483,-1.956242,0.5288532
1484,-1.3295517,0.3269834
1485,-1.5792763,0.29327297
1486,-1.5245702,0.37660673
1487,0.021453198,0.31263065
1488,-1.318651,0.2981146
1489,-1.3351104,0.3005134
1490,-1.0035976,0.24227801
1491,-1.7638626,0.37987998
1492,-1.2736866,0.3370881
1493,-1.2500077,0.278359
1494,-1.2139953,0.2932347
1495,-1.1637788,0.25517598
1496,-1.5335476,0.39364687
1497,-1.3717848,0.39637142
1498,-1.1202302,0.29748276
1499,-0.11084525,0.79112273
1500,-1.0926194,0.30499005
1501,-1.4275202,0.31065726
1502,-1.5896007,0.32459703
1503,-1.3736241,0.28926396
1504,-1.2175508,0.26446107
1505,0.00067916175,0.81037027
1506,-1.7950459,0.43564105
1507,-1.4036176,0.27120316
1508,-1.2473091,0.30358028
1509,-0.35878795,0.858328
1510,-1.938781,0.4300084
1511,-0.98554343,0.25655186
1512,-1.0618219,0.22562139
1513,-1.756081,0.42218465
1514,-1.2979251,0.30485618
1515,-1.4880656,0.3512959
1516,-1.449357,0.33561796
1517,-1.344897,0.30036336
1518,-1.5708182,0.32300058
1519,-1.8165499,0.4043981
1520,-1.135518,0.22528414
1521,-1.5416276,0.2767508
1522,-1.5971202,0.37679008
1523,-1.0970814,0.2530697
1524,-1.4103365,0.36117414
1525,-1.773283,0.42355394
1526,-1.6807724,0.39306563
1527,-1.0209961,0.23150012
1528,-1.6968952,0.44409585
1529,-1.174403,0.22074641
1530,-0.9303009,0.22256684
1531,-0.7205132,0.18436734
1532,-1.5332524,0.3157371
1533,-1.3356025,0.2985229
1534,-1.5301074,0.37596625
1535,-1.5499688,0.35026535
1536,-2.0506873,0.3924876
1537,-1.2649753,0.31286392
1538,-1.3567204,0.29464653
1539,-1.3566109,0.3588356
1540,-1.191333,0.28398097
1541,-0.84409523,0.20959264
1542,-1.6874663,0.42667815
1543,-2.0296369,0.45618758
1544,-1.0762879,0.2681833
1545,-2.0013647,0.3859286
1546,-1.2572418,0.31518492
1547,-1.2080144,0.24857676
1548,-1.6588806,0.37975034
1549,-2.0883973,0.43228647
1550,-1.3547776,0.34138495
1551,-1.4492403,0.35426652
1552,-1.8769672,0.41272408
1553,-1.3773451,0.35866293
1554,-1.1008422,0.23266277
1555,-1.353403,0.31405145
1556,-1.2185384,0.30983776
1557,-1.2998511,0.2714294
1558,-1.3605423,0.31640372
1559,-1.5221217,0.3735335
1560,-1.5352294,0.37371808
1561,-1.1836703,0.29330435
1562,-1.0659804,0.21332496
1563,-1.4010231,0.31148517
1564,-1.1765745,0.27136353
1565,-1.5240839,0.38141063
1566,-1.5515459,0.2753276
1567,0.04112029,0.19674163
1568,-1.5839444,0.32040137
1569,-1.3269202,0.2905552
1570,-1.3312783,0.2553242
1571,-1.1387323,0.22805806
1572,-0.99461144,0.23318228
1573,-1.3676314,0.3465852
1574,-1.3736527,0.26791778
1575,-1.3368056,0.30092314
1576,-1.3161377,0.3330635
1577,-1.6581814,0.33922592
1578,-1.1698208,0.26962486
1579,-1.5044333,0.31561884
1580,-1.0190495,0.22985826
1581,-1.4462836,0.42751378
1582,-1.4798806,0.29231316
1583,-1.2109041,0.23729123
1584,-1.5177935,0.35088918
1585,-1.0540438,0.24432987
1586,-1.0326687,0.25415
1587,-1.6873438,0.40343705
1588,-1.4741606,0.2958278
1589,-1.4174492,0.3278487
1590,-1.0917485,0.26272377
1591,-1.4438434,0.30827668
1592,-1.6669319,0.33448747
1593,-1.2863772,0.3031052
1594,-0.98089486,0.24939243
1595,-1.408292,0.36964157
1596,-1.3211577,0.25277513
1597,-0.7935232,0.2276454
1598,-1.3151569,0.2970514
1599,-1.8397506,0.47030798
1600,-1.5528138,0.38579693
1601,-1.223861,0.25597388
1602,-1.1773547,0.25191388
1603,-1.7421439,0.45259926
1604,-1.4638704,0.32611364
1605,-0.8930672,0.22112302
1606,-1.2918527,0.31922027
1607,0.04714824,0.2748121
1608,-1.4963424,0.31126663
1609,-1.5493472,0.32804224
1610,-1.5643821,0.309793
1611,-2.016465,0.37726855
1612,-1.3114645,0.30776912
1613,-1.176239,0.2669484
1614,-1.1761287,0.2335984
1615,-1.6913942,0.34586743
1616,-1.7293842,0.36544484
1617,-1.2630221,0.28293324
1618,-1.6878439,0.41473547
1619,-1.5311389,0.31243226
1620,-1.7525055,0.40908313
1621,-1.7956421,0.37959567
1622,-0.8930954,0.20831032
1623,-1.0018499,0.2507009
1624,-1.4088504,0.3377171
1625,-1.3793131,0.31454983
1626,-1.4331309,0.38318107
1627,-1.6728342,0.36061043
1628,-1.1075705,0.2550581
1629,-1.3703923,0.30685663
1630,-1.1263297,0.26858148
1631,-1.5116891,0.3029543
1632,-1.3765988,0.31800774
1633,-1.0447134,0.23116781
1634,-1.5889822,0.36060756
1635,-1.2078782,0.31167266
1636,-1.3926332,0.2819557
1637,-1.1366799,0.23577185
1638,-1.685152,0.36579528
1639,-1.4815563,0.37340957
1640,-1.1604223,0.27644616
1641,-1.2423245,0.3678445
1642,-1.3245548,0.3145714
1643,-1.8544899,0.36249998
1644,-1.1234715,0.23723283
1645,-1.2490394,0.31520718
1646,-1.4324837,0.30803624
1647,-1.3024092,0.2812223
1648,-1.1049467,0.23027293
1649,-1.2414585,0.30850092
1650,-1.4016007,0.31838906
1651,-0.005969134,0.7935331
1652,-1.6158854,0.34129193
1653,-1.0444374,0.23315343
1654,-1.3766592,0.30028924
1655,-1.6158268,0.37905192
1656,-1.9239929,0.41357115
1657,-1.0987861,0.29612625
1658,-1.465133,0.35121047
1659,-1.2846174,0.32893962
1660,-1.3221384,0.33197168
1661,-1.6346267,0.3403202
1662,-1.636026,0.34516433
1663,-1.5800054,0.36944705
1664,-1.4243488,0.4044451
1665,-1.1052448,0.26545838
1666,-1.0294421,0.2689102
1667,-0.767076,0.18837984
1668,-1.3952745,0.32456967
1669,-1.5811689,0.37835145
1670,-1.1571566,0.31672457
1671,-0.02651837,0.37136447
1672,-1.7271458,0.3833874
1673,-1.4850419,0.32984668
1674,-1.163069,0.27327886
1675,-1.2379968,0.3329134
1676,-1.7259419,0.3808007
1677,-1.6487532,0.39352098
1678,-1.4938772,0.36194134
1679,-1.3279502,0.26522008
1680,-1.5059471,0.33183753
1681,-1.1783423,0.4289725
1682,-1.2962259,0.28909203
1683,-1.3540517,0.32034284
1684,-1.3417213,0.3052339
1685,-1.5398421,0.3695097
1686,-1.286011,0.28334615
1687,-0.82755184,0.20510902
1688,-1.5982301,0.29956618
1689,-1.807607,0.38884866
1690,-0.92830956,1.2763898
1691,-1.7325706,0.42943424
1692,-0.8520172,0.19298576
1693,-1.0263668,0.37571993
1694,-1.339783,0.3297105
1695,-1.1225803,0.2273487
1696,-1.7087793,0.40701365
1697,-1.7746818,0.38063952
1698,-1.4690692,0.32231107
1699,0.24554396,0.91151947
1700,-1.4087403,0.30706298
1701,-1.3071632,0.28201813
1702,-1.4028629,0.29035628
1703,0.00052570226,0.5407638
1704,-1.1525272,0.29988205
1705,-1.4562615,0.38589153
1706,-1.2583902,0.29478326
1707,-1.5544908,0.31217703
1708,-1.1690147,0.2594658
1709,-1.1950967,0.2915345
1710,-1.5169605,0.3440784
1711,-1.566474,0.37681335
1712,-1.3882973,0.32219863
1713,-1.3863225,0.35415813
1714,-1.0395275,0.23124997
1715,-1.6528698,0.3956586
1716,-1.3606565,0.26951402
1717,-1.3028924,0.32396266
1718,-1.2576813,0.2312645
1719,-1.2058117,0.24967442
1720,-1.1021665,0.22558935
1721,-1.4060962,0.3272359
1722,-1.4441378,0.2994216
1723,-1.0088123,0.23290694
1724,-1.2691063,0.2636694
1725,-1.5607853,0.33186585
1726,-1.5753969,0.4577239
1727,-1.5086898,0.38481054
1728,-1.1356825,0.32249135
1729,-1.6491985,0.41809967
1730,-1.7529802,0.3548295
1731,-1.220035,0.26673296
1732,-1.1173899,0.22378473
1733,-1.0656803,0.25718814
1734,-1.7185771,0.3635991
1735,-1.1974792,0.25446293
1736,-1.1891043,0.30315998
1737,-1.0536406,0.27436206
1738,-1.2923149,0.28796092
1739,-1.4408114,0.3281872
1740,-1.3521366,0.34467188
1741,-1.3520856,0.36376557
1742,-1.3719909,0.2716903
1743,-1.2675518,0.27215216
1744,-1.3775717,0.30027846
1745,-1.1340859,0.2346825
1746,-1.5936844,0.31060195
1747,-0.94396514,0.20388849
1748,-1.2582182,0.29348558
1749,-1.3483824,0.26983312
1750,-1.6264751,0.35860386
1751,-1.6127722,0.39105812
1752,-1.3892105,0.27611774
1753,-0.49416274,1.3780612
1754,-1.5050673,0.39828688
1755,-0.8668165,0.21620111
1756,-1.5544722,0.3507093
1757,-1.0138104,0.21279459
1758,-0.8220478,0.15700835
1759,-1.4879663,0.32667053
1760,-0.8354233,0.17389072
1761,-1.1126082,0.23619929
1762,-0.90930414,0.23669071
1763,-1.4186165,0.27915946
1764,-0.9548664,0.19070823
1765,-1.2137582,0.31917337
1766,-1.1544545,0.29274738
1767,-1.2598581,0.256475
1768,-0.99154234,0.2401469
1769,-1.8484586,0.355208
1770,-1.2831869,0.26825038
1771,-1.3702881,0.2752431
1772,-1.7128929,0.339813
1773,-1.5094248,0.30564374
1774,-1.4470766,0.28565162
1775,-1.2458254,0.3036766
1776,-1.1716553,0.27377453
1777,-1.4618012,0.30252492
1778,-1.6585404,0.38097236
1779,-1.7107065,0.38269973
1780,-1.5517181,0.3560336
1781,-1.2978086,0.28040108
1782,-1.1010997,0.29278123
1783,-1.2814326,0.28625262
1784,-1.1225394,0.27520564
1785,-1.6567513,0.3164274
1786,-1.5282118,0.29085436
1787,-0.9147299,0.19166316
1788,-1.5958372,0.33927616
1789,-1.7769247,0.35678852
1790,-1.3827202,0.28095087
1791,-1.5138159,0.29405537
1792,-1.5910499,0.36572635
1793,-1.5804853,0.3327347
1794,-1.112786,0.25912943
1795,-1.5947707,0.36052814
1796,-1.4692475,0.30708665
1797,-1.0911474,0.2933679
1798,-1.1477803,0.25978115
1799,-1.3840691,0.29772192
1800,-1.0734447,0.2814028
1801,-1.2265371,0.30177677
1802,-1.2250612,0.2830951
1803,-1.1332116,0.2618568
1804,-1.5031078,0.3171678
1805,-1.3040948,0.33815673
1806,-1.5309495,0.3877271
1807,-1.2559925,0.31042168
1808,-1.2190266,0.30537534
1809,-1.2790792,0.29196143
1810,-1.279383,0.33460948
1811,-1.5840632,0.4068699
1812,-1.4685959,0.33513093
1813,-0.68834585,0.15252288
1814,-1.8397853,0.37683436
1815,-1.1163552,0.29616192
1816,-1.3056978,0.29740506
1817,-1.3409044,0.2611139
1818,-1.4316127,0.36005384
1819,-1.4320743,0.33598328
1820,-1.4653317,0.33666378
1821,-1.544534,0.36982548
1822,-1.5167365,0.29970407
1823,-1.8858769,0.4409609
1824,-1.4093145,0.27736023
1825,-1.1540741,0.27703166
1826,-1.8187752,0.35700032
1827,-1.3824823,0.33381578
1828,-1.4765955,0.36547333
1829,-1.1595349,0.228812
1830,-1.6777512,0.3591119
1831,-1.4411635,0.29486737
1832,-1.1477159,0.21926507
1833,-1.5036106,0.34140047
1834,-1.2476226,0.27909908
1835,-1.4181805,0.36130735
1836,-1.6416718,0.37323037
1837,-1.6475346,0.35211468
1838,-1.343228,0.32449135
1839,-1.3345175,0.27684197
1840,-1.1364247,0.26789236
1841,-1.4308771,0.36234808
1842,-1.8223311,0.44330052
1843,-0.9296318,0.23006995
1844,-1.2560195,0.2537794
1845,-1.5018325,0.33211774
1846,-1.0604699,0.24290952
1847,-1.3224164,0.32964087
1848,-1.7476101,0.37387246
1849,-1.5665436,0.33126917
1850,-1.2649736,0.27870148
1851,-1.4378105,0.34124348
1852,-1.8446163,0.42972076
1853,-1.2317274,0.27056608
1854,-1.5951946,0.35919467
1855,-1.0197747,0.21276744
1856,-1.4604204,0.33654192
1857,-1.6068729,0.3477167
1858,-1.62994,0.32675776
1859,-1.2966816,0.27401567
1860,-0.0004732769,0.5440992
1861,-1.3167017,0.32622498
1862,-0.8296381,0.18237157
1863,-1.4369428,0.31167668
1864,-1.0342357,0.22806098
1865,-1.3432198,0.33326486
1866,-1.5053369,0.29681295
1867,-1.4614251,0.31243345
1868,-1.3279349,0.27230588
1869,-1.88834,0.4582137
1870,-1.1971066,0.26761574
1871,-1.3143739,0.31257096
1872,-0.9592012,0.2367826
1873,-1.3376536,0.3382326
1874,-1.7071422,0.36166307
1875,-1.1572527,0.2696829
1876,-1.8316746,0.38392234
1877,-1.7336639,0.34449053
1878,-0.010847906,0.23617223
1879,-1.1244131,0.25982216
1880,-1.4776338,0.28062493
1881,-1.6616875,0.38798356
1882,-1.6407499,0.3667155
1883,-1.2304465,0.24663812
1884,-1.1645778,0.28075454
1885,-1.289489,0.3156935
1886,-1.3754683,0.2989233
1887,-1.8334259,0.4331384
1888,-1.6316026,0.37622178
1889,-1.2812245,0.25118688
1890,-1.186779,0.26562592
1891,-1.6581261,0.36647183
1892,-1.2693487,0.25698507
1893,-0.40389824,0.9261977
1894,-0.84046173,0.17238799
1895,-1.3750892,0.28916124
1896,-1.60376,0.37093717
1897,-1.6971407,0.32595724
1898,-1.6586354,0.37961808
1899,-1.6914771,0.36215073
1900,-1.0928475,0.27096984
1901,-1.6712453,0.3578139
1902,-1.4565694,0.2992899
1903,-1.4076588,0.2778933
1904,-1.3159487,0.26254302
1905,-1.8733393,0.38381648
1906,-1.4575803,0.3087722
1907,-1.4890324,0.3847299
1908,-1.483588,0.33792612
1909,-1.4894922,0.35523722
1910,-1.1848842,0.23828502
1911,-1.5088457,0.32216272
1912,-1.2867029,0.35608053
1913,-1.3424246,0.2932518
1914,-1.8731358,0.40925792
1915,-1.3238804,0.25782588
1916,-1.248902,0.24151257
1917,-1.6315632,0.3037568
1918,-1.5439547,0.30237845
1919,-1.2845774,0.2529945
1920,-1.7298317,0.34402266
1921,-1.6425762,0.32614684
1922,-1.6448333,0.37850457
1923,-1.6003237,0.3784226
1924,-1.4041542,0.313459
1925,-1.6138008,0.33776277
1926,-1.3675196,0.28823924
1927,-1.3774153,0.30102956
1928,-1.7076561,0.44394365
1929,-1.4565508,0.28851318
1930,-1.270148,0.23908286
1931,0.03405323,0.2353366
1932,-1.382335,0.32758746
1933,-1.437857,0.3160017
1934,-1.7763071,0.38851538
1935,-1.6152366,0.3466674
1936,-1.618852,0.4106893
1937,-1.8074818,0.30211964
1938,-1.3173332,0.28467888
1939,-1.4801106,0.31373292
1940,-0.8332197,0.17942517
1941,-1.7426932,0.3995462
1942,-1.42724,0.33660182
1943,-1.801128,0.33495778
1944,-0.8881809,0.20664522
1945,-1.4149253,0.2982448
1946,-1.3315496,0.32487506
1947,-1.7784494,0.33495325
1948,-1.3854342,0.2717204
1949,-1.5678504,0.3569182
1950,-1.5016115,0.3231038
1951,-1.451364,0.31617996
1952,-1.2483629,0.3180107
1953,-1.3654344,0.38176265
1954,-1.1727765,0.2853096
1955,-1.5606879,0.30195433
1956,-1.3809667,0.34424517
1957,-1.4148388,0.3334
1958,-1.1884844,0.24990459
1959,-1.8502423,0.3885785
1960,-1.25145,0.3097096
1961,-1.27122,0.29986417
1962,-1.2220232,0.254194
1963,-1.7417252,0.36643645
1964,-1.501611,0.32455346
1965,-1.5424683,0.3325499
1966,-1.0506368,0.2481097
1967,-1.2027954,0.29870155
1968,-1.4082431,0.34385917
1969,-1.3687894,0.31432867
1970,-1.377568,0.2744443
1971,-1.3389348,0.2723838
1972,-1.884798,0.3833544
1973,-1.2889838,0.26950607
1974,-1.0625342,0.25264847
1975,-1.6922734,0.4341466
1976,-1.4026153,0.30375695
1977,-1.6509314,0.36420795
1978,-1.2830036,0.2758381
1979,-1.2032629,0.2825561
1980,-1.407522,0.30990085
1981,-1.1848183,0.2405919
1982,-1.4859737,0.42403933
1983,-1.3093541,0.2703439
1984,-1.3723955,0.25985438
1985,-1.3884598,0.29954043
1986,-1.0053666,0.265446
1987,-1.1761264,0.26725924
1988,-0.6396495,0.16222242
1989,-1.2791767,0.3172104
1990,-1.1410083,0.27547744
1991,-1.6031631,0.36498302
1992,-1.4853404,0.3691374
1993,-1.6676004,0.4515895
1994,-1.3046051,0.24872063
1995,-1.46763,0.2930337
1996,-1.5742573,0.3873608
1997,-1.8476906,0.43867263
1998,-1.5254643,0.30332154
1999,-1.3287227,0.28401926
2000,-1.2874854,0.29717305
2001,-1.6058953,0.332465
2002,-0.98171866,0.1927424
2003,-1.7008854,0.44585198
2004,-1.3457539,0.2555148
2005,-1.4732678,0.3131077
2006,-1.4452202,0.36238495
2007,-1.7562634,0.4002531
2008,-1.1748948,0.27826068
2009,-1.545736,0.32778853
2010,-0.9787394,0.253016
2011,-0.05708,1.1053504
2012,-1.1130311,0.26342598
2013,-1.3169488,0.3211622
2014,-1.2054536,0.2943797
2015,-1.7938588,0.43173295
2016,-1.2205168,0.3317394
2017,-1.7338905,0.37566406
2018,-1.4568827,0.37023166
2019,-0.996455,0.28039312
2020,-0.7200138,0.20082524
2021,-1.5091441,0.32149342
2022,-1.6749607,0.4173553
2023,-1.588661,0.3467263
2024,-1.515129,0.30763826
2025,-1.6487538,0.31792542
2026,-1.413367,0.2696584
2027,-1.3468902,0.30290356
2028,-1.6032705,0.34574944
2029,-1.5784401,0.3144204
2030,-0.9793188,0.26074886
2031,-1.1928917,0.2458026
2032,-1.9789698,0.46517155
2033,-1.7666929,0.3971401
2034,-1.2932843,0.36325702
2035,-1.9908768,0.45579395
2036,-1.0894474,0.2722864
2037,-1.3061781,0.30928653
2038,-1.5458887,0.32080963
2039,-1.3680942,0.36500302
2040,-1.6223176,0.42456365
2041,-1.1679499,0.25276408
2042,-1.2771642,0.30837187
2043,-1.9068187,0.40854916
2044,-1.0314038,0.22637863
2045,-1.3784187,0.25641957
2046,-1.0065315,0.22311144
2047,-1.3218038,0.2917845
2048,-1.2773464,0.31489062
2049,-1.869817,0.40362775
2050,-1.5087067,0.37379333
2051,-1.3409171,0.28879142
2052,-0.9543673,0.30956453
2053,-1.8201883,0.39689037
2054,-1.7098461,0.36518562
2055,-1.4681833,0.29723153
2056,-1.479364,0.40192863
2057,-1.0000114,0.25050366
2058,-1.8098724,0.39616475
2059,-1.0301241,0.24276966
2060,-1.4579294,0.3739804
2061,-1.2892933,0.2909909
2062,-1.3592172,0.26927686
2063,-1.3418351,0.27067533
2064,-1.6563371,0.40026397
2065,-1.1221901,0.2816058
2066,-0.25175315,0.88443863
2067,-1.6374182,0.44339576
2068,-1.3506104,0.23365465
2069,-1.0389011,0.25172618
2070,-1.2408358,0.2957634
2071,-1.6671073,0.3910462
2072,-0.9573065,0.25920883
2073,-1.4651754,0.30915874
2074,-1.6710408,0.3867528
2075,-1.7667558,0.38441452
2076,-1.4930807,0.31241214
2077,-1.3603189,0.29647928
2078,-1.2146908,0.24145685
2079,-1.0509489,0.2807483
2080,-1.532712,0.30943024
2081,-1.3669567,0.2871253
2082,-1.4605716,0.29814884
2083,-1.3778791,0.26956207
2084,-1.2320807,0.28346375
2085,-1.6275406,0.36784714
2086,-1.2980249,0.2757244
2087,-1.0172567,0.20066094
2088,-1.1833718,0.28606388
2089,-0.97946966,0.2418458
2090,-1.6361424,0.3325178
2091,-1.5416675,0.35981205
2092,-0.7976497,0.19516931
2093,-1.8165668,0.4456144
2094,-1.107324,0.29108906
2095,-1.4556332,0.33316773
2096,-1.2003696,0.26095775
2097,-1.1005465,0.23672858
2098,-1.7056261,0.30729398
2099,-1.4892523,0.3578005
2100,0.12140645,0.288532
2101,-1.5179075,0.4094516
2102,-1.1330137,0.27774343
2103,-1.9721491,0.43471843
2104,-1.7298104,0.39396915
2105,-1.6576729,0.40712556
2106,-1.2338922,0.28157234
2107,-1.5030941,0.30384976
2108,-0.9871427,0.20922056
2109,-1.2498715,0.27894208
2110,-1.3441211,0.28204018
2111,-1.3457881,0.29531687
2112,-0.7295435,0.1796797
2113,-1.1950967,0.30625924
2114,-1.694459,0.33117855
2115,-1.4055564,0.32127175
2116,-1.5225132,0.31883553
2117,-1.3893282,0.3282005
2118,-1.2444769,0.29770085
2119,-1.3176686,0.31101066
2120,-1.4939792,0.32859796
2121,-1.6437283,0.29278415
2122,-1.7123531,0.39468098
2123,-1.6113949,0.3177878
2124,-1.4180189,0.33452374
2125,-1.3646431,0.36225465
2126,-1.4819943,0.31926838
2127,-1.5172731,0.3366199
2128,-1.585617,0.35469985
2129,-1.2557002,0.31795543
2130,-1.2982668,0.29773462
2131,-1.901426,0.39324525
2132,-1.3137128,0.27393147
2133,-1.3874264,0.3036219
2134,0.059301108,0.2748176
2135,-1.2128413,0.3200315
2136,-1.3050386,0.33851632
2137,-1.4990513,0.3199039
2138,-1.4678808,0.35878435
2139,-1.365165,0.33656698
2140,-1.5612904,0.40668473
2141,-1.2673845,0.28233397
2142,-1.2114518,0.27417046
2143,0.043710597,0.5887402
2144,-1.7320101,0.36776888
2145,-1.9314419,0.40106657
2146,-1.5701303,0.33592647
2147,-1.1663994,0.2895718
2148,-1.4975708,0.33097732
2149,-1.0579939,0.2473577
2150,-1.2388666,0.2530601
2151,-1.1246449,0.31851155
2152,-0.29318705,0.4202144
2153,-1.3211366,0.26279905
2154,-0.9697267,0.22088337
2155,-1.5980377,0.31418177
2156,-1.4997379,0.29611838
2157,-1.6848961,0.31183183
2158,-1.0122402,0.21917315
2159,-1.084067,0.25599942
2160,-1.4599776,0.34877166
2161,-1.2080669,0.24543196
2162,-0.9281532,0.23177408
2163,-1.0709932,0.25715077
2164,-1.6834186,0.40132457
2165,-1.6441797,0.37678576
2166,-1.5165828,0.3909204
2167,-1.4051721,0.31537977
2168,-1.1610515,0.26411378
2169,-1.6969693,0.35865408
2170,-1.2219706,0.25465697
2171,-1.2424711,0.2959037
2172,-1.2219954,0.31122574
2173,-1.2595147,0.26666388
2174,-1.529607,0.28621823
2175,-1.5995942,0.3851184
2176,-1.1202008,0.21517643
2177,-1.4487038,0.29435518
2178,-1.3012329,0.29609334
2179,-1.1135294,0.23943174
2180,-1.136166,0.2312002
2181,-1.2768399,0.29451627
2182,-1.2538059,0.31544313
2183,-1.4712751,0.32531488
2184,-1.162266,0.2954245
2185,-1.2590479,0.30478737
2186,-0.0321947,0.5662022
2187,-1.4774435,0.35992378
2188,-1.5898217,0.34300235
2189,-0.8114234,0.25716287
2190,-1.5198104,0.39265582
2191,-0.9232044,0.1678046
2192,-1.3453587,0.30686522
2193,-1.0266839,0.22316265
2194,-1.6936734,0.39596233
2195,-1.3805268,0.34289947
2196,-1.4933239,0.30558676
2197,-1.5689437,0.27260345
2198,-1.5985237,0.35307187
2199,-1.5177473,0.3740046
2200,-1.1488974,0.2879357
2201,-1.3636849,0.327892
2202,-1.685598,0.31649083
2203,-1.4010744,0.33254105
2204,-1.2364479,0.32750157
2205,-1.6339414,0.37368873
2206,-2.0000262,0.40508726
2207,-1.4155395,0.31810823
2208,-1.5239527,0.29052427
2209,-1.6259792,0.4003417
2210,-1.2430885,0.29778498
2211,-1.5614483,0.33552316
2212,-1.7505207,0.46085876
2213,-1.7853324,0.4170461
2214,-1.2850378,0.25738782
2215,-1.660806,0.30403733
2216,-1.542362,0.35570058
2217,-1.323399,0.35407913
2218,-1.5717716,0.31624785
2219,-1.5697328,0.3562686
2220,-0.8893714,0.20005275
2221,-1.512335,0.3906059
2222,-1.284657,0.2711719
2223,-1.2940384,0.33302245
2224,-1.4199982,0.30672994
2225,-1.6281719,0.32120916
2226,-1.0475296,0.23055677
2227,-1.2272269,0.26480794
2228,-1.3386229,0.30408245
2229,-1.2576889,0.2689372
2230,-1.7345066,0.3936679
2231,-1.3792051,0.2849349
2232,-1.3871065,0.36869434
2233,-1.1532466,0.27844936
2234,-1.2084719,0.2959275
2235,-1.5072273,0.3297573
2236,-0.9833358,0.280187
2237,-1.3861697,0.2769481
2238,-1.289573,0.3171657
2239,-1.3714396,0.26283884
2240,-1.0597799,0.2794761
2241,-1.8296772,0.4414925
2242,-1.4166151,0.30802858
2243,-1.6268021,0.34837666
2244,-1.110143,0.21610285
2245,-1.1912292,0.29378647
2246,-1.6253369,0.347401
2247,-1.4359266,0.29245088
2248,-1.1151192,0.22451591
2249,-1.5790545,0.342131
2250,-1.4324253,0.32519382
2251,-1.0811685,0.3072665
2252,-1.8225129,0.36961636
2253,-1.4632499,0.2605398
2254,-1.9182978,0.48528957
2255,-1.1709801,0.23398362
2256,-1.3084427,0.25043002
2257,-0.05951009,0.23604482
2258,-1.1691117,0.265817
2259,-1.2673075,0.27863413
2260,-1.6703612,0.32087198
2261,-1.3184495,0.29363406
2262,-1.5988786,0.35487035
2263,-1.3778129,0.27332485
2264,-1.4627666,0.3321789
2265,-1.0812294,0.25253212
2266,-1.03901,0.27137157
2267,-1.6103293,0.35490203
2268,-1.824153,0.36817226
2269,-1.326969,0.31550345
2270,-1.7661072,0.32304206
2271,-1.2069985,0.22791108
2272,-1.559507,0.3343658
2273,-1.2587559,0.31395414
2274,-1.296444,0.2798134
2275,-1.6475594,0.35111198
2276,-1.5721004,0.3196145
2277,-1.4280643,0.32088235
2278,-0.99901944,0.2459169
2279,-0.9509881,0.24741317
2280,-0.8213441,0.20558283
2281,-1.2279732,0.32925606
2282,-1.4184544,0.37117952
2283,-1.8220886,0.45688486
2284,-1.3463484,0.30865452
2285,-1.2441866,0.27799952
2286,-1.449638,0.31669256
2287,-1.4705617,0.29507875
2288,-1.4238106,0.3467978
2289,-1.297671,0.29419905
2290,-1.1110975,0.2432082
2291,-0.9455179,0.20835876
2292,-1.8304924,0.39453137
2293,-1.3805177,0.27646783
2294,-1.2076025,0.2154756
2295,-1.6855738,0.43128887
2296,-1.4416271,0.3107658
2297,-1.7004929,0.39592138
2298,-1.6080128,0.34137318
2299,-1.7672436,0.37126377
2300,-1.2057203,0.2604869
2301,-1.5289971,0.33558005
2302,-1.1878417,0.2915627
2303,-1.2029085,0.28583643
2304,-1.2467396,0.30045652
2305,-1.5468676,0.3973545
2306,-1.3365672,0.3062096
2307,-1.5179393,0.2913447
2308,-1.2322811,0.27316552
2309,-1.0719228,0.2628669
2310,-1.164117,0.26177964
2311,-1.5626217,0.2684818
2312,-1.3726478,0.2719018
2313,-1.3218331,0.40778577
2314,-1.7703569,0.35680544
2315,-1.1475127,0.22309294
2316,-1.1460309,0.24968003
2317,-1.5785046,0.36044487
2318,-0.729921,0.15131347
2319,-1.4743446,0.34707958
2320,-1.3670838,0.3031023
2321,-1.1162703,0.2507421
2322,-1.461585,0.30925077
2323,-1.6240612,0.33660755
2324,-1.18669,0.30354333
2325,-1.4241736,0.41098073
2326,-1.0612854,0.24267396
2327,-1.4271166,0.38548487
2328,-1.4146012,0.3416172
2329,-1.4103993,0.3001695
2330,-0.19671342,0.70301723
2331,-1.6350565,0.37556118
2332,-1.1035771,0.24147436
2333,-1.6073303,0.33109418
2334,-1.4304272,0.35202557
2335,-1.8844547,0.49764216
2336,-1.0968115,0.22319941
2337,-1.7620853,0.31640467
2338,-1.9438307,0.35999748
2339,-1.1983187,0.23521249
2340,-1.4114008,0.30934677
2341,-1.4857707,0.30894962
2342,-1.0648403,0.24258363
2343,-1.318073,0.27063692
2344,-1.2743118,0.27265555
2345,-1.2710066,0.31646058
2346,-0.9879012,0.23251826
2347,-1.4167843,0.2790478
2348,-1.4746758,0.32689998
2349,-1.3433797,0.3618466
2350,-0.0101609975,0.521174
2351,-1.3800607,0.34759673
2352,-1.2156017,0.29291573
2353,-1.088638,0.24673198
2354,-1.4315313,0.32076773
2355,-1.6361347,0.40936205
2356,-1.4409425,0.31645557
2357,-1.114655,0.21471876
2358,-0.91108215,0.23902377
2359,-1.4109389,0.31796014
2360,-1.3482556,0.29640254
2361,-1.2563871,0.28610724
2362,-1.4630134,0.38180465
2363,-1.2991196,0.31135958
2364,-1.3854023,0.29814523
2365,-1.539929,0.31437418
2366,-1.3960797,0.32401845
2367,-0.9369215,0.22328648
2368,-1.3063616,0.29869077
2369,-1.4654052,0.30726835
2370,-1.478915,0.31655243
2371,-1.3945774,0.27652088
2372,-1.4962599,0.30128253
2373,-1.5808226,0.3560103
2374,-1.0860775,0.3069398
2375,-1.5813735,0.34286347
2376,-1.6541309,0.3370465
2377,-1.1363031,0.28587627
2378,-1.1509868,0.27826884
2379,-0.81633365,0.2007533
2380,-1.3961666,0.3044431
2381,-1.249575,0.25484464
2382,-1.2227364,0.2602549
2383,-1.7605095,0.4556103
2384,-1.6074394,0.35912567
2385,-1.1504784,0.31998914
2386,-1.2830597,0.34401137
2387,-1.0402592,0.31033647
2388,-1.693491,0.3551653
2389,-1.4793322,0.2740274
2390,-1.3855947,0.2795336
2391,-0.99654657,0.2230912
2392,-1.2268003,0.28441
2393,-1.3096106,0.3002824
2394,-1.8730961,0.40985256
2395,-1.5029788,0.35890877
2396,-1.9425224,0.4368321
2397,-1.4791946,0.3376774
2398,-1.5682602,0.3906309
2399,-1.040056,0.266758
2400,-1.7316844,0.38948247
2401,-1.3358749,0.34388876
2402,-1.1258665,0.26151952
2403,-1.5393792,0.3397995
2404,-1.1958402,0.32295266
2405,-1.1720302,0.24789912
2406,-1.6669897,0.2555604
2407,-1.3201804,0.32187977
2408,-1.526165,0.35230806
2409,-1.1260147,0.26483375
2410,-1.1260128,0.24013488
2411,-1.435585,0.39926815
2412,-1.6024917,0.4391848
2413,-0.7313207,0.17421816
2414,-1.7153858,0.4159489
2415,-1.6611874,0.39152408
2416,-1.292709,0.29203308
2417,-1.5712729,0.37584907
2418,-1.5159051,0.30617714
2419,-1.5082833,0.35045654
2420,-1.5702562,0.32467496
2421,-1.1383679,0.27130377
2422,-1.2381303,0.27944955
2423,-1.4461861,0.29927954
2424,-1.4242897,0.30701122
2425,-1.3068272,0.31720972
2426,-1.2637513,0.287933
2427,-1.5905975,0.3057896
2428,-1.5988481,0.3217435
2429,-1.0998443,0.23459369
2430,-1.2101672,0.2655648
2431,-1.1647981,0.23589802
2432,-1.5575681,0.32666656
2433,-1.8298283,0.38262826
2434,-1.4341744,0.32077864
2435,-1.4405513,0.36127776
2436,-1.6068313,0.28106824
2437,-1.1276537,0.26569182
2438,-0.8376938,0.2111863
2439,-1.282429,0.2806515
2440,-1.4459182,0.3130603
2441,-1.254221,0.24077779
2442,-1.118246,0.2714917
2443,-1.2386745,0.31893507
2444,-1.414516,0.33753538
2445,-1.397787,0.3742505
2446,-0.798573,0.20339964
2447,-1.232096,0.25298232
2448,-1.5501916,0.42027786
2449,-1.2999748,0.343424
2450,-1.4741758,0.36992788
2451,-1.3063188,0.34854952
2452,-1.470677,0.3507731
2453,-1.5576282,0.41819516
2454,-1.0806845,0.2828654
2455,-1.4312226,0.26046592
2456,-1.726458,0.39942786
2457,-1.8502731,0.42011353
2458,-1.6883358,0.36296356
2459,-1.7687763,0.4063228
2460,-1.6445423,1.6441189
2461,-1.1564016,0.2810257
2462,-1.2554566,0.24761975
2463,-1.2886463,0.31176543
2464,-1.5723515,0.31781977
2465,-1.7096183,0.48732278
2466,-1.657374,0.37139133
2467,-1.2029421,0.23702624
2468,0.0017742049,0.29728985
2469,-1.6705401,0.38878208
2470,-1.6495463,0.34437326
2471,-1.5337005,0.32259744
2472,-1.2135856,0.3223818
2473,-1.2686267,0.315585
2474,-2.0456052,0.46718132
2475,-1.4581063,0.27528325
2476,-1.9013485,0.47760892
2477,-1.3262103,0.3348699
2478,-1.3480477,0.36875236
2479,-1.7545538,0.3560622
2480,-1.44603,0.33362678
2481,-1.304752,0.27154297
2482,-1.3957199,0.32323173
2483,-1.1767256,0.2939981
2484,-1.2405115,0.2787478
2485,-0.98232144,0.22558133
2486,-0.7812192,0.20122804
2487,-1.1068909,0.24257073
2488,-2.0396857,0.38673392
2489,-1.5815665,0.2769722
2490,-0.9720337,0.21744235
2491,-1.4534124,0.35908768
2492,-1.1999702,0.2965192
2493,-1.3970248,0.32844377
2494,-0.97560674,0.23069818
2495,-1.0865536,0.24617992
2496,-1.3501374,0.3576917
2497,-1.2612264,0.2732765
2498,-1.4099071,0.348636
2499,-1.4051021,0.33126044
2500,-1.5521557,0.3218171
2501,-1.4049666,0.3217483
2502,-1.1807177,0.30244514
2503,-1.5149987,0.3371336
2504,-1.205404,0.2680241
2505,-1.3204424,0.32388067
2506,-1.3566164,0.28828463
2507,-1.0825995,0.27562252
2508,-1.7528099,0.36912596
2509,-1.3048179,0.34613797
2510,-1.4211609,0.35893586
2511,-1.1775659,0.23890945
2512,-1.3393764,0.3202024
2513,-1.16441,0.26040873
2514,-1.5410287,0.33193374
2515,-1.5401666,0.34386432
2516,0.27364007,0.46700782
2517,-1.4157976,0.3270594
2518,-1.4147657,0.3608216
2519,-1.1846287,0.24879435
2520,-1.535702,0.35374898
2521,-1.34308,0.25595552
2522,-1.4602807,0.37931964
2523,-1.3507104,0.31383792
2524,-1.338377,0.2829494
2525,-1.1081603,0.23835322
2526,-1.1652344,0.24881291
2527,-1.5276003,0.30028647
2528,-1.2031896,0.32657775
2529,-1.40713,0.37153578
2530,-1.5251477,0.33947372
2531,-1.8364071,0.45824635
2532,-1.3387349,0.3024298
2533,-1.4361145,0.30945513
2534,-1.464277,0.31918204
2535,-0.07599857,0.74042577
2536,-0.83482015,0.19564366
2537,-1.6311598,0.3130908
2538,-1.6366684,0.35662276
2539,-1.1665616,0.26094124
2540,-1.1187328,0.2689685
2541,-1.7296242,0.3711863
2542,-1.3231442,0.2612894
2543,-1.7073361,0.40460077
2544,-1.651696,0.31034127
2545,-0.907798,0.21838182
2546,-0.942227,0.25397173
2547,-1.7487061,0.43006176
2548,-1.9656608,0.40421185
2549,-1.1766741,0.2599594
2550,-1.3428199,0.29810432
2551,-1.207555,0.26526833
2552,-1.3216146,0.27350637
2553,-1.0602319,0.1896111
2554,-1.5345768,0.3622332
2555,-1.2510021,0.2574461
2556,-1.3673337,0.3010008
2557,-1.6343832,0.3812081
2558,-1.4867661,0.31564498
2559,-1.0900586,0.25161013
2560,-1.0734501,0.2490252
2561,-1.407759,0.3148967
2562,-1.3610028,0.2977536
2563,-1.3698292,0.2713506
2564,-1.0772111,0.23632313
2565,-1.6718943,0.3363343
2566,-1.7466648,0.39661643
2567,-1.714035,0.2931244
2568,-1.2000656,0.26464283
2569,-1.3644648,0.3507491
2570,-1.5522659,0.33576432
2571,-1.6853987,0.33573902
2572,-1.1972306,0.28693843
2573,-1.1345259,0.27499163
2574,-1.1997131,0.2700742
2575,-1.689995,0.33381182
2576,-1.2803695,0.26709402
2577,-1.6233298,0.32917136
2578,-1.0078943,0.19174884
2579,-1.5071938,0.29249442
2580,-1.3024584,0.33630213
2581,-1.3457971,0.3087793
2582,-1.7483318,0.4308527
2583,-1.6143173,0.3560453
2584,-1.5207512,0.32283127
2585,-1.6155742,0.35241464
2586,-1.3386681,0.30379403
2587,-1.3094822,0.31009004
2588,-1.3176634,0.2969387
2589,-1.5372875,0.36914745
2590,-1.096893,0.32620975
2591,-1.1349965,0.29214638
2592,-1.4236118,0.3196244
2593,-1.3223622,0.31691775
2594,-1.5834599,0.41795385
2595,-1.5826778,0.38342357
2596,-1.1134986,0.21654324
2597,-1.5050894,0.3175039
2598,-1.2383862,0.3167346
2599,-1.3347114,0.3399802
2600,-1.181898,0.31391376
2601,-1.4769989,0.30900693
2602,-1.4357542,0.32073876
2603,-1.6797564,0.38854063
2604,-1.0004137,0.19555014
2605,-0.7847883,0.17946725
2606,-1.1421632,0.22931531
2607,-0.87831575,0.2282063
2608,-1.7538006,0.3561953
2609,-0.98404443,0.20735186
2610,-1.0350587,0.2715367
2611,-1.8714039,0.36950198
2612,-1.6221775,0.30272397
2613,-1.5739598,0.35598612
2614,-1.4318259,0.2603254
2615,-1.8562752,0.4689648
2616,-1.2768781,0.24690998
2617,-1.683658,0.32949245
2618,-1.3608812,0.29322156
2619,-1.2996606,0.29978308
2620,-1.0101649,0.26765388
2621,-1.2072853,0.2901555
2622,-1.6211582,0.31580624
2623,-1.2259834,0.25784186
2624,-1.348975,0.34394518
2625,-1.563083,0.363835
2626,-1.365951,0.28786117
2627,-1.1051476,0.23455215
2628,-1.4882601,0.37113422
2629,-1.371525,0.3664909
2630,-1.2650688,0.25940177
2631,-1.3137184,0.3079216
2632,-1.1344023,0.2929431
2633,-1.1803615,0.2941964
2634,-0.9047987,0.2029665
2635,-1.3194687,0.384742
2636,-1.3047327,0.29659054
2637,-1.2310308,0.28473195
2638,-1.569908,0.38670856
2639,0.27186173,0.9351843
2640,-1.5216072,0.35452297
2641,-0.00040748325,0.29325065
2642,-1.8015381,0.41984463
2643,-0.24261156,0.17499176
2644,-1.5413481,0.36923
2645,0.09869188,0.6621988
2646,-1.3436773,0.32309172
2647,-1.1692135,0.28434068
2648,-1.2322547,0.2714439
2649,-1.5502793,0.38045087
2650,-1.6304257,0.39871365
2651,-1.7525406,0.3637437
2652,-1.1671644,0.25128737
2653,-1.6642456,0.32907575
2654,-1.4465101,0.3622513
2655,-1.4058319,0.30725408
2656,-1.504152,0.34398833
2657,-0.9909256,0.28519443
2658,-1.0974643,0.2785428
2659,-1.210773,0.2788764
2660,-1.1981046,0.28193837
2661,-1.3615052,0.31312597
2662,-1.2324843,0.34362116
2663,-1.4885043,0.33241588
2664,-1.8505348,0.4238584
2665,-1.2631638,0.3460217
2666,-1.3001598,0.27990553
2667,-1.525487,0.32598847
2668,-1.9075358,0.49087316
2669,-1.2775153,0.28700727
2670,-1.2886704,0.26960436
2671,-1.489343,0.3341595
2672,-1.4064329,0.32751834
2673,-2.0618277,0.46528232
2674,-1.4047992,0.3208651
2675,-1.2149527,0.29115173
2676,-1.5465577,0.2968653
2677,-1.6071854,0.32674477
2678,-1.8312145,0.3796695
2679,-1.2959486,0.3445779
2680,-0.09675524,0.53521687
2681,-1.5965472,0.34193328
2682,-1.2651875,0.29062274
2683,-1.5630012,0.35599223
2684,-1.7738912,0.40032807
2685,-1.7142595,0.39493534
2686,-1.0507634,0.2436
2687,-0.77116954,0.19357485
2688,-1.5036728,0.36651608
2689,-2.3333519,0.46866184
2690,-1.5441749,0.3875237
2691,-1.6016365,0.357552
2692,-1.6552868,0.36631042
2693,-1.6214195,0.41455588
2694,-1.4629806,0.30718723
2695,-1.2865751,0.27533624
2696,-1.6099498,0.38910645
2697,-1.6115677,0.34964314
2698,-1.6033863,0.36668321
2699,-1.370199,0.33136594
2700,-1.7463491,0.37536672
2701,-1.824336,0.36610964
2702,-1.5445515,0.41907305
2703,-1.5551475,0.35838574
2704,-2.2452254,0.46973535
2705,-1.4712658,0.28376517
2706,-1.5945807,0.29313013
2707,-1.4572556,0.29785496
2708,-1.7650877,0.36825275
2709,-1.070351,0.26466358
2710,-2.208021,0.44195002
2711,-1.6269739,0.36891696
2712,-1.3670343,0.36862186
2713,-1.3222284,0.31021422
2714,-1.484319,0.2942922
2715,-1.4871109,0.3372947
2716,-1.1670506,0.23345983
2717,-1.0800613,0.3318168
2718,-1.5407324,0.35172302
2719,-1.2030785,0.2926686
2720,-1.46177,0.39989612
2721,-1.0328782,0.26968884
2722,-1.5760802,0.2897068
2723,-1.4511675,0.34524634
2724,-1.2788646,0.2581745
2725,-1.4183041,0.32771638
2726,-1.3285365,0.2982886
2727,-1.2785331,0.2935839
2728,-1.5602442,0.34887418
2729,-1.4418851,0.35237083
2730,-1.8230622,0.35834664
2731,-1.3146311,0.29941276
2732,-1.4878509,0.3188271
2733,-1.3165462,0.30941498
2734,0.026601607,0.5906112
2735,-1.8483245,0.46646166
2736,-1.5704094,0.41303253
2737,-1.5548426,0.3653299
2738,-1.1696447,0.24538885
2739,-1.424707,0.32432008
2740,-1.3563106,0.28480494
2741,-1.0686396,0.23412313
2742,-1.4206202,0.3024131
2743,-1.5162883,0.31129837
2744,0.16257823,0.25887972
2745,-1.7393557,0.39518535
2746,-1.0622476,0.2431212
2747,-0.9422839,0.18760549
2748,-1.3282192,0.27661708
2749,-1.5764744,0.3383781
2750,-1.371335,0.30083323
2751,-1.1110989,0.23586163
2752,-1.8149993,0.38542333
2753,-1.5661502,0.3310284
2754,-1.1030213,0.2875588
2755,-1.5818608,0.37186906
2756,-1.2407281,0.28438798
2757,-1.782286,0.46150404
2758,-1.5640259,0.32426998
2759,-1.2882066,0.25621715
2760,-1.2757375,0.31470612
2761,-1.5377982,0.33118743
2762,-2.2674477,0.5602773
2763,-1.265417,0.26256028
2764,-1.4541172,0.30061612
2765,-1.5274011,0.36702582
2766,-0.44364738,1.543332
2767,-1.3674517,0.27653995
2768,-1.5412709,0.26844507
2769,-1.4685328,0.3423067
2770,-0.05136916,0.6130003
2771,-1.0759013,0.23112509
2772,-1.2706871,0.27215946
2773,-1.5245756,0.3279852
2774,-0.8874728,0.20926781
2775,-1.5376594,0.34184366
2776,-1.1701845,0.26819956
2777,-1.2259672,0.27066562
2778,-1.3130925,0.34561646
2779,-1.773957,0.41127795
2780,-0.983261,0.26204884
2781,-1.6525027,0.3658629
2782,-1.3783017,0.30190894
2783,-1.2801192,0.2519182
2784,-1.425772,0.35373047
2785,-1.4059225,0.2514069
2786,-1.2219503,0.32013538
2787,-1.4701818,0.35215354
2788,-1.5996536,0.34789038
2789,-1.0289438,0.23661235
2790,-1.3110083,0.27931526
2791,-1.4916787,0.3395332
2792,-1.2516154,0.29486
2793,-1.1199229,0.2572992
2794,-1.8650249,0.42387438
2795,-2.0047603,0.4436641
2796,-1.7735708,0.34315354
2797,-1.7240937,0.3587832
2798,-1.275846,0.30619207
2799,-1.3428631,0.24724613
2800,-1.7098331,0.44950685
2801,-1.3796065,0.27217886
2802,-0.8828967,0.22053157
2803,0.12070556,0.31703797
2804,-1.0908525,0.30679512
2805,-1.6235749,0.30650562
2806,-1.9484131,0.40755063
2807,-0.92461807,0.22517313
2808,-1.2334636,0.2671028
2809,-1.7081974,0.33233863
2810,-0.90597165,0.21966445
2811,-1.4188199,0.2954096
2812,-1.647427,0.4306351
2813,-1.3053784,0.26982415
2814,-1.5819826,0.35802072
2815,-1.0251539,0.24024072
2816,-1.4882133,0.3750554
2817,-1.511933,0.37730205
2818,-1.1223465,0.21901476
2819,-0.91798437,0.24937157
2820,0.31468633,0.86399204
2821,-1.6845316,0.3418857
2822,-1.5603137,0.30039886
2823,-1.742389,0.3652185
2824,-1.1791168,0.28087384
2825,-1.5181963,0.31698912
2826,-1.261842,0.28623688
2827,-1.1853526,0.27017272
2828,-1.5347686,0.36511582
2829,-1.683532,0.41559002
2830,-1.6677269,0.3528165
2831,-1.8071909,0.39809772
2832,-1.5583203,0.30380777
2833,-1.5480664,0.3265774
2834,-1.7679703,0.4074741
2835,-1.4344509,0.34534606
2836,-1.5459925,0.34884056
2837,-1.4163724,0.3600282
2838,-1.7988815,0.40423378
2839,-1.1268622,0.33221334
2840,-0.84212035,0.20724359
2841,-0.9344867,0.22845428
2842,-1.0938388,0.23987897
2843,-1.3630172,0.25792167
2844,-1.1706407,0.2726756
2845,-1.4862181,0.34171316
2846,-1.8669302,0.44829494
2847,-1.2978048,0.33763373
2848,-0.88564986,0.21826331
2849,-1.3309913,0.3285373
2850,-1.5550779,0.41022396
2851,-1.6848122,0.3174225
2852,-1.2320484,0.29605898
2853,-1.5641352,0.43936953
2854,-1.2787308,0.30810007
2855,-0.9346636,0.2152879
2856,-1.0909275,0.28160337
2857,-1.550035,0.35218856
2858,-1.4936097,0.3883673
2859,-1.8598759,0.39379957
2860,-1.4606224,0.31346288
2861,-1.3845394,0.39982122
2862,-1.3806446,0.31541732
2863,-0.77297026,0.17682062
2864,-1.3552259,0.33197105
2865,-0.9969944,0.25545916
2866,-0.57660675,0.1400429
2867,-1.5702744,0.31330144
2868,-1.8162186,0.45020458
2869,-1.0192225,0.26439002
2870,-1.2140623,0.2658437
2871,-1.6435766,0.33410746
2872,-1.3588147,0.366486
2873,-1.5996094,0.3264562
2874,-1.20613,0.32502913
2875,-1.4015915,0.29774815
2876,-1.5652337,0.37495536
2877,-1.3876461,0.3094741
2878,-1.3367771,0.2676632
2879,-1.4067338,0.29601884
2880,-1.6449299,0.3207334
2881,-0.13717778,0.95327365
2882,-1.2655993,0.3201925
2883,-1.3550135,0.2844976
2884,-1.3508812,0.34119698
2885,-1.2360101,0.26272053
2886,0.06297125,0.25298053
2887,-0.9860636,0.19588704
2888,-2.0275083,0.390702
2889,-1.4689299,0.34605673
2890,-1.6001949,0.33295158
2891,-1.2691888,0.2443151
2892,-1.1668886,0.22339563
2893,-1.6726582,0.451344
2894,-1.3395437,0.27898565
2895,-1.565155,0.33128718
2896,-1.5994341,0.37003058
2897,-1.2162163,0.27023387
2898,-1.1886595,0.25955424
2899,-1.3832004,0.3153674
2900,-1.6516659,0.33924344
2901,-1.5571613,0.30060202
2902,-1.273036,0.29055056
2903,-1.5710557,0.34571102
2904,-1.2621565,0.24865097
2905,-1.7452255,0.3282275
2906,-1.0801666,0.2636512
2907,-1.8423882,0.36576664
2908,-1.8193538,0.34781277
2909,-1.5770838,0.3707733
2910,-1.9330292,0.4777171
2911,-1.1129845,0.27139235
2912,-1.2976279,0.31035313
2913,-1.4457967,0.36916286
2914,-1.5558481,0.29554886
2915,-1.3569779,0.3593588
2916,-1.5853612,0.33287844
2917,-0.9061456,0.19728711
2918,-1.494137,0.3910724
2919,-1.5868298,0.35216233
2920,-1.28265,0.27764675
2921,-1.5926243,0.32341078
2922,-1.3222952,0.3171523
2923,-1.3580455,0.31778237
2924,-0.8362263,0.23158206
2925,-1.193495,0.23668239
2926,-1.2019843,0.30564862
2927,-0.9968994,0.29927072
2928,-1.1376472,0.22468401
2929,-1.6025646,0.41344428
2930,-1.0202504,0.29153326
2931,-1.0141486,0.25863442
2932,-1.3264426,0.30320135
2933,-1.2202308,0.24993046
2934,-1.3683951,0.3293948
2935,-0.119904235,0.77449274
2936,-1.264676,0.27485532
2937,-1.8138014,0.3571174
2938,-1.2657444,0.27653673
2939,-1.3215711,0.2526486
2940,-1.4925959,0.35553434
2941,-1.0397756,0.25404298
2942,-1.4588591,0.39248
2943,-1.2918732,0.24177672
2944,-1.104427,0.29433066
2945,-1.3802865,0.31772637
2946,-1.3323301,0.27988937
2947,-1.0395689,0.3012353
2948,-1.1050261,0.28238013
2949,-1.6814706,0.3165901
2950,-1.2362359,0.27247798
2951,-1.9271008,0.41809425
2952,-1.4374415,0.34348798
2953,-1.5864753,0.34188482
2954,-1.4509528,0.39520678
2955,-1.2688949,0.2890375
2956,-1.618284,0.3401305
2957,-1.51487,0.3820322
2958,-1.3391092,0.31727168
2959,-1.5136007,0.33943
2960,-0.7641058,0.17472237
2961,-0.8821085,0.2129325
2962,-0.2486964,0.41409844
2963,-1.3010752,0.3076673
2964,-1.4377868,0.31098405
2965,-1.2940865,0.26729625
2966,-1.6793568,0.3479684
2967,-1.1983687,0.28130966
2968,-1.3817968,0.28155515
2969,-1.3155935,0.3324915
2970,-1.7410803,0.34504846
2971,-1.1991673,0.26835117
2972,-1.3073288,0.34152892
2973,-1.8139808,0.33550236
2974,-1.1541431,0.27189827
2975,-1.172673,0.29238665
2976,-1.8318142,0.46804905
2977,-1.3943465,0.323122
2978,-1.5860567,0.3592535
2979,-1.8196764,0.39947918
2980,-1.0263968,0.22459693
2981,-1.6898396,0.33665305
2982,-1.1146827,0.214307
2983,-1.7138097,0.37667137
2984,-1.0636613,0.25831836
2985,-1.276941,0.25501233
2986,-1.6308521,0.36275563
2987,-1.7922226,0.35967454
2988,-1.3336937,0.24443738
2989,-1.6036301,0.3119037
2990,-1.3062842,0.27919054
2991,-1.286375,0.27438977
2992,-1.5707127,0.34335706
2993,-1.3952929,0.31433165
2994,-1.3522133,0.27821743
2995,-1.389617,0.27678558
2996,-1.6016273,0.28955218
2997,-1.450568,0.3297947
2998,-1.2802,0.28814968
2999,-1.6550877,0.44771007
3000,-1.3382022,0.28475943
3001,-1.5145944,0.37576613
3002,-0.99844944,0.23741166
3003,-1.3907478,0.28807688
3004,-1.4516872,0.41094774
3005,-1.427223,0.33369648
3006,-1.1452177,0.207089
3007,-1.6749141,0.35111025
3008,-1.4914862,0.31622097
3009,-1.6093674,0.39924875
3010,-1.6354927,0.3409156
3011,-1.137026,0.26960483
3012,-1.011892,0.28970483
3013,-1.1696105,0.20873113
3014,-0.7982901,0.17897856
3015,-1.6392701,0.41769266
3016,-1.2229887,0.30987993
3017,-1.1629493,0.30748233
3018,-1.1759886,0.24573986
3019,-0.8809557,0.19081521
3020,-1.498358,0.35034296
3021,-1.1848962,0.28999928
3022,-1.2773784,0.31851882
3023,-1.1477884,0.21924818
3024,-1.5639098,0.38813978
3025,-1.3300972,0.3418967
3026,-1.2724537,0.35559666
3027,-1.3591542,0.35072944
3028,-1.0790398,0.28426254
3029,-1.1899843,0.26409745
3030,-1.5143425,0.33988228
3031,-1.026783,0.24198633
3032,-1.3296465,0.36548537
3033,-1.5424099,0.29803842
3034,-1.5687033,0.3402011
3035,-1.290001,0.34242392
3036,-1.2617393,0.35241404
3037,-1.1511996,0.3588502
3038,-1.5315783,0.32233593
3039,-1.620478,0.34692103
3040,-1.3831985,0.28576142
3041,-1.3204587,0.29304594
3042,-1.0406237,0.23022254
3043,-1.5372008,0.2643283
3044,-1.4992942,0.3355656
3045,-1.672816,0.358363
3046,0.5071122,1.1893933
3047,-1.5322809,0.34880576
3048,-1.5147032,0.29894996
3049,-1.4598148,0.3431212
3050,-1.5402582,0.30042216
3051,-1.1304859,0.22381358
3052,-1.5914097,0.3257906
3053,-1.1816919,0.25523958
3054,-1.53134,0.280681
3055,-1.057663,0.22034054
3056,-1.471544,0.27812853
3057,0.11221447,0.76185155
3058,-0.9698294,0.2309441
3059,-1.0996745,0.22477287
3060,-1.3770791,0.29342815
3061,-1.5648319,0.37400198
3062,-1.7420666,0.4140017
3063,-1.4170134,0.29376897
3064,-1.2700483,0.34059358
3065,-1.4104359,0.30104524
3066,-1.3341072,0.32586896
3067,-1.4519441,0.27233735
3068,-1.9379658,0.41067228
3069,-1.5587207,0.3281496
3070,-0.9875797,0.20070364
3071,-1.5364746,0.35414723
3072,-1.472567,0.31610167
3073,-1.1565481,0.27057305
3074,-0.9488505,0.1953444
3075,-1.040113,0.27132198
3076,-0.89051735,0.21955718
3077,-1.2256641,0.27677578
3078,-1.2934628,0.30148003
3079,-0.9351133,0.2622819
3080,-0.11979373,0.27753475
3081,-1.5892526,0.32097167
3082,-1.1217186,0.2790296
3083,-1.116123,0.30153987
3084,-1.8226923,0.44118068
3085,-1.2038516,0.29626584
3086,-1.5075756,0.3321503
3087,-1.4800684,0.3588233
3088,-1.2355897,0.31034023
3089,-1.2053891,0.25239572
3090,-1.6507511,0.37401682
3091,-1.4033155,0.3626024
3092,-1.860302,0.3759826
3093,-1.3035905,0.2912227
3094,-1.342745,0.28587002
3095,-1.3416989,0.28250796
3096,-1.5744245,0.3021326
3097,-1.5917075,0.292507
3098,-1.4609234,0.28756672
3099,-1.231864,0.22020158
3100,-1.1673102,0.26171735
3101,-1.5890137,0.37885395
3102,-0.8575287,0.21237524
3103,-1.178267,0.24968524
3104,-1.1294479,0.22573249
3105,-1.5794146,0.30519548
3106,-1.6452059,0.40497503
3107,-1.7630274,0.40156853
3108,-1.3831781,0.30861658
3109,-1.5421188,0.35846925
3110,-1.0814645,0.24727157
3111,-1.4122585,0.31854987
3112,-1.3080083,0.31665882
3113,-1.1738024,0.27306223
3114,-1.7688286,0.43518743
3115,-1.0965173,0.28093377
3116,-1.5547892,0.2856321
3117,-1.0565592,0.23992321
3118,-1.6279488,0.32301286
3119,-1.1453059,0.2789932
3120,-1.2955338,0.39400268
3121,-2.0677161,0.4496233
3122,-1.0424707,0.25439718
3123,-1.3803203,0.37858656
3124,-1.1648216,0.24171998
3125,-1.5075243,0.39502177
3126,-1.1592357,0.23760493
3127,-1.3001028,0.23222433
3128,-1.7450943,0.42300993
3129,-0.44465008,0.9969073
3130,-1.3181462,0.34031788
3131,-1.1439282,0.23970631
3132,-1.1662352,0.23319353
3133,-1.107343,0.25515908
3134,-1.9281597,0.4478109
3135,-1.5200729,0.33252048
3136,-1.6519846,0.39379132
3137,-1.6938622,0.48725653
3138,-1.795063,0.42885557
3139,-1.7249349,0.31692636
3140,-1.5381985,0.36500072
3141,-1.3405464,0.31976265
3142,-1.5026821,0.36478657
3143,-1.4741491,0.34987855
3144,-1.219981,0.23488492
3145,-1.1816874,0.26112238
3146,-1.4202783,0.27786025
3147,-1.5329883,0.3585606
3148,-1.5299245,0.36373928
3149,-1.8624245,0.40370217
3150,-0.942974,0.2243583
3151,-1.1176894,0.2865377
3152,-1.6303585,0.31528658
3153,-1.8719918,0.41810468
3154,-0.7913133,0.2140874
3155,-1.5735638,0.31964108
3156,-1.2680272,0.358931
3157,-1.3584439,0.2809754
3158,-1.4738971,0.38046044
3159,-1.5771879,0.35102743
3160,-1.2997257,0.35387763
3161,-1.4287336,0.33575475
3162,-1.7973303,0.35238606
3163,-1.116148,0.25330305
3164,-1.3004199,0.303238
3165,-1.5873181,0.4002764
3166,-1.2235934,0.27924848
3167,0.19037321,0.698329
3168,-1.4513218,0.32317433
3169,-0.9263605,0.27864182
3170,-1.5101402,0.3467303
3171,-1.3051912,0.36263165
3172,-1.9822567,0.42601055
3173,0.0647643,0.2179871
3174,-1.3898934,0.32467726
3175,-1.7089484,0.39896917
3176,-1.6368328,0.38197818
3177,0.11086349,0.8175332
3178,-1.3193415,0.30288222
3179,-1.6101751,0.42857537
3180,-0.98632306,0.23879127
3181,-2.1777306,0.48844078
3182,-0.93842554,0.18764691
3183,-1.3219693,0.3123648
3184,-1.1834953,0.2644058
3185,-1.2707108,0.33651775
3186,-1.2626064,0.25006232
3187,-1.65098,0.3821484
3188,-1.3345205,0.2803798
3189,-1.1228434,0.25421256
3190,-1.7888267,0.429541
3191,-1.4998531,0.30579838
3192,-1.3317837,0.31546926
3193,-1.4425695,0.3141654
3194,-1.5304449,0.30267408
3195,-1.5963787,0.2949556
3196,-0.84273183,0.23276778
3197,-1.2578821,0.29268128
3198,-1.598645,0.38586017
3199,-1.3404537,0.28732425
3200,-1.4461113,0.3443014
3201,-1.0182295,0.20984158
3202,-1.2465274,0.2868147
3203,-1.3478038,0.28505862
3204,-1.2110502,0.28924665
3205,-1.419194,0.30864745
3206,-1.4080917,0.30653656
3207,-1.4153608,0.31712654
3208,-1.7142708,0.40871567
3209,-1.3794081,0.3458425
3210,-1.0576538,0.24216506
3211,-1.6596317,0.390947
3212,-1.4523004,0.29854387
3213,-1.5438817,0.31450745
3214,-1.3578453,0.3185298
3215,-1.9097607,0.45386484
3216,-1.5958576,0.37567216
3217,-1.7359297,0.36297107
3218,-1.0314758,0.24076615
3219,-1.7451756,0.42248416
3220,0.39629906,0.95289236
3221,-1.3038771,0.28593317
3222,-1.3009752,0.2959668
3223,-1.4307133,0.38025945
3224,-1.4099202,0.2891438
3225,-1.3815744,0.3320443
3226,-1.5569336,0.36892813
3227,-1.6205959,0.36348334
3228,-1.3082234,0.30618265
3229,-1.4657893,0.33079362
3230,-1.2885091,0.27664885
3231,-1.4235771,0.35642302
3232,-1.3951384,0.31873402
3233,-1.4660037,0.304125
3234,-1.7319378,0.38035282
3235,-1.2872015,0.25466532
3236,-1.3651074,0.31062898
3237,-1.5145303,0.35549033
3238,-1.0364715,0.28798434
3239,-1.5636566,0.31449464
3240,-1.2575518,0.3325663
3241,-1.5773003,0.41189095
3242,-1.1684816,0.28240225
3243,-1.5075475,0.33864713
3244,-1.6268688,0.39854527
3245,-1.4705197,0.34586146
3246,-1.6082653,0.37818542
3247,-1.2643245,0.2979243
3248,-1.7059559,0.42687663
3249,-1.718162,0.46471706
3250,-1.0988846,0.24133907
3251,0.0092486255,0.18209143
3252,-1.8868229,0.44845843
3253,-1.840498,0.37736475
3254,-0.75702906,0.18129711
3255,-1.3265455,0.36815602
3256,-1.4650977,0.32906732
3257,-1.2407011,0.28780645
3258,-1.2030617,0.27810583
3259,-1.5951744,0.4276739
3260,-0.9974556,0.21306717
3261,-0.9937377,0.16805747
3262,-1.1804127,0.25350645
3263,-1.4577335,0.3874893
3264,-1.3137748,0.35347337
3265,-1.6913292,0.35880905
3266,-1.3489825,0.25393802
3267,0.28073025,1.153729
3268,-1.4448601,0.35354203
3269,-0.8926941,0.20669614
3270,-1.4183341,0.28985223
3271,-1.2172159,0.2729473
3272,-1.6730106,0.35888854
3273,-1.19054,0.28505158
3274,-1.1299858,0.31073266
3275,-1.3131025,0.29548892
3276,-0.80603373,0.19325265
3277,-1.7333915,0.31298864
3278,-1.3097303,0.24896955
3279,-1.2561144,0.31041375
3280,-1.293502,0.2621645
3281,-1.8913345,0.4486077
3282,-1.4383526,0.3273459
3283,-1.0220015,0.23599112
3284,-1.6101354,0.33564082
3285,-1.5386658,0.33979976
3286,-1.49552,0.3428249
3287,-0.9865655,0.23542675
3288,-1.4334445,0.30480477
3289,-1.5876808,0.3605332
3290,-1.4043869,0.30848974
3291,-1.3866717,0.36959714
3292,-1.0684348,0.23483045
3293,-0.94138944,0.20074159
3294,-1.426917,0.25143325
3295,-1.4634764,0.3195547
3296,-1.3065293,0.2935333
3297,-1.0413362,0.26041403
3298,-1.1375767,0.26467207
3299,-1.0157772,0.23821768
3300,-1.6484721,0.3889404
3301,-1.6204255,0.33961993
3302,-1.1734972,0.29158863
3303,-0.93615854,0.23311268
3304,-1.4367545,0.30784908
3305,-1.6624539,0.37505212
3306,-1.6279186,0.38246825
3307,-1.3820326,0.2814386
3308,-1.5206814,0.3252792
3309,-1.0913185,0.29270306
3310,-1.1494682,0.3433057
3311,-1.2383444,0.2851855
3312,-1.2615741,0.28499094
3313,-1.301104,0.33877423
3314,-0.93707526,0.24791506
3315,-1.1000974,0.28201342
3316,-1.5307658,0.3766603
3317,0.3955374,0.9013832
3318,-0.78013825,0.1722156
3319,-1.2600186,0.24317156
3320,-1.4468956,0.3270108
3321,-1.7891356,0.4063874
3322,-1.5153773,0.3209341
3323,-1.7933155,0.3694957
3324,-1.4600748,0.40966517
3325,-1.9986397,0.48493612
3326,-1.8112304,0.3902943
3327,-1.3635672,0.33935702
3328,-1.5169328,0.3858973
3329,-1.0591449,0.28536743
3330,-1.243861,0.3038925
3331,-1.0286312,0.2738258
3332,-1.6211306,0.32731918
3333,-1.5276269,0.34054247
3334,-1.150827,0.2656885
3335,-1.5213537,0.3762427
3336,-1.6878668,0.33101904
3337,-1.4777861,0.33515066
3338,-1.3112981,0.26257142
3339,-1.4764678,0.28545097
3340,-1.4338782,0.2962455
3341,-1.2598909,0.25131017
3342,-1.3364737,0.34226343
3343,-0.84583294,0.23234063
3344,-1.1865934,0.2858913
3345,-1.222032,0.26711142
3346,-1.7749012,0.37644127
3347,-1.1789052,0.23741063
3348,-1.7859104,0.3458401
3349,-1.4469279,0.3425847
3350,-1.4805549,0.34566686
3351,-1.03398,0.28207377
3352,-0.9077972,0.22033097
3353,-1.1455609,0.22892444
3354,-0.9721712,0.23129018
3355,-1.1514566,0.24830763
3356,-1.1194313,0.26384518
3357,-1.2581538,0.28413248
3358,-1.2247381,0.28763363
3359,-0.9988583,0.2309474
3360,-1.3164996,0.2714551
3361,-1.143904,0.25413617
3362,-1.1847649,0.22869563
3363,-1.5126239,0.3183994
3364,-1.4673058,0.29878202
3365,-1.5363047,0.3037027
3366,-0.85052526,0.17642209
3367,-1.5522352,0.38991222
3368,-1.7586292,0.37317714
3369,-1.4274313,0.3592671
3370,-1.2785654,0.27767652
3371,-1.1937943,0.27854997
3372,-0.8217863,0.20454091
3373,-1.2888852,0.27938327
3374,-1.730452,0.38158596
3375,-1.7661766,0.37319562
3376,-1.6039009,0.3837345
3377,-1.5361761,0.3777499
3378,-1.3593466,0.35158953
3379,-1.5035001,0.31383792
3380,-1.3663924,0.25937095
3381,-1.3153114,0.3681483
3382,-0.88302773,0.18168998
3383,-1.1029679,0.22231802
3384,-1.4691316,0.43978032
3385,-1.2721312,0.26621863
3386,-1.4079456,0.31683183
3387,-1.5274327,0.37717772
3388,-1.2027068,0.3191138
3389,-1.266064,0.28372368
3390,-1.5749462,0.29505697
3391,-0.04028616,0.19352849
3392,-1.1615673,0.2663926
3393,-1.1290276,0.26201463
3394,-1.4597905,0.45111728
3395,-1.4509041,0.31641203
3396,-1.3409723,0.2628502
3397,-1.2809193,0.34032488
3398,-1.2445571,0.2658108
3399,-1.7385222,0.42107517
3400,-1.6141182,0.4018827
3401,-1.5797855,0.3595758
3402,-1.3346329,0.27399024
3403,-0.96002597,0.20517178
3404,-1.202708,0.2654623
3405,-1.5224413,0.4188298
3406,-1.2274373,0.27779296
3407,-1.5625172,0.36992946
3408,-1.1534965,0.3255399
3409,-1.3130995,0.2410897
3410,-0.37160283,0.5224199
3411,-1.9149597,0.37961835
3412,-1.3584373,0.3092577
3413,-1.1705412,0.29301775
3414,-1.6967764,0.3490832
3415,-1.7126586,0.4846388
3416,-1.0988092,0.26658002
3417,-1.1454118,0.3852801
3418,-1.2938856,0.28888527
3419,-0.11454995,0.6871433
3420,-1.5020761,0.30805013
3421,-1.6561238,0.39555904
3422,-1.881007,0.42656833
3423,-1.6084049,0.3384082
3424,-1.4574085,0.369372
3425,-1.1530101,0.26198822
3426,-1.4592083,0.38043782
3427,-1.7586647,0.34404725
3428,-1.4417957,0.34393376
3429,-0.04306481,0.62876517
3430,-1.185137,0.28582525
3431,-1.5989847,0.38531944
3432,-1.7774458,0.39183405
3433,-0.01999605,0.29475355
3434,-1.8947979,0.35402593
3435,-1.340715,0.37129527
3436,-1.1277194,0.24305798
3437,-1.5038196,0.36197612
3438,-1.3723049,0.2784972
3439,-1.1965034,0.23706983
3440,-1.1144704,0.28429145
3441,-1.2320913,0.28904596
3442,-1.2509723,0.25006083
3443,-1.3477991,0.2871458
3444,-1.097853,0.29216835
3445,-1.4183109,0.29429707
3446,-1.7949444,0.39386636
3447,-1.2613871,0.29127502
3448,-1.4808667,0.3475616
3449,-1.1484419,0.23342985
3450,-1.2876002,0.2538086
3451,-1.2077059,0.2747575
3452,-1.5438706,0.30889645
3453,-1.3334705,0.3090971
3454,-1.2853256,0.3041865
3455,-1.7825143,0.3741712
3456,-1.255017,0.29145783
3457,-1.6199764,0.34398773
3458,-1.801836,0.41760272
3459,-1.559839,0.35895327
3460,-1.156993,0.24701338
3461,-1.3061326,0.28334
3462,-1.3468266,0.35329464
3463,-0.9763897,0.29244617
3464,-1.1524532,0.28266823
3465,-1.3014969,0.30772948
3466,-1.3116825,0.25689143
3467,-1.4663621,0.37719935
3468,-1.3664677,0.2858688
3469,-1.1749914,0.20663373
3470,-1.7693977,0.33583033
3471,-1.0294701,0.24503529
3472,-1.4790283,0.30087748
3473,-1.355586,0.32562578
3474,-1.4236209,0.31868345
3475,-1.3539443,0.30006787
3476,-1.5108176,0.41924527
3477,-1.4610218,0.3195819
3478,-1.3268632,0.29617515
3479,-1.5556953,0.36475888
3480,-1.6662906,0.37054315
3481,-1.1653407,0.29328477
3482,-1.0900999,0.23940542
3483,-1.5466579,0.35774982
3484,-1.2757132,0.28435838
3485,-1.8580191,0.45054835
3486,-1.66558,0.29315674
3487,-1.2858897,0.27854776
3488,-1.0092183,0.19199651
3489,-1.7409521,0.33991534
3490,-1.1248815,0.25389093
3491,-1.5133953,0.31647384
3492,-0.68367994,0.14695919
3493,-1.2785385,0.28287023
3494,-1.2087028,0.26649317
3495,-1.4155675,0.3167098
3496,-1.5144869,0.36149943
3497,-1.5841557,0.36170512
3498,-1.2622893,0.27373916
3499,-1.3398856,0.26299384
3500,-1.010082,0.23486762
3501,-1.5050626,0.38783377
3502,-1.4640869,0.3439149
3503,-1.4417471,0.3098958
3504,-1.4323,0.27094045
3505,-1.6040401,0.33657855
3506,-0.838497,0.2369271
3507,-1.7755702,0.4588532
3508,-1.0324452,0.23321176
3509,-1.3588974,0.34093237
3510,-2.05162,0.5332561
3511,-1.9594332,0.41855747
3512,-1.897538,0.42368963
3513,-1.4283218,0.37614244
3514,-1.3501256,0.2647617
3515,-1.1489683,0.26205418
3516,0.24673057,0.4554904
3517,-1.4455097,0.35748878
3518,-1.2272866,0.26774183
3519,-1.4012326,0.30380908
3520,-1.7098453,0.3370099
3521,-1.2736968,0.28622657
3522,-1.2942498,0.28997323
3523,-1.1903998,0.24937089
3524,-1.5619034,0.31039643
3525,-1.3529545,0.30044758
3526,-1.2275257,0.22191377
3527,-1.0685295,0.21015313
3528,-1.2234514,0.28224212
3529,-1.3410612,0.29636052
3530,-1.4315033,0.3450997
3531,-1.5653961,0.35726514
3532,-1.3691776,0.30319396
3533,-1.1049216,0.2778799
3534,-1.2557795,0.3019088
3535,-1.037584,0.2182537
3536,-1.8821821,0.3888654
3537,-1.5485826,0.31092694
3538,-1.5155997,0.36685055
3539,-1.5371253,0.36393675
3540,-1.4372104,0.32574257
3541,-1.6382557,0.3028824
3542,-1.4327936,0.37543193
3543,-1.4307969,0.27272576
3544,-1.2834513,0.29517984
3545,-1.3045458,0.26798603
3546,-0.87447757,0.1787514
3547,-1.3209856,0.29345283
3548,-1.4765599,0.36799315
3549,-1.3026282,0.24525753
3550,-1.0115073,0.243121
3551,-1.2795441,0.2922806
3552,-1.0156733,0.23995641
3553,-1.3305671,0.3130306
3554,-1.5169644,0.33050665
3555,-1.2294838,0.266206
3556,-1.0186377,0.3170204
3557,-1.7082424,0.38172966
3558,-1.0184339,0.2516067
3559,-0.9557541,0.22511472
3560,-1.3657058,0.27866566
3561,-1.6698017,0.38567132
3562,-1.4784107,0.32905355
3563,-1.2285874,0.27775395
3564,-1.5845026,0.30864775
3565,-1.2171618,0.2638204
3566,-1.6783001,0.38240656
3567,-1.7267005,0.37406066
3568,-1.3668201,0.3366725
3569,-1.1488098,0.28241327
3570,-1.5382874,0.39533672
3571,-1.4759363,0.36564687
3572,-1.1093887,0.27281833
3573,-1.5915947,0.37029204
3574,-0.8299077,0.20347878
3575,-1.633778,0.3156076
3576,0.009097418,0.56716347
3577,-1.4853929,0.40281424
3578,-2.071231,0.4681026
3579,-1.3988616,0.36423466
3580,-1.3173783,0.31041124
3581,-1.4133295,0.31031486
3582,-1.2503505,0.29455242
3583,-1.1593951,0.2716229
3584,-1.2164552,0.26704597
3585,-1.8178635,0.39805192
3586,-1.3972578,0.2957022
3587,-1.4485023,0.34422934
3588,-1.8068386,0.32344842
3589,-0.8812373,0.1814119
3590,-1.1503035,0.23192891
3591,-1.2710779,0.31916827
3592,-1.6177299,0.3310025
3593,-1.4113181,0.36425447
3594,-1.3602886,0.2757892
3595,-0.08870421,0.5947224
3596,-1.7571388,0.32662916
3597,-1.1908506,0.28136376
3598,-1.2716398,0.29100809
3599,-1.2901473,0.26929966
3600,-1.5861431,0.37510383
3601,-1.9243492,0.4378121
3602,-1.6536328,0.39849454
3603,-1.2464459,0.24470077
3604,-1.9920924,0.3870427
3605,-1.5338199,0.31040472
3606,-1.6308708,0.37027296
3607,-1.2482485,0.3091703
3608,-1.6136866,0.37202102
3609,-1.3558708,0.29094288
3610,-1.3464483,0.31227157
3611,-1.5924443,0.363845
3612,-1.6827621,0.40817475
3613,-1.6575339,0.31754884
3614,-1.0206169,0.2136824
3615,-1.3996023,0.2978472
3616,-1.2597628,0.3059704
3617,-1.1586864,0.28671843
3618,-1.3369111,0.25526917
3619,-1.4108007,0.3941919
3620,-1.0468718,0.23164442
3621,-1.4150925,0.30688447
3622,-0.3389657,0.91929847
3623,-1.014158,0.2564846
3624,-0.048428293,0.22092031
3625,-1.1625037,0.26747483
3626,-0.9676094,0.20038639
3627,-1.3406198,0.28880456
3628,-1.6133842,0.37271726
3629,-1.5766351,0.32479507
3630,-1.3894281,0.33285946
3631,-1.9567808,0.4358218
3632,-1.9552023,0.35379857
3633,-1.0826344,0.22526373
3634,-1.6565775,0.38141772
3635,-0.964726,0.26358068
3636,-1.5036463,0.40648997
3637,-1.630229,0.31873435
3638,-1.1275898,0.26389837
3639,-1.9279277,0.38804197
3640,-1.2381182,0.3100821
3641,-1.4039032,0.2912286
3642,-1.012727,0.22766022
3643,-1.3880634,0.33826715
3644,-1.4785769,0.2697504
3645,-1.5963962,0.34798932
3646,-1.476696,0.36055854
3647,-1.5336015,0.35525545
3648,-1.5484384,0.34972563
3649,-1.4562151,0.3511954
3650,-1.5096031,0.36546668
3651,-1.2752911,0.33587295
3652,-1.4829737,0.30936006
3653,-1.1473241,0.27253166
3654,-1.4753298,0.35812855
3655,-1.2715163,0.31848302
3656,-1.1586728,0.24740726
3657,-1.432636,0.34515613
3658,-1.5076666,0.32935002
3659,-1.7296379,0.3881491
3660,-0.723325,0.19093077
3661,-1.3456678,0.27811298
3662,-1.5186831,0.36879513
3663,-0.9779943,0.23257062
3664,-1.5153186,0.31696418
3665,-1.9129165,0.43657532
3666,-1.4797165,0.36127687
3667,-1.0073565,0.27378145
3668,-1.4978969,0.3154769
3669,-1.4135909,0.32578814
3670,-1.1581419,0.25245425
3671,-1.9240223,0.3694711
3672,-1.4339619,0.31464618
3673,-1.2561471,0.3173222
3674,-1.456032,0.2809506
3675,-1.4969965,0.33662456
3676,-1.525795,0.3914369
3677,-1.4594297,0.30289435
3678,-1.7281091,0.38332334
3679,-1.8737888,0.3784931
3680,-1.503259,0.3788605
3681,-1.3528832,0.27914247
3682,-1.5049099,0.40006423
3683,-1.3541218,0.29983586
3684,-1.3621624,0.2710405
3685,-1.5035684,0.35682583
3686,-1.3559948,0.3633317
3687,-1.0578281,0.20743164
3688,-1.613435,0.3348607
3689,-1.6544521,0.36725083
3690,-1.3680304,0.29809192
3691,-0.9644855,0.20396957
3692,-2.0239747,0.3760789
3693,-1.6158607,0.34978163
3694,-1.7878815,0.39516258
3695,-1.4133358,0.29766732
3696,-0.8738653,0.21230845
3697,-1.5758291,0.36654097
3698,-1.3759724,0.30874872
3699,-1.5578209,0.32152915
3700,-1.6155968,0.36524215
3701,-1.4063021,0.30437887
3702,-1.2621367,0.31336373
3703,-1.3766047,0.27077222
3704,-1.5904577,0.3554618
3705,-1.3935935,0.31621823
3706,-1.8897747,0.3561857
3707,-1.4013817,0.31750077
3708,-1.4298556,0.292233
3709,-1.9439075,0.4821262
3710,-1.7600218,0.35215226
3711,-1.385202,0.33502024
3712,-1.3638461,0.2847894
3713,-0.7071452,0.16603683
3714,-1.4783695,0.26918098
3715,-1.269161,0.2457838
3716,-0.8979742,0.19310634
3717,-1.0953286,0.25798488
3718,-1.44107,0.35138628
3719,-1.0853331,0.27532065
3720,-1.2630628,0.2712899
3721,-1.1785154,0.29492447
3722,-1.1809313,0.24786286
3723,-1.5628142,0.36895755
3724,-1.7515659,0.33198923
3725,-1.7163566,0.41288003
3726,-1.3919315,0.34064195
3727,-1.2300627,0.25511634
3728,-0.980111,0.22556798
3729,-1.1350682,0.26985344
3730,-1.5492913,0.3354669
3731,-1.2729939,0.30961934
3732,-1.3920324,0.30390763
3733,-1.5471842,0.36816975
3734,-1.5408351,0.36037725
3735,-1.4747479,0.33169007
3736,-1.277163,0.24260908
3737,-1.2353388,0.26287436
3738,-1.4682395,0.30363443
3739,-0.8120638,0.1826558
3740,-2.0197496,0.5399379
3741,-1.8060642,0.4011365
3742,-1.308314,0.26682073
3743,-1.6923845,0.37614658
3744,-1.2581637,0.33659458
3745,-1.3860604,0.29928318
3746,-1.4424406,0.27836445
3747,-1.3533316,0.32058686
3748,-1.7460175,0.3654881
3749,-1.5936636,0.32198957
3750,-1.6121019,0.40355548
3751,-1.5579332,0.28221983
3752,-1.162129,0.27358088
3753,-1.284498,0.3062974
3754,-1.4210651,0.33303952
3755,-1.2197095,0.2992958
3756,-1.1755371,0.3030755
3757,-1.5392592,0.40449658
3758,-1.2655995,0.2958622
3759,-1.414643,0.35557464
3760,-1.313356,0.25587457
3761,-1.269503,0.289147
3762,-1.2638766,0.32046223
3763,-1.3636564,0.2601476
3764,-1.4584049,0.34824058
3765,-1.5727701,0.33802196
3766,-1.457443,0.33709902
3767,-2.0439336,0.49513623
3768,-1.625609,0.3753075
3769,-1.2748868,0.24418002
3770,-1.143294,0.24297768
3771,-1.6532339,0.4048913
3772,-1.451994,0.35231316
3773,-0.80393183,0.19243464
3774,-1.7711617,0.4153382
3775,-1.7339405,0.3955719
3776,-1.2530911,0.27673125
3777,-1.5068858,0.3963615
3778,-1.3966534,0.26824552
3779,-0.9120501,0.21315776
3780,-1.4159056,0.3125078
3781,-1.8801559,0.4177332
3782,-1.486749,0.3356549
3783,-1.1344882,0.3275472
3784,-0.9609704,0.15868336
3785,-1.7229502,0.36855474
3786,-1.6564894,0.35046762
3787,-1.6812623,0.36855835
3788,-1.4318104,0.3517363
3789,-1.5932763,0.3937387
3790,-0.9209095,0.25312662
3791,-1.3328222,0.28853863
3792,-1.4640911,0.3334383
3793,-1.5395472,0.3792822
3794,-1.5716726,0.40930215
3795,-1.157362,0.28074095
3796,-0.893293,0.18867625
3797,-1.8567598,0.441069
3798,-1.4377997,0.30461445
3799,-1.7645237,0.41682816
3800,-1.2266276,0.22735763
3801,-1.8463795,0.35512498
3802,-1.2375616,0.3199439
3803,-1.1456696,0.23007476
3804,-1.8226173,0.43239582
3805,-1.2447877,0.22943965
3806,-1.0105435,0.2328221
3807,-1.1894709,0.28280273
3808,-1.4086722,0.34415284
3809,-1.7030385,0.32750523
3810,-1.7528312,0.35897833
3811,-1.1123213,0.30852756
3812,-1.5328497,0.3431142
3813,-0.3899357,1.1711459
3814,-1.0217663,0.24621841
3815,-0.7055727,0.25988358
3816,-1.0830696,0.24513157
3817,-1.3643987,0.2636408
3818,-1.4893218,0.35183614
3819,-1.2259363,0.28175366
3820,-1.1679451,0.26813507
3821,-1.1920063,0.23465748
3822,-1.308099,0.31497464
3823,-1.0261118,0.2455186
3824,-1.549085,0.3416283
3825,-1.4817047,0.30881524
3826,-1.8974724,0.481573
3827,-1.6157925,0.3664585
3828,-0.9731676,0.21117188
3829,-1.689401,0.42290795
3830,-1.1377499,0.2737069
3831,-1.5651331,0.31579062
3832,-1.6238581,0.36697245
3833,-1.864872,0.41770154
3834,0.109597184,0.6785449
3835,-1.2571273,0.38813224
3836,-1.485307,0.3250125
3837,-1.7893076,0.3940386
3838,-0.28561178,0.9663412
3839,-0.82411766,0.187207
3840,-1.2536083,0.33502096
3841,-1.4576067,0.35372102
3842,-1.0291075,0.24962175
3843,-1.9773324,0.44784874
3844,-1.304065,0.30912697
3845,-1.451102,0.31209192
3846,-1.619133,0.40906158
3847,-0.93872225,0.23814097
3848,-0.6735492,0.19130732
3849,-1.6471039,0.31973538
3850,-1.459341,0.30893108
3851,-0.8908493,0.19286603
3852,-1.5283607,0.30307284
3853,-1.6325706,0.32037538
3854,-1.536002,0.34047577
3855,-1.0071541,0.24449182
3856,-1.2263483,0.28531706
3857,-1.0488014,0.24503559
3858,-1.4784145,0.2861332
3859,-1.1865079,0.26147598
3860,-0.7642835,0.21017246
3861,-1.0777887,0.28313294
3862,-1.6296818,0.40036568
3863,-1.5923796,0.31053716
3864,-1.1524725,0.25768715
3865,-1.5472052,0.32442355
3866,-1.7103542,0.38419873
3867,-1.30714,0.29778075
3868,-1.146466,0.2709879
3869,-1.2692165,0.3182774
3870,-1.5615695,0.40583563
3871,-1.0650733,0.27522358
3872,-1.1675135,0.26483998
3873,-1.4664446,0.31108573
3874,-1.4452736,0.3682905
3875,-1.5229111,0.3465777
3876,-1.739399,0.35427818
3877,-1.3386663,0.34128603
3878,-1.3095034,0.34197518
3879,-2.0263097,0.3927249
3880,-1.6039495,0.3596539
3881,-1.5603666,0.32772452
3882,-0.96655214,0.22503114
3883,-1.3436098,0.28711486
3884,-0.96264076,0.2586088
3885,-1.4058115,0.30414662
3886,-1.3387913,0.28145865
3887,-1.4879751,0.34773093
3888,-1.5866874,0.39897332
3889,-1.0229279,0.21189235
3890,-1.4715407,0.35299253
3891,-1.482926,0.31227535
3892,-1.6109593,0.32861438
3893,-1.7915032,0.49897772
3894,-0.977327,0.29021466
3895,-1.1829786,0.2387779
3896,-1.6018374,0.3523286
3897,-1.4512972,0.3464659
3898,-1.2362463,0.2504596
3899,-1.5204058,0.33558133
3900,-1.7938662,0.32014987
3901,-1.2180494,0.27960673
3902,-0.9472027,0.23861872
3903,-1.4638935,0.3476862
3904,-1.3247662,0.37405315
3905,-0.7566244,0.17828459
3906,-1.4922631,0.3845784
3907,-1.4907992,0.2795287
3908,-1.8635113,0.3646267
3909,-1.3247497,0.30905205
3910,-1.504122,0.34717235
3911,-1.3573911,0.35565755
3912,-1.2829429,0.33256072
3913,-1.6857808,0.43690687
3914,-1.5929722,0.31305635
3915,-1.5755111,0.3579436
3916,-1.2165513,0.28088832
3917,-1.4474496,0.3596633
3918,-1.1995808,0.2238954
3919,-1.5380449,0.3276659
3920,-1.0356886,0.25490966
3921,-1.7316761,0.36343825
3922,-1.2734635,0.2877132
3923,-1.074972,0.24895662
3924,-1.4361926,0.2947703
3925,-1.8642406,0.3292072
3926,-1.583057,0.34376553
3927,-1.5718443,0.3255876
3928,-1.2423071,0.29004177
3929,-1.642503,0.31263185
3930,-1.4118583,0.26881406
3931,-1.8928589,0.50829625
3932,-1.1260121,0.2759697
3933,-1.6183336,0.34710035
3934,0.16233972,0.89886075
3935,0.99029714,1.3758231
3936,-1.5748894,0.391841
3937,-0.6860653,0.19121273
3938,-1.3348792,0.3050078
3939,-1.2172006,0.25404212
3940,-1.2901496,0.28730378
3941,-0.9233133,0.18483527
3942,-1.5727583,0.26352587
3943,-1.1768886,0.29971606
3944,-1.1422285,0.3281374
3945,-1.8324184,0.31978405
3946,-1.3813072,0.31952918
3947,-1.376605,0.2347629
3948,-0.9256536,0.20186166
3949,-1.3469537,0.35049465
3950,-0.96819526,0.2388697
3951,-1.2026175,0.28548315
3952,-1.5367275,0.32214147
3953,-1.5018278,0.2918503
3954,-1.6805798,0.35805708
3955,-1.5917158,0.3196187
3956,-1.69473,0.40613055
3957,-1.265144,0.28182164
3958,-1.6356491,0.34537703
3959,-1.2513056,0.3041399
3960,-0.92427576,0.21600811
3961,-1.564055,0.33279514
3962,-1.5570029,0.3261427
3963,-1.4241168,0.3251413
3964,-1.3411826,0.29931325
3965,-1.4721496,0.36229488
3966,-1.3117152,0.27967647
3967,-1.2815424,0.27579984
3968,-1.8406206,0.45882493
3969,-1.5161889,0.31981176
3970,-1.1424692,0.24807772
3971,-1.3564761,0.30781177
3972,-0.9811331,0.25930595
3973,-1.8764206,0.45293617
3974,-1.6929296,0.32800105
3975,-1.2728904,0.3022312
3976,-1.703191,0.3629689
3977,-1.5869583,0.3316201
3978,-1.616977,0.36221492
3979,-1.0782591,0.20003228
3980,-1.1809881,0.27275994
3981,-1.5510261,0.3585975
3982,-1.0262072,0.21259159
3983,-1.1091945,0.25447038
3984,-1.3094969,0.2764139
3985,-1.2205073,0.2969691
3986,-1.5099373,0.34223327
3987,-1.6571194,0.39321962
3988,-1.4176378,0.32574323
3989,-1.808575,0.38287193
3990,-0.111494705,0.99586767
3991,-1.4237063,0.28677607
3992,-1.4811319,0.31355688
3993,-1.3743267,0.3193285
3994,-2.0355306,0.415768
3995,-1.4079615,0.35242477
3996,-1.3510733,0.29846936
3997,-2.0947704,0.45307142
3998,-1.5368418,0.37482285
3999,-0.79222256,0.16723739
4000,-1.3338276,0.27981204
4001,-1.727257,0.38532156
4002,-1.3068311,0.3173311
4003,-1.7762172,0.44010147
4004,-1.631881,0.3927311
4005,-1.394758,0.32379982
4006,-1.5004525,0.38402987
4007,-1.4115791,0.34623483
4008,-1.1658274,0.23721656
4009,-1.8360428,0.4538872
4010,-1.110096,0.22586745
4011,-1.6644309,0.29321617
4012,-0.76940817,0.18313414
4013,-1.0385526,0.21429674
4014,-1.4171457,0.33074176
4015,-1.2526745,0.26264536
4016,-1.7610033,0.34348887
4017,-1.6602352,0.42458346
4018,-1.0167601,0.1959596
4019,-1.184015,0.35246107
4020,-1.0324545,0.27014944
4021,-1.3257037,0.29421395
4022,-1.1350734,0.25103948
4023,-1.5776173,0.38515827
4024,-1.3408722,0.29842693
4025,-1.231653,0.2576833
4026,-1.5758669,0.28399658
4027,-1.4844548,0.33466256
4028,-1.474713,0.32457572
4029,0.45364362,1.2996101
4030,-1.5689383,0.3251469
4031,-1.2828321,0.36104077
4032,-0.8623909,0.2257052
4033,-1.4465677,0.30486163
4034,-1.3883579,0.33345678
4035,-1.4148289,0.3313844
4036,-1.1711476,0.34624925
4037,-1.4312592,0.28090802
4038,-1.3072082,0.33202347
4039,-1.3034887,0.3050986
4040,-1.0887082,0.2702059
4041,-1.5000452,0.348079
4042,-0.9680154,0.18192782
4043,-1.0667741,0.27370262
4044,-1.1694274,0.364842
4045,-1.288098,0.2829103
4046,-1.1068932,0.3105107
4047,-1.2528341,0.27585194
4048,-1.4455084,0.26717845
4049,-1.4320166,0.26650897
4050,-1.1875277,0.27422974
4051,-1.4717525,0.3177599
4052,-1.5999812,0.3730916
4053,0.39329782,0.8061501
4054,-1.222975,0.2915375
4055,-0.99421674,0.22645782
4056,-1.6528419,0.3964468
4057,-1.6029532,0.37592128
4058,-1.519236,0.3775409
4059,-1.3951792,0.31584835
4060,-1.7975533,0.4377653
4061,-1.3027039,0.26807487
4062,-1.4408749,0.35220975
4063,-1.3212092,0.29666835
4064,-1.5431659,0.3168062
4065,-0.7596027,0.20364548
4066,-1.076165,0.23693465
4067,-1.7571771,0.43414652
4068,-1.5899916,0.40465322
4069,-1.9100039,0.4394251
4070,-2.0134797,0.41677406
4071,-1.2614505,0.2918233
4072,-1.2175493,0.2656116
4073,-1.1319771,0.29754227
4074,-1.3562909,0.27051347
4075,-2.0642478,0.40073696
4076,-1.0119442,0.2212232
4077,-0.30325255,1.1331995
4078,-1.5022781,0.36821917
4079,-1.7764442,0.33156163
4080,-1.0432386,0.26628125
4081,-1.484074,0.33827186
4082,-1.2926767,0.27902383
4083,-1.5923868,0.4293656
4084,-1.6551186,0.40114677
4085,-1.7220879,0.34357464
4086,-1.2357503,0.3208268
4087,-1.2899315,0.33295533
4088,-1.3714688,0.3356639
4089,-1.0023346,0.25943935
4090,-1.037529,0.22196625
4091,-1.0020137,0.21537662
4092,-1.371241,0.29116035
4093,-1.5881083,0.37570196
4094,-1.2944996,0.30737796
4095,-1.2578423,0.27145356
