,mean,sd
0,-0.8434439,0.25792092
1,-0.5392131,0.20227392
2,-0.7580236,0.18566014
3,-0.72763044,0.19263305
4,-0.65787697,0.1686955
5,-0.66819525,0.2289608
6,-0.49912897,0.105125576
7,-0.63146603,0.16350354
8,-0.85150397,0.14955683
9,-0.8713274,0.21722741
10,-0.6467459,0.15559037
11,-0.9526495,0.17198497
12,-0.5560318,0.13741988
13,-0.9248006,0.16977656
14,-0.73958987,0.16989747
15,-0.76064914,0.115599625
16,-0.7292784,0.11314638
17,-0.5534929,0.18110768
18,-0.7898022,0.16614823
19,-0.87962437,0.13496609
20,0.33035097,0.18911983
21,-0.29921708,0.15858829
22,-0.6502581,0.16066305
23,-0.5450155,0.12877607
24,-0.44166994,0.14036725
25,-0.68863326,0.13517211
26,-1.0038178,0.1844401
27,-0.23453572,0.08304731
28,-1.0132983,0.16063897
29,-0.7897938,0.16077593
30,1.4717007,0.5587199
31,-0.8275235,0.16528477
32,-0.5235302,0.16124353
33,-0.61860615,0.08866566
34,-0.5100411,0.17714019
35,-0.792864,0.28387064
36,-0.48325044,0.26617885
37,-0.5892909,0.21085991
38,-0.6425893,0.116763495
39,-0.9000851,0.19447677
40,-0.64394665,0.12466865
41,-0.6640806,0.12679262
42,-0.7042003,0.23814158
43,-0.5837825,0.18710808
44,-0.18425739,0.4342131
45,-0.7983355,0.15092748
46,-0.61061,0.21870969
47,0.40274438,0.63549024
48,-0.73198426,0.23257142
49,-0.61931676,0.21737352
50,-0.7734319,0.19004361
51,-0.5489324,0.20813717
52,-0.8831781,0.21342082
53,-0.98011905,0.20225635
54,-0.62175804,0.17858747
55,-0.8872827,0.23655067
56,-0.56148726,0.18549377
57,-0.9059148,0.14500996
58,-0.6204573,0.11697777
59,-0.8473314,0.1609548
60,-0.5438544,0.18013343
61,-0.5561689,0.13312581
62,-0.7075167,0.14007138
63,-0.44025144,0.09348065
64,-0.6733102,0.19530961
65,-0.9376532,0.16909459
66,-0.76962364,0.25325373
67,-0.54518,0.103957556
68,-0.86260396,0.17767574
69,-0.91222304,0.27201086
70,-0.4309925,0.17489457
71,-0.7534498,0.17045014
72,-0.7879545,0.1784472
73,-0.6879672,0.18747671
74,-0.835409,0.2162509
75,-0.75747365,0.29428464
76,-0.9363138,0.19308609
77,-0.6816239,0.13763206
78,-0.7112654,0.23861326
79,-0.64407986,0.23290105
80,-0.850828,0.13696715
81,-0.8331931,0.1352884
82,-0.54804295,0.09292193
83,-0.59016955,0.21146902
84,-0.9169343,0.2146619
85,-0.73722684,0.19608457
86,-0.7870727,0.17657481
87,-0.80688155,0.22567841
88,-0.703194,0.2777644
89,-0.84449065,0.32448936
90,-0.76774776,0.26895377
91,-0.6062877,0.3083535
92,-1.0216706,0.23608984
93,-0.5130087,0.097608685
94,-0.7735107,0.20519654
95,-0.55499506,0.15843523
96,-0.86615753,0.24089096
97,-1.3970906,0.41639012
98,-0.59435236,0.17984378
99,-0.643448,0.23274127
100,-0.5812351,0.19810614
101,-0.5589185,0.2622672
102,-0.5983778,0.24200563
103,-0.74566674,0.10591564
104,-0.9029478,0.21915756
105,-0.053983867,0.21043976
106,-0.47581854,0.19653133
107,-0.5993074,0.20213571
108,-0.49348766,0.15678857
109,-0.80011576,0.19265012
110,-0.81618655,0.17455079
111,-0.7209405,0.119770885
112,-0.8735682,0.17570725
113,-0.8874156,0.205714
114,-0.1431826,0.18615267
115,-0.92424965,0.16960634
116,-0.79962164,0.14998423
117,-0.68303573,0.13746427
118,-0.63036174,0.25391588
119,-0.37859052,0.10340482
120,-0.91669255,0.19449721
121,-0.49662846,0.20691906
122,-0.7175815,0.11509976
123,-0.556129,0.2105453
124,-1.110426,0.12226322
125,-0.6788374,0.15529005
126,-0.5510973,0.23051728
127,-0.6650165,0.11194688
128,-0.440139,0.114681944
129,-0.7731467,0.201978
130,-0.692741,0.17994316
131,-1.0435365,0.15371245
132,-0.5943373,0.16400969
133,-0.8205689,0.2474512
134,-0.71598274,0.1083216
135,-0.848724,0.15981798
136,-0.50573885,0.21778283
137,-0.7817327,0.14988098
138,-0.9763837,0.22751734
139,-0.2982486,0.13583164
140,-0.6269156,0.16163933
141,-0.5132189,0.10881267
142,-0.5657638,0.10700783
143,-0.78123105,0.20264336
144,-0.67675096,0.19940113
145,-0.6162044,0.19175738
146,-0.59471184,0.24324232
147,-0.7742111,0.1595721
148,-1.0145845,0.13291919
149,-0.68924236,0.14922135
150,-0.69701374,0.10355128
151,-0.5988472,0.113699794
152,-0.66248024,0.24935062
153,-0.44477597,0.11701221
154,-0.64374495,0.14747459
155,-0.5862428,0.12364429
156,-0.724892,0.2055234
157,-0.5160551,0.16275485
158,-0.54866976,0.11370595
159,-0.87135136,0.19757149
160,-0.84447443,0.112220995
161,-0.6860213,0.1714653
162,-0.79528147,0.19652623
163,-0.7375577,0.2693279
164,-0.8287548,0.17207173
165,-0.71239215,0.17536286
166,-0.83102655,0.16812448
167,-0.63270915,0.12736136
168,-0.8640598,0.26408646
169,-1.0271227,0.17132089
170,-0.80527174,0.16791692
171,-0.5954789,0.16177851
172,-0.79287416,0.1595223
173,-0.17016038,0.14811979
174,-0.57321626,0.1880296
175,-0.83467656,0.21514867
176,-0.63869745,0.20304446
177,-0.462521,0.13138925
178,-0.56406486,0.14063148
179,-1.1599462,0.18295589
180,-0.78361046,0.22897561
181,-0.67867166,0.13915573
182,-0.41067132,0.109607354
183,-0.9141208,0.16536322
184,-1.1900196,0.18126623
185,-0.4045593,0.13564108
186,-0.5529009,0.13285938
187,-0.5947176,0.1936848
188,-0.653124,0.20334314
189,-0.64137554,0.16777073
190,-0.6805652,0.22553447
191,-0.7984139,0.17389655
192,-0.57834274,0.15511657
193,-0.70975447,0.2121416
194,-0.6824347,0.11278198
195,-0.8597204,0.16497451
196,-0.92395175,0.18142138
197,-1.1244538,0.24596988
198,-0.7083988,0.1159759
199,-0.8224702,0.22266454
200,-0.7994233,0.24188396
201,-0.6965108,0.1957922
202,-0.613662,0.10801015
203,-0.12495959,0.79214275
204,-0.8678063,0.15455939
205,0.19150913,0.13826269
206,-0.6591424,0.22694299
207,-0.7781659,0.16119218
208,-0.63757724,0.1483728
209,-0.5506393,0.20838043
210,-0.57291836,0.14838563
211,0.004816412,0.23762336
212,-0.7963797,0.12556036
213,-0.6177966,0.14039372
214,-0.41022697,0.09111348
215,-0.74453175,0.20930183
216,-0.56768644,0.20162204
217,-0.1345834,0.74521196
218,-0.44754148,0.11588823
219,-1.0738071,0.17726263
220,-0.80667514,0.17515647
221,-0.8220068,0.16372548
222,-0.69043434,0.27907977
223,-0.73739827,0.09950079
224,-0.96065027,0.2262774
225,-0.66153973,0.15752585
226,-0.7276036,0.22089827
227,-0.7274704,0.18444349
228,-0.5635244,0.12442684
229,-0.5639098,0.15737846
230,-0.8055981,0.25586912
231,-0.42485005,0.13912268
232,-0.68484,0.21563207
233,-0.94187593,0.16901715
234,-0.5603725,0.19926019
235,-0.67208415,0.17210779
236,-0.54502535,0.15280874
237,-0.6037095,0.15771288
238,-0.79297096,0.29219666
239,-0.57103026,0.14196858
240,-0.46748525,0.14559981
241,-0.29019555,0.11137058
242,-0.57155555,0.15982267
243,-0.60787773,0.18135741
244,-0.69326264,0.2306214
245,-0.7489576,0.24144165
246,-0.9045946,0.24879445
247,-0.82522327,0.2106951
248,-0.65026665,0.188741
249,-0.7872656,0.16900745
250,-0.9124199,0.17473811
251,-0.6401114,0.17352553
252,-1.0050235,0.1745382
253,-0.92406815,0.20762776
254,-0.94413507,0.18061322
255,-0.7369478,0.18882018
256,-0.94480765,0.13624893
257,-0.5987915,0.23130873
258,-0.78294814,0.21845111
259,-0.72203505,0.18480642
260,-0.3989186,0.13313265
261,-0.6189968,0.122565575
262,-0.93135804,0.2648638
263,-0.6958635,0.23265329
264,-0.4305722,0.10862717
265,-0.5786152,0.20699432
266,-0.8989695,0.1316882
267,-0.40317622,0.07079983
268,-0.7137037,0.12029677
269,-0.8695013,0.18347931
270,-0.95572245,0.2077133
271,-0.6526553,0.32895592
272,-0.7719742,0.2060231
273,-0.7893592,0.1383493
274,-0.7097851,0.14158028
275,-0.62485933,0.16924857
276,-0.64230233,0.1886996
277,-0.6451,0.13486691
278,-0.8681332,0.24027473
279,-0.6336206,0.15132274
280,-0.897884,0.13266173
281,-0.88622963,0.24355067
282,-0.879254,0.22261354
283,-0.58370787,0.13230604
284,0.35201973,0.22755729
285,-0.8845421,0.22732317
286,-0.6222021,0.10809151
287,0.26155058,0.22290467
288,-0.73211366,0.12371561
289,-0.72296095,0.13442066
290,-1.080869,0.26353896
291,-0.7445077,0.18120433
292,-0.6806627,0.17195591
293,-0.7808578,0.1533406
294,-0.67406595,0.16260242
295,-0.44147396,0.16395041
296,-0.3864545,0.11717402
297,-0.53187996,0.141317
298,-0.84590834,0.18446536
299,-0.45347613,0.08986036
300,-0.37070695,0.16396232
301,-0.6991507,0.13523762
302,-0.94543,0.18283285
303,-1.0601804,0.20237975
304,-0.8027024,0.14001831
305,-0.5749553,0.121328674
306,-0.58854014,0.16294381
307,-0.80373985,0.18374455
308,-0.8606299,0.15135737
309,-0.6153909,0.19917527
310,-0.5979063,0.15876868
311,-0.6336055,0.19634226
312,-1.0947888,0.23275428
313,-0.41587433,0.095208116
314,-0.79990214,0.26332894
315,-0.62364674,0.16472808
316,-0.47891846,0.12137124
317,-0.56813323,0.17546774
318,-0.54660505,0.10750881
319,-0.78118706,0.19742484
320,-0.66235673,0.16557162
321,-0.57356346,0.20665424
322,-0.56114924,0.11322726
323,-0.51963156,0.14153445
324,-0.7099811,0.1751533
325,-0.535355,0.08259757
326,-0.6556842,0.15473104
327,-0.6422649,0.13851652
328,-0.86240196,0.25986212
329,-0.50362396,0.25231603
330,-0.8170826,0.1799013
331,-0.59217244,0.14433204
332,-0.6657487,0.19979562
333,-0.5645199,0.21265607
334,-0.71312225,0.20767601
335,-0.5894086,0.123687625
336,-0.6293856,0.19869068
337,-0.8110647,0.16501707
338,-1.1630108,0.16487962
339,-0.8955885,0.108293734
340,-0.7631954,0.23797536
341,-0.84014714,0.20795576
342,-0.44625673,0.21748568
343,-0.42494735,0.13658851
344,-0.35731703,0.15266986
345,-0.7169302,0.15254124
346,-0.77198756,0.25492576
347,-0.4976781,0.10464977
348,-0.6507368,0.17716809
349,-0.56288254,0.252066
350,-0.8561344,0.14634359
351,-1.0854105,0.20396285
352,-0.59759384,0.14605933
353,-0.8374893,0.28105703
354,-0.5951646,0.16945475
355,-0.57386553,0.1603509
356,-0.7126713,0.13582481
357,-0.8426868,0.1521074
358,-0.48969144,0.13082866
359,-0.55692637,0.18216126
360,-0.70573497,0.1339431
361,-0.6106656,0.13506512
362,-0.37426016,0.15016416
363,-1.1358027,0.19862485
364,-0.5120522,0.14595546
365,-0.74538517,0.19258994
366,-0.653137,0.216858
367,-0.9473583,0.1615551
368,-0.6230473,0.14800495
369,-1.0346262,0.22371563
370,-0.6689576,0.25539356
371,-0.7648738,0.17895025
372,-1.0098801,0.16245781
373,-0.57387716,0.14120926
374,-0.72033083,0.17071415
375,-0.51288545,0.19708744
376,-0.65833104,0.12669304
377,-0.53759396,0.13195218
378,-0.82843053,0.21614057
379,-0.10492156,0.16190162
380,-0.8469408,0.15267354
381,-0.42774528,0.108836636
382,-0.54176,0.14870043
383,-0.75442344,0.2068508
384,-0.82057714,0.11446318
385,-0.7507279,0.18652993
386,-0.688327,0.102690436
387,-0.7401346,0.12703979
388,-0.4922947,0.12041888
389,-0.44569093,0.077370115
390,-0.7394686,0.22697088
391,-0.799887,0.21329343
392,-0.6532955,0.8527362
393,-0.75298405,0.1971508
394,-0.685311,0.24137543
395,-0.66269463,0.2199485
396,-0.69951713,0.19957283
397,-0.5380822,0.18671305
398,-0.44367975,0.12956202
399,-0.5737406,0.09011118
400,0.032484032,0.21260858
401,-0.87214506,0.10501172
402,-0.64241564,0.21863492
403,-0.48070288,0.20492655
404,-0.8190118,0.2532197
405,-0.68597233,0.17011975
406,-0.79505175,0.17969926
407,0.61748886,0.8179792
408,-0.80625045,0.24075373
409,-0.86336315,0.15552437
410,-0.8163908,0.14225335
411,-0.9678418,0.15597114
412,-0.54759604,0.20685565
413,-0.76702654,0.10104492
414,-0.7207026,0.11034813
415,-0.8100023,0.19332553
416,-0.68632996,0.1904346
417,-0.8029493,0.13242094
418,-0.8193914,0.18485086
419,-0.816614,0.22417437
420,-0.71518224,0.15361749
421,-0.63553953,0.2553227
422,-0.51938754,0.11656131
423,-0.74312747,0.17171246
424,-0.9139163,0.25818247
425,-1.0609825,0.123870455
426,-0.5845712,0.12250798
427,-0.5807074,0.20162942
428,-0.7278021,0.15863307
429,-0.576825,0.114585645
430,-0.59630597,0.14344479
431,-0.59153485,0.07675663
432,-0.7924018,0.23410685
433,-0.8452795,0.16583037
434,-0.7335957,0.28336096
435,-0.7195029,0.17219333
436,-0.6378975,0.1574458
437,-0.6709136,0.13936622
438,-0.89623153,0.19540837
439,-0.43662557,0.1376471
440,-0.46226692,0.101354666
441,-0.7293021,0.14945476
442,-0.9236704,0.14694989
443,-0.44098744,0.14106114
444,-0.6272329,0.14174917
445,0.18321192,0.30234578
446,-0.5844778,0.17648055
447,-0.7295844,0.2020013
448,-0.8097003,0.13928817
449,0.050153695,0.20310253
450,-1.064251,0.2519086
451,-0.18427029,0.19552621
452,-0.9672642,0.16803591
453,-0.6143295,0.20410933
454,-0.5138214,0.22449416
455,-0.70198905,0.24274695
456,-0.8893963,0.22926815
457,-0.52868116,0.12522455
458,-0.6135144,0.27389166
459,-1.1953532,0.18321629
460,-0.6611186,0.13003488
461,-0.53242946,0.19416124
462,-0.5011156,0.26710665
463,-0.5170307,0.12886938
464,-0.8370062,0.17684934
465,-0.6429268,0.23153748
466,-0.87280846,0.15566893
467,-0.5637326,0.15089145
468,-0.7590313,0.14457807
469,-0.61433494,0.13885364
470,-1.018821,0.21134363
471,-0.72529054,0.19967386
472,-0.64955604,0.14906465
473,-0.6115943,0.15487897
474,-0.8889028,0.1549019
475,-0.49504367,0.21378279
476,-0.99339294,0.1580553
477,-0.6168038,0.16144742
478,-0.4847098,0.11901047
479,-0.48596412,0.10569635
480,-0.6477056,0.18455659
481,-0.6339821,0.24732019
482,-0.46721736,0.18139154
483,-0.6164262,0.16988096
484,-0.81086314,0.16324396
485,-0.65931153,0.2259928
486,-0.6938076,0.17387539
487,-0.6850271,0.16138884
488,-0.56306905,0.16671148
489,-0.6342726,0.09449298
490,-0.8276205,0.23075755
491,-1.2388127,0.27388635
492,-0.7237427,0.18142924
493,-0.6641399,0.16330007
494,-0.6782331,0.16833007
495,-0.79021364,0.20577055
496,-0.68311,0.14709
497,-0.8049591,0.2511332
498,-0.68696845,0.15392597
499,-0.33874696,0.13130832
500,-0.8306912,0.22108468
501,-0.9405907,0.18578221
502,-0.6128089,0.22654401
503,-0.645521,0.2511368
504,-0.46075487,0.12515242
505,-0.46049523,0.1559054
506,-0.3062169,0.12712793
507,-0.60130084,0.1664005
508,-0.6416319,0.1158232
509,-0.73095906,0.23908152
510,-0.66364413,0.15429433
511,-0.53325284,0.10195987
512,-0.90957755,0.17219666
513,-0.81848145,0.20376892
514,-0.75187,0.17915721
515,-0.74310803,0.15686613
516,-0.88091624,0.14116511
517,-0.67798936,0.17467587
518,-0.52111083,0.15077657
519,-0.852664,0.21685119
520,-0.6749461,0.16829225
521,-0.8182333,0.16564515
522,-0.703585,0.11815125
523,-0.50308865,0.17015004
524,-0.876527,0.20523116
525,-0.77484834,0.20994613
526,-0.742039,0.22440845
527,-0.9557155,0.17267403
528,-0.7996248,0.10465223
529,-0.93604565,0.2158603
530,-0.5704168,0.17990941
531,-0.7439844,0.16972938
532,-0.65977615,0.16600277
533,-0.5554555,0.12817457
534,-0.5288973,0.16053051
535,-0.87725866,0.14905241
536,-0.8385047,0.17008927
537,-0.3619545,0.09030121
538,-0.6023092,0.27694896
539,-0.89278096,0.20500487
540,0.49710742,0.40718135
541,-0.5877403,0.20123188
542,-0.910302,0.18293995
543,-0.9444624,0.1501702
544,-0.57524043,0.123442486
545,-0.45130444,0.1663961
546,-0.4155847,0.112854406
547,-0.61961377,0.09874091
548,-0.8563121,0.19850725
549,-0.55041057,0.1272744
550,-0.8024453,0.12933439
551,-0.55900824,0.106694765
552,-0.7726485,0.1673065
553,-0.43226308,0.11328851
554,-0.5846065,0.10960915
555,-0.42930013,0.11577482
556,-0.9393078,0.12589228
557,-0.80781066,0.21935602
558,-0.8803793,0.1469784
559,-0.74794304,0.25352213
560,-0.44546542,0.061769668
561,-0.87998104,0.13652748
562,-0.64701456,0.1308006
563,-0.67629796,0.19203229
564,-0.6739942,0.24884944
565,-0.6066001,0.12813604
566,-0.4092949,0.14419611
567,-0.5786002,0.28114977
568,-1.0226301,0.1755893
569,-0.65991926,0.17725067
570,-0.9062891,0.2043839
571,-0.64515954,0.19149709
572,-0.5319294,0.14484946
573,-0.68299264,0.21294956
574,-0.691167,0.19039957
575,-0.7097317,0.17401761
576,-0.99462616,0.15895507
577,-0.73643667,0.17589745
578,-0.70009387,0.07645206
579,-0.5446646,0.18665181
580,-0.79986,0.26025444
581,-0.72439355,0.14085704
582,-0.7000869,0.13715667
583,-0.70897686,0.21327843
584,-0.8991119,0.17489687
585,-0.65552294,0.15905385
586,-0.7997039,0.3017626
587,-0.8752101,0.22225098
588,-0.45942134,0.10468148
589,-0.519145,0.17004195
590,-0.75936735,0.16407038
591,-0.5774582,0.203175
592,-0.7397896,0.12111152
593,-0.82587606,0.16467535
594,-0.50375104,0.13840984
595,-0.5299689,0.1546941
596,-0.6684119,0.16870975
597,-0.7196369,0.11358893
598,-0.68681985,0.20657267
599,-0.81002825,0.23758385
600,-0.7336525,0.14537324
601,-0.64549243,0.2024853
602,-0.99058735,0.17937697
603,-0.6212746,0.18010668
604,-0.7293552,0.18766217
605,-0.7246279,0.17557219
606,-0.5982643,0.17200091
607,-0.7061998,0.32231668
608,-0.60412633,0.10199909
609,-0.5324623,0.19754194
610,-0.47636852,0.13136509
611,-0.59354335,0.19598943
612,-0.8903564,0.18442406
613,-0.47776443,0.236713
614,-0.62027055,0.14187345
615,-0.93545514,0.24388911
616,-0.8548869,0.17000544
617,-1.1560348,0.20244725
618,-0.58127034,0.16450645
619,-0.58582145,0.23183382
620,-0.89291227,0.21462354
621,-0.58471835,0.1517814
622,-0.65977967,0.14701429
623,-0.77187,0.19449906
624,-0.85801315,0.15205438
625,-0.59416276,0.143049
626,-0.404646,0.11492684
627,-0.9494688,0.17680547
628,-0.6594578,0.1371617
629,-0.5427842,0.17769757
630,-0.5726349,0.12768203
631,-0.5576703,0.16267028
632,-0.73032844,0.2107557
633,-0.8799118,0.1598352
634,-0.67257136,0.17973714
635,-0.69520473,0.16042651
636,-0.5957685,0.23112234
637,-0.6054923,0.17419912
638,-0.42622033,0.17056821
639,-0.76109713,0.14447342
640,-0.758361,0.12911032
641,-0.9450315,0.22487526
642,-0.47872037,0.1510227
643,-1.022874,0.21767823
644,-0.28243598,0.37089908
645,-0.501092,0.13271782
646,-0.79971486,0.19683835
647,-0.43310732,0.15613383
648,-0.72871673,0.13212128
649,-0.6205833,0.16047606
650,-0.65118855,0.22597201
651,-0.7737012,0.18790029
652,-0.5309433,0.10838071
653,-1.0048794,0.2637218
654,-0.6221745,0.23617226
655,-0.5454289,0.14224035
656,-0.6558935,0.14891928
657,0.16360334,0.19888203
658,-0.8542619,0.27124295
659,-0.69388235,0.14770819
660,-0.4365352,0.17558157
661,-0.9158503,0.16178228
662,-0.8811712,0.27259192
663,-0.38923228,0.21661417
664,-0.614251,0.10644834
665,-0.6526521,0.17283657
666,-0.6809577,0.21744312
667,-0.6352026,0.1154194
668,-1.1512272,0.18637352
669,-0.5217918,0.12329097
670,-0.8392683,0.2080478
671,-0.782374,0.17375785
672,-0.76207477,0.24842447
673,-0.80924255,0.20552525
674,-0.8235115,0.2632266
675,-0.68075,0.14196728
676,-0.57090044,0.17863047
677,-0.76790726,0.1652489
678,-0.6632229,0.14364329
679,-0.5755907,0.25919333
680,-0.5781516,0.1356383
681,-0.7500531,0.21945974
682,-1.0830548,0.22301991
683,-0.7408376,0.2087379
684,-0.74620193,0.13684025
685,-0.8151244,0.2175794
686,-0.7653446,0.14258203
687,-0.37106982,0.12627229
688,-0.26568154,0.22409855
689,-0.72799885,0.22821416
690,-0.9807579,0.17680316
691,-0.6070438,0.12555271
692,-0.5335815,0.17599991
693,-1.1126604,0.21660273
694,-1.0742648,0.18199335
695,-0.7977061,0.21836427
696,-0.7595407,0.17958203
697,-0.9106022,0.13485318
698,-0.856304,0.18377443
699,-0.8390082,0.31532323
700,-0.8680916,0.15859738
701,-0.7665633,0.18492185
702,-0.6850079,0.20526509
703,-0.59277135,0.12682353
704,-0.82714397,0.15384239
705,-0.5232677,0.1500758
706,0.3230946,0.18784577
707,-0.42393455,0.106382996
708,-0.5526389,0.17523208
709,-0.479693,0.14086886
710,-0.7296813,0.12644632
711,-0.6038299,0.15745461
712,-0.46717787,0.38013873
713,-0.64073694,0.16510412
714,-0.80813515,0.15917471
715,-1.0578462,0.15228105
716,-0.67556316,0.15319969
717,-0.5062877,0.14187819
718,-0.5000304,0.19588284
719,-0.5956466,0.2162139
720,-0.7019794,0.164484
721,-0.8048531,0.18160337
722,-0.7490475,0.21384194
723,-0.64221907,0.12825638
724,-0.59622157,0.17077206
725,-1.2007471,0.1407776
726,-0.8495423,0.2388772
727,-0.66869724,0.1803477
728,-0.5515062,0.2301429
729,-0.7159618,0.17019054
730,-0.78274995,0.23691687
731,-0.56152356,0.09797025
732,-0.34927827,0.22484569
733,-1.0089175,0.252291
734,-0.45793265,0.14625137
735,-0.52229536,0.19148667
736,-0.8617341,0.19292568
737,-0.59482366,0.12686941
738,-0.5724582,0.20334856
739,-0.36254096,0.1233589
740,0.07826125,0.21642055
741,-0.616753,0.18283588
742,-0.39666754,0.13607453
743,-0.86563337,0.21320607
744,-0.92101204,0.24417889
745,-0.5553018,0.1332446
746,-0.70563525,0.19378823
747,-0.75601643,0.17670335
748,-0.7190568,0.1959382
749,-0.59656715,0.18702489
750,-0.81326663,0.122368455
751,-0.56790054,0.22267112
752,-0.6119591,0.20695345
753,-0.67668235,0.14831427
754,-0.59708756,0.16629907
755,-0.50907314,0.16239159
756,-0.6550332,0.1122161
757,-0.86514854,0.21596128
758,-0.5618478,0.15848054
759,-0.95526904,0.1605933
760,-1.0796455,0.17427684
761,-0.9718459,0.13281372
762,-0.4052206,0.12699136
763,-0.52405185,0.17978412
764,-0.4632782,0.18269613
765,-0.87956583,0.15720965
766,-0.686479,0.08125464
767,-0.43662184,0.114502974
768,-0.82202375,0.15347818
769,-0.80975497,0.21228968
770,0.14133346,0.25742385
771,-0.8476006,0.14264908
772,-0.6593918,0.09557849
773,-0.9325573,0.12127027
774,-0.81417006,0.2290335
775,-0.62538594,0.16312048
776,-0.8289795,0.15027596
777,-0.88033134,0.1898215
778,-0.7011291,0.1741572
779,-0.65294695,0.14420561
780,-0.76959133,0.19513977
781,-0.46678036,0.18684314
782,-0.6202282,0.20558228
783,-0.6632512,0.19398536
784,-0.6953386,0.12047643
785,-0.54207385,0.10760481
786,-0.7114706,0.15320407
787,-0.68635166,0.15338108
788,-0.9635866,0.1906745
789,-0.7084161,0.19891071
790,-0.49894518,0.13746752
791,-0.9149248,0.22624263
792,-0.95714456,0.25778607
793,-0.81682503,0.19033955
794,-0.6737932,0.12770037
795,-1.0747514,0.21870668
796,-0.65403295,0.16927576
797,-0.60500604,0.18164773
798,-0.8278133,0.21466787
799,-0.6838702,0.1067409
800,-0.5680094,0.17593165
801,-0.8235141,0.19022709
802,-0.3871335,0.14477003
803,-0.96559286,0.1100063
804,-0.57703525,0.13392812
805,-0.8854066,0.1530176
806,-0.5492159,0.177698
807,-0.7638922,0.22225784
808,-0.73192644,0.2874014
809,-0.81190526,0.20696579
810,-0.78844154,0.14456102
811,-0.7159362,0.17177916
812,-1.1595722,0.18243435
813,-0.50584364,0.22260492
814,-0.733446,0.15330407
815,-0.73049545,0.21878894
816,-0.98941267,0.1878896
817,-0.8012425,0.18324822
818,-0.91137135,0.14807703
819,-0.62901765,0.14450696
820,-0.53414893,0.13217962
821,-0.8008572,0.15680891
822,-0.5253222,0.13482751
823,-0.56669366,0.12571482
824,-0.3843915,0.08078159
825,-0.94915104,0.23736998
826,-0.097988054,0.23922578
827,-0.728618,0.16138639
828,-0.65268695,0.21437216
829,-0.71336037,0.16626492
830,-0.5903028,0.19467135
831,-0.869943,0.2397719
832,-0.72137773,0.13046654
833,-0.9425877,0.20233782
834,-0.53528774,0.17207418
835,-0.5667416,0.13426475
836,-0.6033141,0.15326494
837,-0.60739744,0.107158974
838,-0.74529296,0.15978
839,-0.58327925,0.16067138
840,-0.79832286,0.21164943
841,-0.7499929,0.23129
842,-0.5826785,0.20103915
843,-0.79300296,0.11643554
844,-0.6864392,0.16225371
845,-0.5548848,0.1360045
846,-0.47225016,0.12110865
847,-0.7959226,0.24022008
848,-1.1405443,0.23134449
849,-0.70841795,0.090064056
850,-0.7695049,0.13398021
851,-0.69253653,0.1709369
852,-0.99172413,0.18526226
853,-0.88305724,0.21262102
854,-0.67806387,0.13215406
855,-0.6893412,0.17006263
856,-0.5327503,0.19122069
857,-0.69257593,0.16165712
858,0.06479798,0.14845373
859,-0.40181336,0.10620741
860,-0.6062036,0.16581506
861,-0.7930933,0.14394747
862,-0.5716844,0.10540555
863,-0.96243256,0.15774404
864,-0.84774005,0.1700506
865,-0.68940175,0.13538568
866,-0.5628159,0.18707128
867,-0.47495693,0.18134254
868,-0.75714254,0.15184076
869,-0.8164066,0.26640102
870,-0.5858042,0.21124329
871,-1.0923052,0.19296488
872,-0.46230632,0.23580363
873,-0.74854517,0.25448012
874,-0.4882502,0.14495613
875,-0.60693914,0.15059103
876,-0.62849236,0.13293342
877,-0.87905824,0.18691109
878,-0.90002954,0.13457794
879,-0.6439541,0.13959081
880,-0.5321931,0.14247596
881,-0.7194376,0.25922748
882,-0.8813036,0.17567043
883,-0.61819136,0.18469012
884,-0.9383524,0.2334041
885,-0.74184835,0.1908005
886,-0.85938996,0.13623735
887,-1.2289087,0.17881587
888,-0.53634405,0.1524982
889,-0.6136829,0.17221998
890,-0.58267033,0.21423626
891,-0.606145,0.123306476
892,-0.8224012,0.17845738
893,-0.77985823,0.26879504
894,-0.5805357,0.1666264
895,-0.42463794,0.16124198
896,-0.8693119,0.13125801
897,-0.75990975,0.18710612
898,-0.45181242,0.13773952
899,-0.49914342,0.16473481
900,-0.6276523,0.16461061
901,-0.9251418,0.2285769
902,0.05278498,0.24636616
903,-1.2357115,0.15752046
904,-0.6853911,0.15576413
905,-0.49741906,0.173166
906,-0.5401694,0.13556175
907,0.07564162,0.17139179
908,-0.7655083,0.21052514
909,-0.50083005,0.14486903
910,-0.7908531,0.12457557
911,-0.5107934,0.14263922
912,-0.7203433,0.20897143
913,-0.7673763,0.16447079
914,-0.7957524,0.27367646
915,-0.63650215,0.19533518
916,-0.63659304,0.13281801
917,-0.4938863,0.16694541
918,-0.6983816,0.11206543
919,-0.5899137,0.19400373
920,-0.653293,0.19609736
921,-1.1430671,0.16298643
922,-0.71414554,0.19757156
923,-0.7184968,0.25899696
924,-0.49755126,0.15996806
925,-0.4497241,0.119089074
926,-0.48794562,0.15918297
927,-0.82572854,0.1406638
928,-0.71723944,0.14231098
929,-0.68313426,0.25197467
930,-0.5513707,0.103771284
931,-0.60257506,0.20677282
932,-0.68128616,0.15241294
933,-0.5878803,0.17356654
934,-1.0796477,0.19783871
935,-0.50812095,0.16453238
936,-0.47666603,0.17539327
937,-0.69309765,0.2510401
938,-0.871096,0.25484833
939,-0.95161515,0.25768074
940,-0.7471651,0.18788782
941,-0.8368119,0.17371695
942,-0.47511092,0.15055901
943,-0.7925967,0.16384734
944,-0.17866263,0.17020138
945,-0.7675048,0.18744844
946,-0.7168337,0.2300293
947,-0.62887573,0.12164859
948,-0.8103274,0.20445126
949,-0.6959712,0.2005695
950,-0.86605656,0.19418447
951,-0.7107702,0.16637534
952,-0.5372058,0.1249892
953,0.13493896,0.74398607
954,-0.66617215,0.12233436
955,-0.9275438,0.15947038
956,-0.8122757,0.16056986
957,-0.7257775,0.17938307
958,-0.7063281,0.18904257
959,-1.0328916,0.12623332
960,-0.6203178,0.18536173
961,-0.5871323,0.19727725
962,-0.76728076,0.1572616
963,-0.60893685,0.19569927
964,-0.597346,0.07273029
965,-0.83449936,0.14824998
966,-0.73631895,0.17033401
967,-0.49514312,0.11429366
968,-0.70194906,0.17862418
969,-0.5721089,0.14092426
970,-0.6170787,0.15691358
971,-0.8020528,0.34548593
972,-0.7786126,0.21970426
973,-0.6898672,0.22910269
974,-0.5747055,0.15178049
975,0.37307388,0.8587378
976,0.18733793,0.4566892
977,-0.78075886,0.16419047
978,-0.6929003,0.19972605
979,-0.55466735,0.23218645
980,-0.8300727,0.14993641
981,-0.6285395,0.115690626
982,-0.9359787,0.18247111
983,-0.70348805,0.17559248
984,-0.5623814,0.23198028
985,-0.66235685,0.102832295
986,-0.8187763,0.2201388
987,-1.048198,0.2503924
988,-0.58409727,0.19277385
989,-0.9188391,0.18944484
990,-1.0737473,0.16827229
991,-0.50760835,0.121840686
992,-0.8238947,0.14903082
993,0.2737494,0.3120785
994,-0.8122204,0.17502406
995,-0.7662207,0.14837189
996,-1.1045691,0.32368493
997,-0.8849274,0.17750129
998,-0.6817619,0.18400972
999,-0.64181054,0.142531
1000,-0.88283956,0.18531515
1001,-0.91282624,0.14878319
1002,-0.6423439,0.19506367
1003,-0.9105018,0.14909151
1004,-0.8387488,0.114777274
1005,-0.74080557,0.20113078
1006,-0.79160225,0.1777889
1007,-0.8099192,0.26153183
1008,-0.7687125,0.15308616
1009,-0.645996,0.20853795
1010,-0.7070679,0.20758879
1011,-0.7369709,0.13464287
1012,-0.8488836,0.22632402
1013,-1.0532674,0.22066714
1014,-0.8886202,0.20062695
1015,-0.7759886,0.13100043
1016,-1.0822208,0.20393609
1017,-0.7438956,0.21294154
1018,-0.6221628,0.17396614
1019,-0.65101045,0.25064337
1020,-0.73552686,0.11860434
1021,-0.7101514,0.1776783
1022,-0.94695187,0.15547536
1023,-0.5666626,0.13204156
1024,-0.16087596,0.12178166
1025,-0.77809495,0.11071896
1026,-0.80170536,0.22062637
1027,-0.6393841,0.17135808
1028,-0.46094698,0.19065614
1029,-0.6262659,0.1340467
1030,-0.46090022,0.21785481
1031,-0.5858313,0.26548254
1032,-0.469742,0.15072241
1033,-0.4504567,0.23959851
1034,-0.6828942,0.23136534
1035,-0.72496367,0.23065808
1036,-0.76497203,0.17408617
1037,-0.81770134,0.19273764
1038,-0.77610743,0.113004945
1039,-0.530745,0.117538236
1040,-0.46948045,0.1761247
1041,-0.9444253,0.15795419
1042,-0.55015725,0.1773025
1043,-0.5906994,0.15117827
1044,-0.59960586,0.22181813
1045,-0.60918725,0.20121585
1046,-0.969817,0.20114721
1047,-0.838813,0.15580186
1048,-0.3459341,0.1021724
1049,-0.71652746,0.19144286
1050,-0.7943225,0.15907058
1051,-0.7084707,0.1424612
1052,-0.39717877,0.11089446
1053,-0.66095704,0.15133134
1054,-0.447095,0.17660981
1055,-0.5208188,0.11369496
1056,-0.7498492,0.11430596
1057,-0.5569984,0.13019231
1058,-0.51043904,0.13199972
1059,-0.82426053,0.13497142
1060,-0.7584375,0.18984783
1061,-0.44943276,0.18333304
1062,-1.004639,0.20854226
1063,-0.41971302,0.13771833
1064,-0.84057826,0.14356436
1065,-0.82619476,0.21999833
1066,-0.6066085,0.1753006
1067,-0.9041878,0.20749944
1068,-0.84675264,0.20038967
1069,-0.7093337,0.22225507
1070,-0.49776644,0.25404337
1071,-0.4696498,0.13046253
1072,-0.67478526,0.19631198
1073,-0.9792959,0.23260818
1074,-0.47037134,0.12225975
1075,-0.6813647,0.12708335
1076,-0.65111506,0.12818745
1077,-0.57907534,0.12980488
1078,-0.5980508,0.22801207
1079,-0.8957494,0.19353506
1080,-0.71143353,0.16303907
1081,-0.47419578,0.21344323
1082,-0.5918339,0.19299732
1083,-0.48186713,0.20988202
1084,-0.6209338,0.16427141
1085,-0.6680298,0.13229032
1086,-0.03128634,0.25247654
1087,-1.137419,0.16033994
1088,-0.6442393,0.16570714
1089,-0.7510356,0.12211229
1090,-0.59681964,0.19258109
1091,-0.5797685,0.14308712
1092,-0.6926716,0.23475768
1093,-0.6252748,0.13651587
1094,-0.7271555,0.22871685
1095,-0.6443745,0.1490559
1096,-0.46246195,0.1679566
1097,-0.95234966,0.18369603
1098,-0.79627496,0.11280333
1099,-0.46747574,0.15976508
1100,-0.4064516,0.087338306
1101,-0.7248539,0.16924882
1102,-0.3765294,0.19217156
1103,-0.6845561,0.13517487
1104,-0.37631333,0.17672116
1105,-0.8302463,0.21956901
1106,-0.7527647,0.17387258
1107,-0.8896557,0.16646075
1108,-0.71992934,0.12514462
1109,-0.52847797,0.22907087
1110,-0.90147245,0.22744189
1111,-0.709578,0.17800072
1112,-0.41134763,0.111148156
1113,-0.60569584,0.2124579
1114,-0.83299714,0.26585683
1115,-0.61912346,0.23258638
1116,-0.7305431,0.13277946
1117,-0.65005064,0.1277647
1118,-1.0415568,0.21486142
1119,-0.6487104,0.12038798
1120,-0.6338854,0.1863399
1121,-0.7955207,0.17061524
1122,-0.8966981,0.17434804
1123,-0.45215756,0.11909296
1124,0.080718815,0.18140712
1125,-0.83512306,0.18730928
1126,-0.69195443,0.20767541
1127,-0.3826038,0.14091213
1128,-0.74296516,0.17934284
1129,-0.41782933,0.12350579
1130,-0.6440096,0.23744066
1131,-0.99300134,0.20190951
1132,-0.7018844,0.15943445
1133,-0.39583302,0.17557807
1134,-0.72269046,0.20695183
1135,-0.8326761,0.24593225
1136,-0.7892469,0.28910035
1137,-0.434486,0.14058927
1138,-0.809254,0.22395644
1139,-0.98448694,0.18970075
1140,-0.8375963,0.2158289
1141,-0.7797557,0.14458118
1142,-0.79550016,0.22787674
1143,-0.773615,0.16255197
1144,-0.53571093,0.24811508
1145,-0.6843486,0.14088637
1146,-0.82023084,0.18782645
1147,-0.5699485,0.099753305
1148,-0.6644119,0.14674234
1149,-0.63710576,0.14822999
1150,-0.78449345,0.17888843
1151,-0.4314404,0.13772207
1152,-0.7196851,0.32822084
1153,-0.64056844,0.176999
1154,-0.47251004,0.17368123
1155,-0.86492234,0.16164595
1156,-0.85889494,0.16139308
1157,-0.7782376,0.12918206
1158,-0.68993205,0.12980467
1159,-0.32057682,0.07260177
1160,-0.47310147,0.14245321
1161,-0.9345393,0.23545282
1162,-0.68835866,0.1642015
1163,-0.8011463,0.13689083
1164,-0.6670487,0.16573086
1165,-0.7667807,0.18295562
1166,0.2185466,0.23553523
1167,-0.62584215,0.106335215
1168,-0.5136307,0.20924456
1169,-0.5278405,0.16851985
1170,-0.5842442,0.28128353
1171,-1.0132865,0.21684706
1172,-0.47286978,0.13853617
1173,-0.53055733,0.17848293
1174,-0.5684876,0.0931233
1175,-0.7512512,0.25684085
1176,0.2696436,0.4805413
1177,-0.3505745,0.06527924
1178,-0.4682855,0.20333996
1179,-0.6873753,0.15315862
1180,-0.46785116,0.16671933
1181,-0.4427964,0.13665886
1182,-0.50382906,0.18100542
1183,-0.8558235,0.1307522
1184,-0.68378603,0.16252264
1185,-0.79141855,0.17570785
1186,-0.736817,0.13405335
1187,-0.6726232,0.18202728
1188,-0.21056387,0.119677
1189,-0.7795621,0.19652785
1190,-0.8025433,0.25906172
1191,-0.7701269,0.16121258
1192,-0.7145058,0.24917564
1193,-0.642856,0.15424985
1194,-0.5967391,0.13854283
1195,0.5264696,0.35022807
1196,-0.8896475,0.2038756
1197,-0.78225464,0.16715023
1198,-0.7577933,0.16492276
1199,-0.6808013,0.19264798
1200,-0.6501821,0.11866745
1201,-0.7804723,0.13520628
1202,-0.36948752,0.11529318
1203,-0.58226377,0.15571518
1204,-0.36442852,0.098573744
1205,-0.9763247,0.24054176
1206,-0.4961938,0.1547929
1207,-0.8378889,0.17291981
1208,-0.48621815,0.12478095
1209,-0.40126172,0.15466684
1210,-0.76646584,0.20284949
1211,-0.5104379,0.25542226
1212,-0.1438016,0.26671565
1213,-0.56870496,0.11602303
1214,-0.77408487,0.22373089
1215,-0.68502986,0.24256493
1216,-0.6501861,0.17745145
1217,-1.0596136,0.20659779
1218,-0.50764465,0.18227942
1219,-0.6858076,0.14139092
1220,-0.57945555,0.10493642
1221,-0.7584637,0.26543757
1222,-0.96597326,0.16040657
1223,-0.50204074,0.18205912
1224,-0.6474592,0.14464277
1225,-0.8077017,0.17661114
1226,-0.6999911,0.15314771
1227,-0.5702124,0.13485424
1228,0.13480455,0.19127984
1229,-0.5074452,0.25647908
1230,-0.6138905,0.20403765
1231,-0.9237665,0.20751274
1232,-0.75754845,0.16360556
1233,-0.96045864,0.18500383
1234,-0.9500941,0.24778612
1235,-0.6322201,0.15161423
1236,-0.690269,0.13485888
1237,-0.7575523,0.22358203
1238,-0.6051154,0.17306232
1239,-0.4502322,0.14730163
1240,-0.842836,0.11787635
1241,-0.8220903,0.2272382
1242,-0.533407,0.24621724
1243,-0.60538024,0.17215343
1244,-0.6862601,0.1378201
1245,-0.6629241,0.14623149
1246,-0.46756473,0.15408787
1247,-0.45523053,0.11498857
1248,-0.93094265,0.18673073
1249,-0.8332404,0.118428476
1250,-0.74593604,0.17088294
1251,-0.9390863,0.19822988
1252,-0.9870453,0.20771906
1253,-0.82826865,0.15864623
1254,-0.76820713,0.12856135
1255,-0.6759246,0.24571142
1256,-0.713908,0.20176727
1257,-0.8549321,0.23610923
1258,-1.0160338,0.20495369
1259,-0.48161706,0.18824342
1260,0.2816491,0.2347258
1261,-0.639144,0.19755626
1262,-0.8969383,0.19163345
1263,-0.93993014,0.21491805
1264,-0.93332195,0.1418683
1265,-0.561744,0.17113501
1266,-0.9643372,0.19427453
1267,-0.7328051,0.13742723
1268,-0.82483447,0.20885582
1269,-0.6505984,0.2002131
1270,-0.46009126,0.14571993
1271,-0.7662067,0.19585283
1272,-0.7081984,0.19314565
1273,-0.41050473,0.12565523
1274,-0.7130027,0.19346397
1275,-0.86437285,0.25143498
1276,-0.63541716,0.16060564
1277,-0.4626401,0.1375504
1278,-0.72504723,0.14065982
1279,-0.60499436,0.14305894
1280,-0.91554177,0.1393902
1281,-0.557058,0.102141365
1282,-0.4309408,0.18927638
1283,-0.84440583,0.16982439
1284,-0.68559873,0.25752056
1285,-0.88089913,0.17632242
1286,-0.6150047,0.27192938
1287,-0.60291827,0.15167896
1288,-0.4567067,0.13603972
1289,-0.47903043,0.16172534
1290,-0.8738405,0.23178476
1291,-0.5245408,0.12145823
1292,-0.68388665,0.17233187
1293,-0.66120446,0.17311254
1294,-0.71397144,0.1632808
1295,-1.0585439,0.18079977
1296,-0.57989013,0.18985365
1297,-1.0664194,0.19641764
1298,-0.85771596,0.30291882
1299,-0.29765695,0.25842512
1300,-0.61665183,0.23231927
1301,-0.7444941,0.11867799
1302,-0.58431596,0.20893148
1303,-0.8015728,0.15412766
1304,-0.42630997,0.19090264
1305,-0.67131,0.19028947
1306,-0.8815314,0.1483392
1307,-0.5634365,0.26805142
1308,-0.6146163,0.21771201
1309,-0.8038904,0.34258068
1310,-0.5569906,0.16675147
1311,-0.76141584,0.19443427
1312,-0.6078988,0.17039812
1313,-0.53092575,0.16367215
1314,-0.8293926,0.18228823
1315,-0.9017292,0.13998063
1316,-0.6657859,0.16148467
1317,-1.1369013,0.15826009
1318,-0.7645976,0.11248025
1319,-0.6609883,0.13211301
1320,-0.5548749,0.08316552
1321,-0.5672931,0.19790804
1322,-0.57905185,0.19966547
1323,-0.5647688,0.1265476
1324,-0.47150213,0.11686021
1325,-0.82440406,0.14338392
1326,-0.68476546,0.20750692
1327,-0.57687145,0.19375953
1328,-0.78729945,0.17487718
1329,-1.0067512,0.28584462
1330,-0.7398143,0.1683907
1331,-0.6875265,0.1455186
1332,-0.5811629,0.14629212
1333,-0.75587875,0.22663926
1334,-1.0862858,0.31375661
1335,-0.5976207,0.10157308
1336,-0.63414246,0.14089891
1337,-1.1201833,0.17189272
1338,-0.8295164,0.29007354
1339,-0.8659536,0.24027576
1340,-0.768595,0.13156173
1341,-0.48347387,0.14167438
1342,-0.9180158,0.12530398
1343,-0.8863804,0.2130156
1344,-0.67736685,0.16129963
1345,-0.51886576,0.16325837
1346,-0.53970635,0.21943858
1347,-0.5933951,0.1676262
1348,-0.7266172,0.18938322
1349,-0.87717086,0.16927247
1350,-0.45345983,0.074255764
1351,-0.44614044,0.15117516
1352,-0.56319636,0.12159557
1353,-0.5186293,0.14746083
1354,-1.1736815,0.20459299
1355,-0.86107635,0.20034632
1356,-0.594206,0.19342506
1357,0.108415626,0.34994748
1358,-0.07271872,0.13922505
1359,-1.1664972,0.18007447
1360,-0.7197721,0.16658829
1361,-0.6015946,0.13047373
1362,-0.67228866,0.1927412
1363,-0.8974339,0.22911014
1364,-0.92361814,0.2219542
1365,-0.5983873,0.200552
1366,-0.6603403,0.17461881
1367,-0.80591697,0.19139482
1368,-0.7323478,0.14515477
1369,-0.71099216,0.1292622
1370,-0.7227432,0.21812327
1371,-0.69091415,0.20785725
1372,-0.66394836,0.17252474
1373,-0.64643407,0.21217108
1374,-0.49660963,0.1641043
1375,-0.89641076,0.16410558
1376,-0.81333125,0.20548257
1377,-0.96532726,0.13147156
1378,-0.91234815,0.22275972
1379,-0.80318785,0.2200753
1380,-0.6915787,0.21305835
1381,-0.7367679,0.1278204
1382,-0.6172334,0.25223914
1383,-0.7211076,0.16192994
1384,-0.7171911,0.12665096
1385,-0.13954109,0.25584537
1386,-0.6259592,0.1956395
1387,-0.81962097,0.22232339
1388,-0.6445455,0.15824316
1389,-0.7490732,0.22876918
1390,-0.8560673,0.18122505
1391,-0.5664884,0.15310247
1392,-0.3371156,0.0594962
1393,-0.47186536,0.14090015
1394,-0.5624772,0.16699152
1395,-0.71154743,0.25243506
1396,-0.4573149,0.13128123
1397,-0.77284104,0.20826393
1398,-0.99642915,0.20268199
1399,-0.9688228,0.21932364
1400,-0.9742128,0.25171956
1401,-0.8398116,0.1571523
1402,-0.6730731,0.14525796
1403,-0.7423938,0.21202734
1404,-0.9227606,0.1855964
1405,-0.9196595,0.1696664
1406,-0.51394737,0.07626379
1407,-0.9764983,0.28446656
1408,-0.7165598,0.15346523
1409,-0.60695016,0.123056926
1410,-0.86871606,0.21154441
1411,-0.68286955,0.17030168
1412,-0.57445645,0.16472371
1413,-0.564715,0.11457593
1414,-0.84909457,0.16685438
1415,-0.7209423,0.13447994
1416,-0.9814188,0.24230984
1417,-0.5107929,0.17413157
1418,-0.70446557,0.17839487
1419,-1.0756065,0.1576431
1420,-0.51731026,0.1272041
1421,-0.5971326,0.11598238
1422,-1.0487316,0.15266687
1423,-0.98902714,0.20632961
1424,-0.6336622,0.16037421
1425,-0.75361454,0.17040452
1426,-0.50676537,0.16024028
1427,-0.95727396,0.16670665
1428,-0.90620023,0.18237881
1429,-0.5957097,0.1256684
1430,-0.55877244,0.10788755
1431,-0.4323544,0.11629544
1432,-0.4180913,0.15487361
1433,-0.51627886,0.113374814
1434,-0.1483914,0.15214394
1435,-0.83405745,0.19280754
1436,-1.0017387,0.2000269
1437,-0.7004091,0.25517055
1438,-0.8101614,0.2977233
1439,-0.54135454,0.1486388
1440,-0.5492509,0.11877036
1441,-0.367652,0.12921077
1442,-0.6460061,0.24432322
1443,-0.7417985,0.102867454
1444,-0.8330614,0.32699576
1445,-0.54562724,0.11894691
1446,-0.29938444,0.16137628
1447,-0.41108513,0.10823188
1448,-0.5602708,0.24188314
1449,-0.7779379,0.2852693
1450,-0.9935721,0.30708754
1451,-0.60489225,0.18048944
1452,-1.0103061,0.1789508
1453,-0.75398654,0.12851481
1454,-0.63623816,0.11161417
1455,-0.37606326,0.1790386
1456,-0.72444594,0.16709436
1457,-0.48652554,0.17564091
1458,-0.3606705,0.10758748
1459,-0.6998656,0.14429384
1460,-0.754397,0.22509953
1461,-0.40766287,0.15633495
1462,-0.50041074,0.16823319
1463,-0.995142,0.19955546
1464,-0.53560954,0.21562852
1465,-0.939419,0.16195333
1466,-0.60339737,0.2103956
1467,-0.49522296,0.11132704
1468,-1.1190077,0.26488638
1469,-0.5238753,0.12629625
1470,-0.56380075,0.18018737
1471,-0.7307134,0.1316116
1472,-0.9039418,0.23364706
1473,0.3359451,0.40085506
1474,-0.7393559,0.22092333
1475,-0.7608471,0.24922848
1476,-0.5487758,0.1772277
1477,-0.9458439,0.15200776
1478,-0.7132459,0.16256219
1479,-0.7929335,0.15056738
1480,-0.4422474,0.116382785
1481,-0.69520587,0.2099202
1482,-0.50709647,0.08644163
1483,-0.9850353,0.18170851
1484,-0.65457356,0.1408715
1485,-0.6495447,0.2021185
1486,-0.5367629,0.22763167
1487,-0.017548561,0.27162865
1488,-0.65082425,0.15937561
1489,-0.5292326,0.14885874
1490,-0.42362052,0.15902084
1491,-0.8646611,0.22571674
1492,-0.64573586,0.21485242
1493,-0.4716467,0.20563038
1494,-0.7150997,0.17137927
1495,-0.5369989,0.19257988
1496,-0.6477706,0.17446013
1497,-0.46170816,0.21806026
1498,-0.6385096,0.14125635
1499,-0.042633258,0.11287633
1500,-0.49283868,0.10199871
1501,-0.64734215,0.20785636
1502,-0.8229578,0.1992173
1503,-0.57124585,0.17935905
1504,-0.58918715,0.20843078
1505,-1.8557117,0.35740748
1506,-0.7453616,0.20485422
1507,-0.94430697,0.16450384
1508,-0.7380103,0.16377524
1509,-0.39678136,0.9053724
1510,-1.1091406,0.21740937
1511,-0.4684709,0.10280065
1512,-0.5654327,0.1255538
1513,-0.8109137,0.17964673
1514,-0.73147684,0.13154492
1515,-0.77583516,0.13771264
1516,-0.83793163,0.19540584
1517,-0.65326655,0.20850922
1518,-0.7469134,0.17942227
1519,-0.72503674,0.17147455
1520,-0.65447223,0.15840477
1521,-0.7749332,0.15558094
1522,-0.8955234,0.18057549
1523,-0.49137527,0.15302593
1524,-1.0761015,0.14784719
1525,-0.89372253,0.20221636
1526,-0.824469,0.27818388
1527,-0.5751042,0.13565686
1528,-0.72142726,0.27795032
1529,-0.81742305,0.13841704
1530,-0.49668318,0.11488994
1531,-0.34783334,0.07925225
1532,-1.0328296,0.1961078
1533,-0.72686845,0.16668206
1534,-0.90686685,0.19263072
1535,-0.757425,0.20076507
1536,-1.0668914,0.16141224
1537,-0.74608696,0.13555276
1538,-0.6977336,0.18448566
1539,-0.7342825,0.16384386
1540,-0.79734814,0.12103378
1541,-0.3816907,0.104049124
1542,-0.7389785,0.3087797
1543,-0.88876307,0.24694097
1544,-0.44562474,0.15986988
1545,-0.728082,0.24893625
1546,-0.6506871,0.114860795
1547,-0.59120715,0.120461546
1548,-0.9239777,0.16313553
1549,-1.1914358,0.17994176
1550,-0.75404686,0.20038268
1551,-0.84569895,0.19486111
1552,-0.8509615,0.24424472
1553,-0.6628016,0.1691045
1554,-0.68438196,0.08823097
1555,-0.7823675,0.12965447
1556,-0.65283835,0.1202897
1557,-0.45080113,0.20788917
1558,-0.4464225,0.16822955
1559,-0.9361145,0.2260181
1560,-0.5161296,0.23279494
1561,-0.43160105,0.17866868
1562,-0.6261823,0.117122814
1563,-0.716838,0.13774824
1564,-0.923919,0.13368937
1565,-0.81354296,0.18869293
1566,-0.7205908,0.20982195
1567,-0.36907157,0.17573297
1568,-0.7721142,0.14257436
1569,-0.6767854,0.14389345
1570,-0.49927837,0.16261573
1571,-0.48245376,0.15513615
1572,-0.3827671,0.17235318
1573,-0.6425341,0.1830346
1574,-0.5804734,0.16409619
1575,-0.58819467,0.15547754
1576,-0.47686386,0.14324361
1577,-1.0040104,0.13256504
1578,-0.51315314,0.19771662
1579,-0.79193354,0.15376851
1580,-0.6540061,0.11307249
1581,-0.528468,0.17013226
1582,-0.5894699,0.22962879
1583,-0.5645355,0.14429767
1584,-0.7067321,0.21014494
1585,-0.3797912,0.12059652
1586,-0.5432755,0.1204645
1587,-1.0562527,0.25503743
1588,-1.2447764,0.15976818
1589,-0.8341583,0.19096617
1590,-0.6060665,0.13842031
1591,-0.5269432,0.2250013
1592,-1.1256638,0.19911514
1593,-0.5934162,0.15391946
1594,-0.63930273,0.10557712
1595,-0.86411345,0.17558244
1596,-0.6687149,0.17286298
1597,-0.31874192,0.09177919
1598,-0.6197111,0.16198182
1599,-0.89699763,0.25431004
1600,-0.65380454,0.23266275
1601,-0.72184414,0.17584315
1602,-0.7481512,0.13776582
1603,-0.8837379,0.21940139
1604,-0.68408763,0.15741059
1605,-0.3952086,0.113459855
1606,-0.5353317,0.19992134
1607,-0.055121243,0.26373845
1608,-0.60696316,0.18082272
1609,-0.63008535,0.24141313
1610,-0.592017,0.17201948
1611,-0.8705174,0.2377501
1612,-0.6389843,0.20225117
1613,-0.6074128,0.15456761
1614,-0.83761424,0.12950061
1615,-0.71623266,0.17682728
1616,-0.9843461,0.21143477
1617,-0.6709674,0.17611255
1618,-0.6278021,0.2340108
1619,-0.7518877,0.20334165
1620,-0.5947131,0.26653677
1621,-0.8001628,0.2293337
1622,-0.4174214,0.08611735
1623,-0.46835136,0.10139027
1624,-0.8577452,0.1487308
1625,-0.68607557,0.2097863
1626,-0.6058506,0.22126983
1627,-0.95344275,0.20105444
1628,-0.7611107,0.11098785
1629,-0.6405431,0.17021179
1630,-0.5231209,0.20247442
1631,-0.83008826,0.21304026
1632,-0.6150396,0.15175195
1633,-0.50278026,0.13881789
1634,-1.0578026,0.19668044
1635,-0.7929122,0.17863159
1636,-0.45162088,0.21176137
1637,-0.43834823,0.12459137
1638,-0.834647,0.18717964
1639,-0.64383477,0.17678387
1640,-0.7958458,0.1438812
1641,-0.42071444,0.13627748
1642,-0.6170896,0.19451828
1643,-0.74061626,0.17218223
1644,-0.33173373,0.16886078
1645,-0.5153843,0.16910483
1646,-0.8867779,0.19219309
1647,-0.49195737,0.15867329
1648,-0.44143605,0.13624607
1649,-0.40379447,0.16777839
1650,-0.5209271,0.1372202
1651,1.8255081,0.35068515
1652,-0.8257958,0.20334627
1653,-0.45748812,0.1118352
1654,-0.71505356,0.22733335
1655,-0.91957223,0.18359178
1656,-0.7781713,0.2752496
1657,-0.654309,0.16736057
1658,-1.0142326,0.17043771
1659,-0.6458268,0.12424195
1660,-0.75657654,0.13974902
1661,-0.9932582,0.18443695
1662,-0.92713964,0.19676109
1663,-0.68557703,0.18586084
1664,-0.66390663,0.20744091
1665,-0.4795553,0.1267968
1666,-0.627206,0.11988634
1667,-0.47853917,0.106272906
1668,-0.5655961,0.189695
1669,-0.5769342,0.1830895
1670,-0.33488363,0.20490323
1671,-0.3039192,0.17623925
1672,-0.80198,0.24226007
1673,-0.5816158,0.1672292
1674,-0.85594785,0.13080208
1675,-0.8309063,0.14144051
1676,-0.5424241,0.3155173
1677,-0.6751245,0.24063659
1678,-0.80185926,0.20459172
1679,-0.7385402,0.16134027
1680,-0.84593695,0.14780687
1681,-0.53000385,0.11402601
1682,-0.6664125,0.16516915
1683,-0.48223868,0.22815655
1684,-0.6732863,0.18991165
1685,-0.90250206,0.23129931
1686,-0.6859108,0.10802146
1687,-0.46248013,0.11579993
1688,-0.78744936,0.147675
1689,-0.79330415,0.25710538
1690,-0.48304597,0.3421284
1691,-0.9010154,0.21792987
1692,-0.43287438,0.088772886
1693,-0.4132999,0.11150998
1694,-0.6485327,0.20190021
1695,-0.582071,0.12748562
1696,-0.94122714,0.2572863
1697,-0.71988076,0.2730531
1698,-0.5801186,0.21244775
1699,0.8666544,0.42446685
1700,-0.5718734,0.17061229
1701,-0.6841569,0.189569
1702,-0.67360824,0.11549853
1703,-0.29246086,0.2219983
1704,-0.6312176,0.14592487
1705,-0.7978028,0.18769571
1706,-0.8465811,0.15644774
1707,-0.8883917,0.14055374
1708,-0.6321323,0.08984809
1709,-0.48599634,0.18085739
1710,-0.75842404,0.18345472
1711,-0.89471114,0.1857212
1712,-0.443299,0.15546599
1713,-0.72418535,0.12757131
1714,-0.4221068,0.16316172
1715,-0.75814813,0.17555407
1716,-0.7519828,0.18199858
1717,-0.8425619,0.15208358
1718,-0.7199725,0.16166861
1719,-0.5847169,0.19250146
1720,-0.53791153,0.17219107
1721,-0.5064037,0.16734657
1722,-0.751301,0.14527483
1723,-0.42280275,0.16691184
1724,-0.7500391,0.16643104
1725,-0.632763,0.21010292
1726,-0.6805272,0.13414063
1727,-0.5979847,0.2199469
1728,-0.41234407,0.15926412
1729,-0.74887115,0.18045944
1730,-0.63746274,0.23302205
1731,-0.70290977,0.19168639
1732,-0.58880526,0.17431858
1733,-0.7083509,0.11372033
1734,-1.0818573,0.20124708
1735,-0.5160345,0.16048717
1736,-0.5861188,0.14544247
1737,-0.55726033,0.12304099
1738,-0.39975664,0.15623748
1739,-0.65692747,0.22436605
1740,-0.78740466,0.22531763
1741,-0.65738827,0.13193926
1742,-0.6939181,0.16238764
1743,-0.5382558,0.18475294
1744,-1.0089018,0.2371104
1745,-0.4959236,0.10502237
1746,-0.8620699,0.17788678
1747,-0.43338576,0.12157613
1748,-0.9605705,0.1716545
1749,-0.654256,0.14360812
1750,-0.9072261,0.2813677
1751,-0.8472292,0.21948496
1752,-0.6821082,0.21823381
1753,-0.2596995,0.17424619
1754,-0.6837231,0.15667525
1755,-0.38466436,0.11804378
1756,-0.71893203,0.24412149
1757,-0.47204408,0.17061496
1758,-0.39898506,0.09980683
1759,-0.73476064,0.16776846
1760,-0.40353614,0.12497054
1761,-0.65747565,0.1101606
1762,-0.4703462,0.10879163
1763,-0.95079195,0.12353723
1764,-0.53246975,0.10498341
1765,-0.5952831,0.12121671
1766,-0.503065,0.16036247
1767,-0.43972045,0.16758159
1768,-0.5338688,0.1323251
1769,-1.0264776,0.22610427
1770,-0.68275,0.20503277
1771,-0.50575566,0.16953517
1772,-0.78956527,0.20192222
1773,-0.6852897,0.15730378
1774,-0.79011184,0.14705135
1775,-0.7735382,0.12002494
1776,-0.79327136,0.11488267
1777,-0.7164488,0.214918
1778,-0.6895565,0.23643361
1779,-0.6195941,0.23113857
1780,-0.99337274,0.20211673
1781,-0.653826,0.17013267
1782,-0.6244025,0.12730238
1783,-0.83610535,0.11553228
1784,-0.2873873,0.19383815
1785,-0.88477993,0.1693061
1786,-0.7385008,0.19722605
1787,-0.44404897,0.11916505
1788,-0.87162143,0.24747032
1789,-0.829852,0.21789213
1790,-0.777609,0.16277534
1791,-0.7229589,0.1734795
1792,-0.7420463,0.16144994
1793,-0.74433184,0.19922847
1794,-0.62275535,0.16133046
1795,-0.68213046,0.19167851
1796,-0.7048019,0.18761528
1797,-0.46633172,0.14233874
1798,-0.5137435,0.20153514
1799,-0.74271834,0.19800757
1800,-0.4343539,0.17938426
1801,-0.5708907,0.12964512
1802,-0.70926416,0.09514235
1803,-0.53028286,0.18528317
1804,-0.66197026,0.15377244
1805,-0.53386545,0.18606462
1806,-0.69291884,0.253198
1807,-0.680457,0.14136237
1808,-0.9480074,0.17355905
1809,-0.41663685,0.16821544
1810,-0.5507045,0.125493
1811,-0.6771816,0.16089495
1812,-0.6017366,0.17945704
1813,-0.4761238,0.0676168
1814,-0.72366583,0.23895237
1815,-0.69185936,0.13664353
1816,-0.57660645,0.115135774
1817,-0.69415903,0.22006331
1818,-0.8563601,0.15015134
1819,-0.7006073,0.18065475
1820,-0.7817273,0.18258889
1821,-0.7722288,0.17630933
1822,-0.988587,0.15815982
1823,-0.90625316,0.23708925
1824,-0.6422183,0.22161232
1825,-0.5316046,0.19649576
1826,-1.0514567,0.26419514
1827,-0.6916207,0.16744469
1828,-0.6648003,0.20615219
1829,-0.6012658,0.11710133
1830,-0.77025384,0.28451595
1831,-0.9956757,0.17252429
1832,-0.64829254,0.12556288
1833,-0.6148836,0.19143228
1834,-0.514959,0.21836299
1835,-0.8311737,0.16420063
1836,-0.9282629,0.15851885
1837,-0.919165,0.18228635
1838,-0.6781902,0.2039687
1839,-0.74279267,0.16106081
1840,-0.6935119,0.15896167
1841,-0.7377244,0.13751817
1842,-0.695463,0.24144517
1843,-0.5348567,0.11674302
1844,-0.63561183,0.14970177
1845,-0.88980025,0.18704052
1846,-0.6372528,0.119075246
1847,-0.5604253,0.16582908
1848,-0.7275535,0.22746417
1849,-0.8684576,0.17733176
1850,-0.77805865,0.1085575
1851,-0.71911013,0.19157112
1852,-0.6488779,0.21233684
1853,-0.7158588,0.1994253
1854,-0.78041637,0.1617232
1855,-0.5985774,0.11061226
1856,-0.73777807,0.14439318
1857,-0.5315283,0.26192126
1858,-0.9907671,0.17197314
1859,-0.62476414,0.20849104
1860,0.29207867,0.22339603
1861,-0.8612669,0.13363884
1862,-0.33856887,0.14282462
1863,-0.7077308,0.14796935
1864,-0.5632602,0.12837858
1865,-0.6450473,0.14682883
1866,-0.87297934,0.2004465
1867,-0.9168765,0.13968778
1868,-0.57601,0.17633598
1869,-0.68165433,0.22276275
1870,-0.73797804,0.20463948
1871,-0.8404616,0.14106086
1872,-0.57640606,0.08289809
1873,-0.6559103,0.142961
1874,-1.0446174,0.14432429
1875,-0.6067629,0.12442848
1876,-0.6664243,0.28265095
1877,-0.9910641,0.20178565
1878,0.15863161,0.12175944
1879,-0.6738637,0.1217912
1880,-0.70915353,0.17491019
1881,-0.73502237,0.19593127
1882,-0.82818985,0.20215678
1883,-0.682238,0.12557793
1884,-0.5450634,0.12234557
1885,-0.735,0.18956225
1886,-0.4346238,0.20879424
1887,-0.7664948,0.26085278
1888,-0.7436012,0.26478562
1889,-0.82642096,0.11900599
1890,-0.5025891,0.12172342
1891,-0.60058165,0.18539624
1892,-0.8637012,0.16665545
1893,-0.43314534,0.6723514
1894,-0.5177969,0.098732434
1895,-0.7848326,0.14825264
1896,-0.74126047,0.1663702
1897,-0.7345068,0.24378745
1898,-0.7064322,0.23177814
1899,-1.0141532,0.18231267
1900,-0.68349856,0.16541296
1901,-0.7229339,0.2724521
1902,-0.8655407,0.16161692
1903,-0.8123778,0.13277642
1904,-0.6527193,0.19640668
1905,-0.9208412,0.16307083
1906,-0.47313666,0.19188362
1907,-0.88299674,0.22271977
1908,-0.85523176,0.17220493
1909,-0.63559616,0.18555021
1910,-0.59230953,0.16051704
1911,-0.9344746,0.18833086
1912,-0.65349805,0.111215204
1913,-0.737923,0.15578344
1914,-1.0168462,0.19608344
1915,-0.59611446,0.15100354
1916,-0.56838244,0.15272035
1917,-0.81052935,0.24433874
1918,-1.007617,0.12005057
1919,-0.5841043,0.1627289
1920,-0.6814923,0.20106329
1921,-0.9428261,0.18831538
1922,-0.8814192,0.19864893
1923,-0.7822348,0.18886194
1924,-0.57822055,0.21333
1925,-0.8418943,0.24456608
1926,-0.7730879,0.19289762
1927,-0.6583894,0.15860818
1928,-0.6418885,0.26517287
1929,-0.8519567,0.21402685
1930,-0.8729929,0.11926596
1931,-0.08026362,0.1878025
1932,-0.56540906,0.22405498
1933,-0.9833175,0.19030654
1934,-0.96149504,0.21034601
1935,-0.92095584,0.20073065
1936,-0.8624023,0.27352753
1937,-0.86861897,0.24522272
1938,-0.55788124,0.17133582
1939,-0.66622305,0.20838125
1940,-0.35622126,0.11299829
1941,-0.8340864,0.21820243
1942,-0.7628516,0.19479778
1943,-0.9560946,0.19056672
1944,-0.3866087,0.13801903
1945,-0.6324485,0.17065044
1946,-1.0065296,0.131314
1947,-0.91792524,0.24077435
1948,-0.9213374,0.12290492
1949,-0.65572536,0.23915543
1950,-0.8376738,0.14790694
1951,-0.8006197,0.18578732
1952,-0.7925132,0.13222738
1953,-0.7785303,0.15016611
1954,-0.5579337,0.1430175
1955,-0.7285584,0.17751195
1956,-0.6175557,0.19555256
1957,-0.5977396,0.16945113
1958,-0.57411146,0.18260145
1959,-0.9713518,0.13040599
1960,-0.59040785,0.13519543
1961,-0.63568276,0.21647856
1962,-0.6230033,0.13363701
1963,-0.76351106,0.2609676
1964,-0.4846615,0.21847975
1965,-0.7020329,0.1916473
1966,-0.5939432,0.13581151
1967,-0.67428523,0.17412384
1968,-0.7577197,0.12997016
1969,-0.7069436,0.18732518
1970,-0.65439975,0.21727833
1971,-0.79028916,0.13839923
1972,-0.73903507,0.2872364
1973,-0.6776396,0.18648244
1974,-0.55705893,0.14394048
1975,-1.1808562,0.20031695
1976,-0.82530534,0.19532481
1977,-0.8464462,0.21682945
1978,-0.3937557,0.1478632
1979,-0.6610467,0.18215927
1980,-0.8924347,0.17568669
1981,-0.62134594,0.12469255
1982,-0.62625515,0.22729069
1983,-0.5975746,0.15214948
1984,-0.6088268,0.1482098
1985,-0.7397772,0.19526237
1986,-0.54208815,0.12788518
1987,-0.6533581,0.17449364
1988,-0.24482484,0.099258415
1989,-0.56824464,0.14655833
1990,-0.69523746,0.15122601
1991,-0.99779665,0.21598062
1992,-0.8247657,0.22966954
1993,-0.65880793,0.23062645
1994,-0.57453287,0.18692231
1995,-0.72418225,0.15899776
1996,-0.8634617,0.2325638
1997,-0.9383305,0.1495887
1998,-0.825312,0.14551061
1999,-0.8352873,0.13117544
2000,-0.6756029,0.15478295
2001,-0.7939384,0.17391287
2002,-0.5852207,0.13130254
2003,-1.0734531,0.22294986
2004,-0.89218414,0.105820544
2005,-0.6701013,0.15828943
2006,-0.8670063,0.12951638
2007,-0.8823716,0.16426209
2008,-0.4824474,0.17861842
2009,-0.78180873,0.19804457
2010,-0.6203262,0.095994644
2011,-1.5311273,0.580918
2012,-0.4812216,0.14532909
2013,-0.79560304,0.13604616
2014,-0.6523801,0.14384344
2015,-0.70664674,0.19187304
2016,-0.53741443,0.14242867
2017,-1.2853559,0.2352345
2018,-0.8979438,0.15186195
2019,-0.41060925,0.12886558
2020,-0.30424076,0.09501336
2021,-0.82954633,0.25914198
2022,-0.74924076,0.28038785
2023,-0.83571357,0.20140167
2024,-0.6349069,0.19962563
2025,-1.0061194,0.13829426
2026,-0.527607,0.26223847
2027,-0.56654245,0.22767882
2028,-0.805198,0.23602438
2029,-0.85367525,0.21824901
2030,-0.4752532,0.12746091
2031,-0.53563905,0.19177255
2032,-0.6853687,0.2077827
2033,-0.8527239,0.185667
2034,-0.5566945,0.18268418
2035,-0.7172314,0.24864963
2036,-0.6270545,0.17148201
2037,-0.51915205,0.14060673
2038,-0.9909979,0.17154218
2039,-0.6476814,0.1887774
2040,-0.405131,0.2196398
2041,-0.46072286,0.12669465
2042,-0.96632755,0.11952656
2043,-0.93957984,0.18600117
2044,-0.67497003,0.12702401
2045,-0.96052283,0.16572188
2046,-0.7811225,0.107045665
2047,-0.79213464,0.14094223
2048,-0.7288626,0.1582298
2049,-1.0575798,0.17090186
2050,-0.87425536,0.17117739
2051,-0.7718875,0.15643853
2052,-0.45646185,0.123091556
2053,-0.90925235,0.20844051
2054,-0.8797878,0.15671876
2055,-0.9023377,0.11215437
2056,-0.72823906,0.14786647
2057,-0.59741956,0.067692846
2058,-0.9576559,0.23120525
2059,-0.52666837,0.18798529
2060,-0.8202249,0.17727767
2061,-0.6731218,0.1580324
2062,-0.7509442,0.15088053
2063,-0.6944126,0.13203736
2064,-0.87226784,0.2999439
2065,-0.5923961,0.11972748
2066,-0.84389246,0.4120939
2067,-0.802055,0.23416162
2068,-0.7080372,0.1592149
2069,-0.63044393,0.13382281
2070,-0.55941296,0.14912188
2071,-0.78825176,0.17798357
2072,-0.56328076,0.1250087
2073,-0.6918995,0.21454869
2074,-1.214556,0.19499847
2075,-0.87068063,0.22716151
2076,-0.5979277,0.19548741
2077,-0.5327553,0.18867083
2078,-0.7115806,0.16726108
2079,-0.6389206,0.11818526
2080,-0.81786406,0.16395447
2081,-0.742473,0.14891705
2082,-0.5240565,0.18369518
2083,-0.7641691,0.16266672
2084,-0.48200408,0.19269948
2085,-0.48215574,0.2735909
2086,-0.5536187,0.1624997
2087,-0.59539145,0.10616059
2088,-0.5988933,0.12072435
2089,-0.38036785,0.15564
2090,-1.0226085,0.15398277
2091,-0.7049693,0.27072632
2092,-0.523129,0.10743681
2093,-0.7863828,0.22259784
2094,-0.65093386,0.10519207
2095,-0.6175588,0.17272268
2096,-0.75634986,0.15941423
2097,-0.4976043,0.15138134
2098,-1.1019007,0.1968479
2099,-0.5889188,0.18227674
2100,-0.13852003,0.24950185
2101,-0.67571104,0.20103578
2102,-0.721411,0.13956167
2103,-0.88178766,0.22320274
2104,-0.87717354,0.19156839
2105,-0.84594077,0.17864248
2106,-0.67371523,0.118733294
2107,-0.6087324,0.22230911
2108,-0.58563566,0.08252389
2109,-0.81926024,0.17123014
2110,-0.47518644,0.23245782
2111,-0.5360209,0.17527692
2112,-0.43570453,0.099223755
2113,-0.49420747,0.20424616
2114,-0.6296474,0.18592311
2115,-0.7645661,0.12574273
2116,-0.7487324,0.17014492
2117,-0.5609535,0.1547147
2118,-0.49622145,0.16981597
2119,-0.3136415,0.11176498
2120,-0.7892575,0.17830615
2121,-0.9554426,0.2319681
2122,-0.9401614,0.18262878
2123,-0.96203727,0.20067061
2124,-0.5421049,0.16754724
2125,-0.691082,0.16285115
2126,-0.6974684,0.19554211
2127,-0.7911531,0.16046576
2128,-0.9864501,0.22510326
2129,-0.94417286,0.16947564
2130,-0.41626373,0.13672963
2131,-0.8264295,0.21661848
2132,-0.8210966,0.17710762
2133,-0.6588911,0.18138915
2134,-0.009732207,0.25654954
2135,-0.63431245,0.18505797
2136,-0.8166965,0.11375055
2137,-0.84235317,0.19806215
2138,-0.76798606,0.1732566
2139,-0.8182022,0.14831991
2140,-1.0249827,0.17237787
2141,-0.70167863,0.13693914
2142,-0.5682871,0.19146371
2143,-0.53471136,0.27027634
2144,-0.69458884,0.28517422
2145,-0.70035493,0.29561952
2146,-0.53547716,0.21103352
2147,-0.5821933,0.16363025
2148,-0.75551534,0.17299911
2149,-0.51090914,0.16168492
2150,-0.47534856,0.15147462
2151,-0.74070036,0.09489895
2152,-0.10087492,0.32049504
2153,-0.76410097,0.1767263
2154,-0.632758,0.13046585
2155,-0.942245,0.14698285
2156,-0.8962773,0.17574032
2157,-0.9833248,0.17881507
2158,-0.46530953,0.19160165
2159,-0.52094185,0.15500773
2160,-0.7858313,0.13683803
2161,-0.5909766,0.15613778
2162,-0.37291947,0.15882282
2163,-0.540168,0.14460441
2164,-0.84640694,0.11982953
2165,-0.48233575,0.17184563
2166,-0.5511013,0.17144924
2167,-0.67716277,0.21881713
2168,-0.618044,0.16054288
2169,-0.85535985,0.16018227
2170,-0.74112475,0.15954311
2171,-0.5857285,0.12171958
2172,-0.64741784,0.15458882
2173,-0.4768013,0.20983484
2174,-0.64598733,0.21242447
2175,-0.1620094,0.26819375
2176,-0.5354155,0.11897107
2177,-0.536595,0.19809644
2178,-0.6112443,0.18485482
2179,-0.63147724,0.12122214
2180,-0.6435724,0.14704497
2181,-0.6099675,0.13561073
2182,-0.78933215,0.1463979
2183,-0.83179206,0.1401683
2184,-0.736122,0.2100599
2185,-0.54295844,0.125303
2186,-0.5982525,0.21708786
2187,-0.47609687,0.22645368
2188,-0.7433018,0.21953888
2189,-0.34784418,0.111432135
2190,-0.6840614,0.16939323
2191,-0.48236504,0.09782728
2192,-0.70186025,0.17080253
2193,-0.42968702,0.14438047
2194,-0.5192777,0.25234523
2195,-0.7404293,0.19225843
2196,-0.7298739,0.17568535
2197,-1.1337445,0.15795112
2198,-0.6589738,0.20691784
2199,-0.51130474,0.1885423
2200,-0.59719956,0.15859172
2201,-0.5501179,0.15329576
2202,-0.8896588,0.18711272
2203,-0.43348774,0.23035161
2204,-0.5112389,0.22554731
2205,-0.90479374,0.19173957
2206,-0.767905,0.27261767
2207,-0.7744018,0.18376565
2208,-0.97500503,0.22324093
2209,-0.88867986,0.2689979
2210,-0.47748104,0.14947088
2211,-0.76567924,0.1523291
2212,-0.59240043,0.21163487
2213,-0.76918125,0.32462886
2214,-1.0123837,0.13728534
2215,-1.1104591,0.1665757
2216,-0.7302402,0.18871292
2217,-0.5679109,0.13287336
2218,-0.6102668,0.19680627
2219,-0.618019,0.21333818
2220,-0.5392464,0.07636484
2221,-0.45268336,0.13094229
2222,-0.55265945,0.19069023
2223,-0.6632613,0.15334739
2224,-0.82356673,0.132558
2225,-0.8843503,0.14861341
2226,-0.64258707,0.104952775
2227,-0.5240941,0.18940428
2228,-0.77833784,0.12758684
2229,-0.53087413,0.16326246
2230,-0.8020355,0.20736247
2231,-0.7066658,0.1273552
2232,-0.7966872,0.12866823
2233,-0.54431945,0.1222856
2234,-0.52984756,0.23123275
2235,-0.5814458,0.21570085
2236,-0.63730735,0.13958101
2237,-0.70492756,0.20425361
2238,-0.5403837,0.14935605
2239,-0.7078146,0.19050576
2240,-0.51062137,0.17456509
2241,-0.9726261,0.22551373
2242,-0.57848835,0.2154043
2243,-0.72896135,0.17714001
2244,-0.71769625,0.15237944
2245,-0.6909589,0.11896425
2246,-0.71611196,0.17408295
2247,-0.71578526,0.13508585
2248,-0.5763029,0.14533818
2249,-0.8732084,0.22781286
2250,-1.1349175,0.21314739
2251,-0.37964916,0.17729557
2252,-1.1020525,0.19978397
2253,-0.8394041,0.15203083
2254,-1.1386931,0.2758377
2255,-0.8237597,0.1312272
2256,-0.6980387,0.12854993
2257,-0.17324269,0.21066537
2258,-0.44507065,0.11193736
2259,-0.66456616,0.1650094
2260,-0.8469485,0.18967158
2261,-0.48839727,0.16094945
2262,-0.89121187,0.2324137
2263,-0.5293325,0.17398648
2264,-0.5278541,0.20166217
2265,-0.7354378,0.14350364
2266,-0.5245389,0.11091508
2267,-0.9665807,0.18178952
2268,-0.76254475,0.24718739
2269,-0.5827416,0.13759068
2270,-0.84084606,0.2442111
2271,-0.5705221,0.17860945
2272,-0.8361565,0.14972292
2273,-0.6150724,0.17161077
2274,-0.68060356,0.17345627
2275,-0.6827197,0.18816712
2276,-0.95075715,0.22650872
2277,-0.7255916,0.14681678
2278,-0.3919528,0.15155622
2279,-0.68065,0.06896778
2280,-0.5232369,0.17308897
2281,-0.75361454,0.14140175
2282,-0.69820046,0.13389798
2283,-1.1097543,0.19382544
2284,-0.64201105,0.16349737
2285,-0.6074997,0.11473737
2286,-0.6473249,0.15139917
2287,-0.82293034,0.15563697
2288,-0.6223632,0.24089423
2289,-0.69902074,0.16286935
2290,-0.53182757,0.17104788
2291,-0.5191072,0.1099146
2292,-0.7807044,0.2685208
2293,-0.6255394,0.1730392
2294,-0.60665005,0.09768168
2295,-0.72802085,0.16889878
2296,-0.6411005,0.19936267
2297,-0.76677644,0.16822927
2298,-0.68750536,0.24502021
2299,-0.87531203,0.2034859
2300,-0.8729275,0.109111406
2301,-0.71843433,0.2411599
2302,-0.6238477,0.17894596
2303,-0.5916156,0.1728997
2304,-0.441965,0.14828798
2305,-0.9508955,0.20940946
2306,-0.7746161,0.19288075
2307,-0.7296354,0.2039135
2308,-0.5646137,0.15751982
2309,-0.6236737,0.1775457
2310,-0.6390722,0.19920173
2311,-0.758218,0.1796872
2312,-0.5588341,0.1659244
2313,-0.6932453,0.13599777
2314,-0.7783183,0.21566203
2315,-0.4831203,0.15691791
2316,-0.7128318,0.15706539
2317,-0.7501091,0.15526558
2318,-0.502283,0.11222735
2319,-0.6416962,0.24626158
2320,-0.8205202,0.18771006
2321,-0.56782407,0.16167201
2322,-0.5814605,0.19049223
2323,-0.8595885,0.20323403
2324,-0.42676696,0.13727164
2325,-0.8756223,0.1411294
2326,-0.54861486,0.12422628
2327,-0.7786946,0.15497653
2328,-0.76589215,0.124355786
2329,-0.6175052,0.21048605
2330,-1.2021835,0.41214928
2331,-0.7042987,0.20467173
2332,-0.6415057,0.12917235
2333,-0.72482663,0.22270004
2334,-0.58148235,0.18088928
2335,-1.1123385,0.20283376
2336,-0.53386617,0.12934273
2337,-0.6677549,0.24011403
2338,-1.0257127,0.3008255
2339,-0.6805723,0.12783767
2340,-0.57782537,0.1660464
2341,-0.9183707,0.1447772
2342,-0.58852667,0.11038732
2343,-0.7321291,0.16827402
2344,-0.44779128,0.2527441
2345,-0.72864234,0.16452369
2346,-0.46476525,0.110745706
2347,-0.7230261,0.22558664
2348,-0.6285763,0.19239771
2349,-0.89567584,0.17910828
2350,-0.008307338,0.24798347
2351,-0.59916747,0.18879478
2352,-0.48356733,0.1394569
2353,-0.6563128,0.093370944
2354,-0.9852832,0.25389248
2355,-0.8341482,0.1963386
2356,-0.80436534,0.16973685
2357,-0.53937995,0.13568456
2358,-0.33510843,0.13668677
2359,-0.56786466,0.15134795
2360,-0.7784831,0.17867279
2361,-0.8797762,0.2072676
2362,-0.5233098,0.21891648
2363,-0.6681615,0.1664307
2364,-0.8047449,0.18803455
2365,-0.85571367,0.18940902
2366,-0.54943424,0.18469167
2367,-0.5052763,0.0767069
2368,-0.6459356,0.19038995
2369,-0.79375255,0.1423235
2370,-0.7846373,0.13580169
2371,-0.6419082,0.21608786
2372,-0.87737304,0.15574634
2373,-0.91406804,0.16328922
2374,-0.7694332,0.11319681
2375,-0.66429675,0.18596931
2376,-0.94712543,0.22193748
2377,-0.63682425,0.1611598
2378,-0.6505473,0.11246168
2379,-0.32865813,0.086597286
2380,-0.7093681,0.18434145
2381,-0.73598987,0.1442638
2382,-0.51456183,0.14516707
2383,-1.2892443,0.20304923
2384,-0.6083044,0.16291936
2385,-0.5941338,0.17135918
2386,-0.59633213,0.1875138
2387,-0.5456627,0.095543645
2388,-0.9798578,0.19514608
2389,-0.8480337,0.16875264
2390,-0.4549945,0.2056424
2391,-0.5560298,0.115779236
2392,-0.4923839,0.12837145
2393,-0.6945594,0.140316
2394,-0.94477767,0.26168728
2395,-0.7571169,0.21253006
2396,-0.9941441,0.22334035
2397,-0.6852881,0.1864711
2398,-0.3617886,0.19286413
2399,-0.5724017,0.13670152
2400,-0.79382503,0.27340004
2401,-0.60300046,0.18406256
2402,-0.4334435,0.120796956
2403,-0.7669209,0.25818828
2404,-0.6123575,0.15209472
2405,-0.6973502,0.16778563
2406,-0.8678392,0.19194666
2407,-0.5487443,0.13217956
2408,-0.86989844,0.19133584
2409,-0.6894354,0.14506193
2410,-0.4724118,0.16314434
2411,-0.9270555,0.23677754
2412,-0.74121875,0.22077163
2413,-0.35995135,0.104560256
2414,-0.7253631,0.18439081
2415,-0.7372119,0.19297685
2416,-0.4929927,0.12920603
2417,-0.8823393,0.21928386
2418,-0.8208992,0.17312738
2419,-0.68648976,0.22194122
2420,-0.8305217,0.20021038
2421,-0.48000318,0.14306308
2422,-0.6431147,0.17511149
2423,-0.6405237,0.24913196
2424,-0.53840435,0.20734365
2425,-0.5407303,0.20146777
2426,-0.80116844,0.10609128
2427,-0.79926306,0.19425917
2428,-0.75945157,0.18691963
2429,-0.42998248,0.103181034
2430,-0.7312342,0.14247556
2431,-0.46201125,0.17063814
2432,-1.1013219,0.16259141
2433,-0.777778,0.21147278
2434,-0.6576269,0.15397751
2435,-0.60161436,0.18546866
2436,-0.7884857,0.19311912
2437,-0.6615225,0.1391978
2438,-0.49989972,0.099728756
2439,-0.82921886,0.14495116
2440,-0.840238,0.20596841
2441,-0.5598133,0.15216413
2442,-0.53420794,0.0993905
2443,-0.90696985,0.13789386
2444,-0.6980103,0.13954084
2445,-0.7023518,0.16910917
2446,-0.5335653,0.08153817
2447,-0.7478694,0.13694029
2448,-0.5892361,0.22260092
2449,-0.52213,0.1663578
2450,-0.6398753,0.25621498
2451,-0.56428814,0.15726332
2452,-0.7848021,0.14270774
2453,-0.8481184,0.18559133
2454,-0.6669712,0.10768464
2455,-0.896762,0.22620203
2456,-0.9941141,0.17838338
2457,-0.99899274,0.26768517
2458,-0.80593836,0.20571296
2459,-1.1055582,0.20459548
2460,-0.25563437,0.46312213
2461,-0.38899705,0.13330458
2462,-0.56341416,0.17216966
2463,-0.6706327,0.14290692
2464,-0.7269763,0.21088576
2465,-0.89689445,0.17322217
2466,-0.92292273,0.18975094
2467,-0.5562068,0.15744013
2468,-0.18980768,0.16532412
2469,-0.6953789,0.22416942
2470,-0.45038253,0.24664122
2471,-0.91872025,0.16469252
2472,-0.52115995,0.13065396
2473,-0.5020387,0.1835732
2474,-1.0887558,0.23617886
2475,-0.79770845,0.15143067
2476,-0.89770573,0.2570356
2477,-0.6250475,0.15525605
2478,-0.7264539,0.2089255
2479,-0.9428593,0.18525434
2480,-0.6282977,0.105800204
2481,-0.99437124,0.14104983
2482,-1.0261364,0.22270478
2483,-0.7394926,0.16657868
2484,-0.58324575,0.21488768
2485,-0.5691495,0.1282161
2486,-0.28785735,0.09801476
2487,-0.49554554,0.15383512
2488,-0.7733413,0.33066556
2489,-0.8630773,0.19652452
2490,-0.5550825,0.1290444
2491,-0.7814814,0.19340631
2492,-0.77394813,0.11887035
2493,-0.8396487,0.18972217
2494,-0.56555355,0.13176855
2495,-0.7709048,0.11134082
2496,-0.63013095,0.18909462
2497,-0.7504434,0.118374445
2498,-0.74221295,0.17672364
2499,-0.7331726,0.1801653
2500,-0.67924863,0.15919755
2501,-0.7605481,0.17297877
2502,-0.5817591,0.18267891
2503,-0.50460386,0.1700721
2504,-0.5911007,0.1487297
2505,-0.8326109,0.1466561
2506,-0.6961879,0.19242622
2507,-0.5396203,0.14145046
2508,-0.9262207,0.18110922
2509,-0.6866188,0.22046046
2510,-0.56184936,0.14531739
2511,-0.63400733,0.15854195
2512,-0.61653984,0.24004325
2513,-0.76357573,0.14876154
2514,-0.9489732,0.22528543
2515,-0.719555,0.15241852
2516,0.15429322,0.37191835
2517,-0.84700614,0.14379865
2518,-0.79882026,0.14301792
2519,-0.40943488,0.18276021
2520,-0.57281715,0.16691062
2521,-0.7521027,0.1376949
2522,-0.8581759,0.13027652
2523,-0.658106,0.1756434
2524,-0.799267,0.16843322
2525,-0.6195508,0.1220021
2526,-0.57982486,0.16141148
2527,-0.87507135,0.165402
2528,-0.5994498,0.16436289
2529,-0.7903687,0.17069913
2530,-0.7122735,0.18792804
2531,-0.9805525,0.21191338
2532,-0.6305593,0.13596673
2533,-0.8881546,0.15061656
2534,-0.39641047,0.23208326
2535,-0.23877606,0.20211923
2536,-0.3405554,0.095547326
2537,-0.8543536,0.17625958
2538,-0.7583043,0.25181448
2539,-0.47226438,0.20298535
2540,-0.67768323,0.14190964
2541,-0.9868251,0.2081653
2542,-0.93018436,0.17547867
2543,-0.6995175,0.16640908
2544,-0.7553865,0.24611238
2545,-0.3882454,0.10444844
2546,-0.4273469,0.11153927
2547,-0.7578373,0.24570535
2548,-0.8485193,0.22495387
2549,-0.8904033,0.16133675
2550,-0.6825126,0.16828303
2551,-0.700558,0.18342112
2552,-0.7158299,0.15734187
2553,-0.6043445,0.08587563
2554,-0.7117287,0.23959479
2555,-0.49298438,0.11236437
2556,-0.5517344,0.17108196
2557,-0.7150978,0.20719534
2558,-0.56306535,0.23368375
2559,-0.6267482,0.1170919
2560,-0.52405083,0.1263263
2561,-0.49496755,0.17990665
2562,-0.5356561,0.20171338
2563,-0.39887595,0.18949646
2564,-0.5164577,0.1404612
2565,-0.7382495,0.1772465
2566,-0.85702354,0.18169393
2567,-0.71366775,0.23315893
2568,-0.47895423,0.18427911
2569,-0.68259954,0.13127607
2570,-1.1552618,0.22666611
2571,-0.93525696,0.2252093
2572,-0.8078394,0.13540971
2573,-0.50168526,0.13504247
2574,-0.8187951,0.12067923
2575,-0.81624794,0.16263492
2576,-0.7234527,0.16243066
2577,-0.81029594,0.17804228
2578,-0.57195127,0.1612063
2579,-0.84894496,0.2236843
2580,-0.69978917,0.18859194
2581,-0.83018255,0.2429665
2582,-0.93200076,0.18367271
2583,-0.77233475,0.21015821
2584,-0.7687152,0.14127894
2585,-0.9111525,0.16878192
2586,-0.97807324,0.1768611
2587,-0.59206134,0.2494282
2588,-0.56354284,0.20726934
2589,-1.024785,0.14831726
2590,-0.49845606,0.10712771
2591,-0.50845325,0.13887638
2592,-0.65236855,0.17032808
2593,-0.79279166,0.1393201
2594,-0.5967961,0.2054963
2595,-0.7573795,0.23037651
2596,-0.6520631,0.10828582
2597,-1.2571958,0.15933374
2598,-0.5285262,0.19150196
2599,-0.771512,0.14863184
2600,-0.5101744,0.18458043
2601,-0.540208,0.1862274
2602,-0.6476324,0.17528032
2603,-0.8463001,0.26125485
2604,-0.5889157,0.15637775
2605,-0.3820144,0.082766764
2606,-0.560052,0.13870792
2607,-0.5058502,0.13292618
2608,-0.82886,0.17583318
2609,-0.5358493,0.11949159
2610,-0.50783837,0.13584724
2611,-1.0685537,0.24119766
2612,-0.6935359,0.15661606
2613,-0.6084491,0.23135446
2614,-0.84283334,0.13829161
2615,-0.8646703,0.21925648
2616,-0.6499149,0.16877946
2617,-0.95379907,0.20585789
2618,-1.0621374,0.15146942
2619,-0.68202746,0.09939919
2620,-0.5076343,0.11706321
2621,-0.77975285,0.17292294
2622,-0.9263509,0.19733603
2623,-0.5277356,0.13693388
2624,-0.5788016,0.21210904
2625,-0.8793354,0.22067705
2626,-0.59211427,0.20120338
2627,-0.41947222,0.20176302
2628,-0.69197214,0.25259668
2629,-0.5421814,0.21390063
2630,-0.5268612,0.18213199
2631,-0.7372446,0.18856978
2632,-0.58699477,0.13946244
2633,-0.4534006,0.13704656
2634,-0.6463952,0.08301063
2635,-0.7622119,0.14301947
2636,-0.6003468,0.19904914
2637,-0.47221106,0.16807896
2638,-0.8733147,0.19369057
2639,0.196564,0.24885859
2640,-0.7219882,0.20558803
2641,0.182324,0.16284485
2642,-0.67914313,0.27305946
2643,-0.20783277,0.121137485
2644,-0.7637275,0.18978356
2645,0.11074458,0.6574693
2646,-0.7822775,0.21689145
2647,-0.45834583,0.2644244
2648,-0.42382422,0.16496818
2649,-0.71177113,0.22195438
2650,-0.80281067,0.26045173
2651,-0.92190707,0.1778415
2652,-0.656139,0.14927854
2653,-0.7839309,0.19030245
2654,-0.7118131,0.1843967
2655,-0.5004444,0.22044496
2656,-0.8353623,0.20250411
2657,-0.51154536,0.10361812
2658,-0.5528852,0.14543429
2659,-0.5973913,0.17377198
2660,-0.5550795,0.15145601
2661,-0.8371264,0.13882318
2662,-0.5946201,0.1632867
2663,-0.6608213,0.24624944
2664,-0.97225267,0.28107387
2665,-0.689447,0.16236596
2666,-0.95727473,0.12770484
2667,-0.8415898,0.2109372
2668,-0.75992763,0.32617068
2669,-0.5897462,0.21648231
2670,-0.5556396,0.199113
2671,-0.8399294,0.14862664
2672,-0.56933916,0.12776652
2673,-0.8555225,0.2666176
2674,-0.851878,0.25245363
2675,-0.55806756,0.14741781
2676,-0.78522575,0.16896045
2677,-0.8003286,0.22953837
2678,-0.74099535,0.22236985
2679,-0.6587226,0.13354929
2680,0.13601443,0.26266673
2681,-0.56024873,0.2015071
2682,-0.36292577,0.12952295
2683,-0.6994665,0.2807963
2684,-0.6657777,0.18559949
2685,-0.8374876,0.25552437
2686,-0.4169991,0.12781523
2687,-0.397992,0.083472356
2688,-0.72676677,0.2157162
2689,-1.2565811,0.27862415
2690,-0.8575897,0.19395499
2691,-0.8663591,0.22771607
2692,-0.76414025,0.1826415
2693,-0.6116476,0.23876713
2694,-0.72333336,0.1363946
2695,-0.73619395,0.17354807
2696,-0.7077128,0.2417706
2697,-0.6112887,0.22337124
2698,-0.7243062,0.2145595
2699,-0.49874496,0.17509651
2700,-0.8675273,0.1828627
2701,-0.62715447,0.22957368
2702,-0.89574176,0.22777833
2703,-0.39828062,0.17969376
2704,-1.0314357,0.26123318
2705,-0.8217554,0.22705087
2706,-0.6310593,0.24996957
2707,-0.7567503,0.20103997
2708,-0.82804525,0.23091255
2709,-0.43484616,0.13102616
2710,-1.151446,0.25465313
2711,-0.9660069,0.20802802
2712,-0.85153705,0.17461215
2713,-0.42000604,0.18057527
2714,-0.7141937,0.14885016
2715,-0.78471094,0.17717728
2716,-0.49866563,0.18857677
2717,-0.5347804,0.15217853
2718,-0.84048605,0.21315464
2719,-0.57390124,0.11498159
2720,-0.83193386,0.19101408
2721,-0.39307863,0.104677066
2722,-0.87402976,0.15650463
2723,-0.9154444,0.13067557
2724,-0.62264574,0.16528656
2725,-0.88497293,0.19269422
2726,-0.71669406,0.16317648
2727,-0.88545686,0.11307583
2728,-0.55539715,0.21273607
2729,-0.72586644,0.16644785
2730,-1.1192187,0.16841552
2731,-0.69870424,0.12233709
2732,-0.66822416,0.18826419
2733,-0.73840916,0.2123815
2734,0.62242925,0.22578178
2735,-0.846607,0.23856086
2736,-0.7354023,0.20167103
2737,-0.6465058,0.19045131
2738,-0.6787983,0.14026593
2739,-0.55032206,0.18993287
2740,-0.6552254,0.11968632
2741,-0.5286063,0.13255653
2742,-0.7428734,0.24053629
2743,-0.8222195,0.2290157
2744,0.18256955,0.19609214
2745,-0.87390834,0.17922314
2746,-0.7452899,0.1320731
2747,-0.34673563,0.1542791
2748,-0.67050636,0.21117781
2749,-0.72155666,0.18091282
2750,-0.52040493,0.11208191
2751,-0.73452973,0.13618053
2752,-0.8837201,0.28113854
2753,-1.131828,0.22311044
2754,-0.8235121,0.15487532
2755,-0.43426785,0.2304155
2756,-0.5719212,0.17897533
2757,-0.82660687,0.20012103
2758,-1.0310457,0.17183219
2759,-0.5254351,0.17425963
2760,-0.7528639,0.1372708
2761,-0.80090475,0.15648022
2762,-1.4971159,0.23457757
2763,-0.6159893,0.17363542
2764,-0.85079825,0.13402243
2765,-0.87274086,0.21155275
2766,-0.5072692,0.33507755
2767,-0.64206207,0.1858013
2768,-0.83121693,0.23611557
2769,-0.73877466,0.21371542
2770,0.5513899,0.2811396
2771,-0.46358928,0.16598482
2772,-0.5229684,0.17654611
2773,-0.5565577,0.1923487
2774,-0.700765,0.08689693
2775,-0.91037387,0.17419557
2776,-0.48047486,0.14166737
2777,-0.48279008,0.15595432
2778,-0.6285508,0.18053989
2779,-1.0248117,0.27119055
2780,-0.5869177,0.14537902
2781,-0.7049543,0.19864634
2782,-0.516712,0.21952192
2783,-0.77067435,0.16193305
2784,-0.63392097,0.18362457
2785,-0.9947977,0.15574567
2786,-0.6244013,0.14182019
2787,-0.70051056,0.19872221
2788,-0.79882944,0.211432
2789,-0.56675607,0.14749613
2790,-0.67094415,0.15691598
2791,-0.7661457,0.160494
2792,-0.60072315,0.17285077
2793,-0.8304353,0.1435956
2794,-1.0562474,0.25942147
2795,-0.8571391,0.21397708
2796,-0.80077064,0.2719381
2797,-0.59399545,0.28933865
2798,-0.5644988,0.19576165
2799,-0.52133596,0.1796833
2800,-1.014302,0.28320208
2801,-0.75906694,0.23488517
2802,-0.5029098,0.077354304
2803,-0.20071948,0.1427811
2804,-0.41344213,0.15068455
2805,-1.0391319,0.14779334
2806,-1.0016639,0.21785201
2807,-0.44506025,0.12765133
2808,-0.48918995,0.16890563
2809,-0.8264618,0.22238787
2810,-0.49161845,0.114060596
2811,-0.6512128,0.22393936
2812,-0.66362923,0.21859601
2813,-0.63336575,0.1590404
2814,-0.86642134,0.16215059
2815,-0.5473119,0.110242985
2816,-0.6035269,0.28639722
2817,-0.8077835,0.15340666
2818,-0.41101807,0.15168566
2819,-0.49496824,0.13977772
2820,0.0483295,0.74591136
2821,-0.8000215,0.20180261
2822,-0.6129237,0.25212398
2823,-0.96877116,0.23707183
2824,-0.61246127,0.13062158
2825,-0.67650986,0.16635393
2826,-0.6877695,0.19734335
2827,-0.52702105,0.13356972
2828,-0.45300668,0.18817982
2829,-0.9637557,0.2499809
2830,-0.8680107,0.17865694
2831,-0.78528374,0.24777564
2832,-0.6596843,0.17656526
2833,-0.8611976,0.17440939
2834,-1.197377,0.22894788
2835,-0.84043103,0.18242061
2836,-0.63348794,0.23904191
2837,-0.6383225,0.13884394
2838,-1.011105,0.18974085
2839,-0.5811459,0.16265894
2840,-0.4379769,0.09756936
2841,-0.37591356,0.1155702
2842,-0.46505204,0.17123365
2843,-0.76633084,0.16132909
2844,-0.48448482,0.18385835
2845,-0.76478994,0.22241923
2846,-0.76282257,0.26840597
2847,-0.4368083,0.1341574
2848,-0.40219325,0.14889018
2849,-0.6433782,0.1406051
2850,-0.8415804,0.115018405
2851,-0.7242049,0.18097176
2852,-0.68457115,0.11587951
2853,-0.73680955,0.21614604
2854,-0.56854635,0.15065694
2855,-0.42946148,0.1693397
2856,-0.5674462,0.11210182
2857,-0.84361154,0.24744014
2858,-0.6514143,0.21913368
2859,-0.8999526,0.2676559
2860,-0.78933364,0.20551433
2861,-0.53382415,0.16813627
2862,-0.6835638,0.17173201
2863,-0.36158526,0.12988639
2864,-0.5599967,0.24335094
2865,-0.45000774,0.12966289
2866,-0.26224345,0.09961939
2867,-0.75267553,0.23277195
2868,-0.717493,0.18506731
2869,-0.49790683,0.17723905
2870,-0.58259,0.17076056
2871,-0.86412704,0.22614254
2872,-0.9427635,0.15537372
2873,-0.57606995,0.19185513
2874,-0.5170363,0.14720894
2875,-0.73575926,0.20685753
2876,-0.8760061,0.21030235
2877,-0.9125376,0.13440003
2878,-0.50990146,0.15045995
2879,-0.5669223,0.18992077
2880,-1.0145603,0.1774054
2881,0.1451079,0.15136732
2882,-0.61252844,0.20483412
2883,-0.8007697,0.18591861
2884,-0.6375474,0.16139372
2885,-0.8653654,0.14476877
2886,0.18461673,0.22572413
2887,-0.5150727,0.14971995
2888,-1.0878117,0.187136
2889,-0.8111483,0.21851492
2890,-0.91236687,0.18957412
2891,-0.6180175,0.20252278
2892,-0.8130888,0.12156845
2893,-0.6274947,0.20155503
2894,-0.72810066,0.1755837
2895,-0.71870804,0.20685495
2896,-0.67430353,0.17588028
2897,-0.71211755,0.21117252
2898,-0.735639,0.1668507
2899,-0.58339614,0.13424766
2900,-1.0743303,0.1245583
2901,-0.80562097,0.17528787
2902,-0.5307043,0.23785119
2903,-0.6866992,0.1757272
2904,-0.63891256,0.1538791
2905,-0.915808,0.17272253
2906,-0.35075983,0.14240995
2907,-0.8012819,0.3062971
2908,-1.1442413,0.31922656
2909,-0.74597996,0.17254524
2910,-1.0642624,0.2407739
2911,-0.611781,0.17568934
2912,-0.5899587,0.17847738
2913,-0.49970847,0.1847145
2914,-0.74850905,0.21704783
2915,-0.6362325,0.13646887
2916,-0.664597,0.20932797
2917,-0.40313727,0.13273732
2918,-0.5695648,0.21677361
2919,-1.0828527,0.22956428
2920,-0.54647654,0.14772874
2921,-0.7397855,0.21411496
2922,-0.63718355,0.17840272
2923,-0.72543037,0.15968682
2924,-0.29462242,0.12008395
2925,-0.5735557,0.18846114
2926,-0.5956863,0.13634701
2927,-0.42369357,0.19193074
2928,-0.7282717,0.13584058
2929,-0.81926537,0.19049162
2930,-0.4311239,0.14005442
2931,-0.54492617,0.15091312
2932,-0.69630635,0.175174
2933,-0.5767371,0.14988227
2934,-0.63458663,0.188301
2935,0.2485259,0.1807791
2936,-0.8298906,0.15909335
2937,-0.9974567,0.19407155
2938,-0.58343536,0.18862787
2939,-0.7105361,0.12779383
2940,-0.7511419,0.23148489
2941,-0.6149656,0.09699026
2942,-0.70901644,0.18602775
2943,-0.5833928,0.24593881
2944,-0.42606467,0.11732118
2945,-0.63835585,0.16051394
2946,-0.79831266,0.17092836
2947,-0.55261517,0.12192772
2948,-0.5586203,0.120400876
2949,-0.8169793,0.16915415
2950,-0.57150024,0.21378842
2951,-0.62319654,0.23452528
2952,-0.76746047,0.23357691
2953,-1.047097,0.21708576
2954,-0.8654682,0.2049166
2955,-0.5687968,0.121908486
2956,-0.9440465,0.16543184
2957,-0.6579939,0.23196696
2958,-0.69095993,0.120747715
2959,-0.67328966,0.22838402
2960,-0.41353315,0.09540584
2961,-0.40236673,0.12632048
2962,-0.13725336,0.32914752
2963,-0.5074644,0.1726355
2964,-0.8025335,0.18661618
2965,-0.586378,0.15379421
2966,-1.1036093,0.22391199
2967,-0.47130919,0.17460406
2968,-0.6722336,0.13806449
2969,-0.7332963,0.13384405
2970,-0.5073576,0.25116014
2971,-0.57754314,0.16665863
2972,-0.7396256,0.14975369
2973,-0.7890189,0.18753028
2974,-0.48718914,0.14658293
2975,-0.73062885,0.16116264
2976,-0.8670502,0.21160229
2977,-0.71708894,0.15864773
2978,-0.7380265,0.22576651
2979,-0.44251472,0.28292695
2980,-0.5539454,0.13686408
2981,-0.88349783,0.25698414
2982,-0.606675,0.13161543
2983,-0.81583184,0.18212341
2984,-0.6482905,0.1598457
2985,-0.75297993,0.11575484
2986,-0.49590898,0.2583878
2987,-0.93867815,0.23958974
2988,-0.8415693,0.13184345
2989,-0.9624171,0.1963298
2990,-0.56827897,0.17168966
2991,-0.58907,0.1591984
2992,-0.7407936,0.22881371
2993,-0.6952488,0.18467492
2994,-0.8400772,0.13383326
2995,-0.70298374,0.13912778
2996,-0.95215195,0.17609732
2997,-0.5534085,0.18140972
2998,-0.57163143,0.16153494
2999,-0.88357896,0.19769916
3000,-0.99143887,0.13757007
3001,-0.7669563,0.21755804
3002,-0.78855705,0.09932066
3003,-0.57925653,0.15664959
3004,-0.75562537,0.2187168
3005,-0.88597596,0.14705017
3006,-0.5622331,0.1654898
3007,-0.7402466,0.1886387
3008,-0.76165026,0.24245876
3009,-0.7294374,0.17309502
3010,-0.6402671,0.23846614
3011,-0.5969225,0.14010608
3012,-0.4992597,0.1794491
3013,-0.7523387,0.11329726
3014,-0.45096675,0.12751144
3015,-0.68008816,0.24401341
3016,-0.565615,0.14424917
3017,-0.49520198,0.1631589
3018,-0.6467707,0.13891448
3019,-0.3245197,0.09975754
3020,-0.72713006,0.19191416
3021,-0.7661284,0.20424674
3022,-0.61857855,0.13370848
3023,-0.677959,0.14010254
3024,-0.8061859,0.2411719
3025,-0.6307291,0.1771915
3026,-0.58078206,0.19100143
3027,-0.5523199,0.22513637
3028,-0.5288644,0.12483567
3029,-0.77505696,0.13377422
3030,-0.66628724,0.18831286
3031,-0.6437209,0.13109732
3032,-0.73823345,0.16060579
3033,-0.9032036,0.16121821
3034,-0.72719204,0.21526228
3035,-0.6129799,0.17447591
3036,-0.7399694,0.16178952
3037,-0.45838994,0.17626353
3038,-0.7326178,0.23989062
3039,-0.7583424,0.20622885
3040,-0.7380417,0.14041173
3041,-0.6570183,0.13311261
3042,-0.63736105,0.120478414
3043,-1.2326782,0.13092585
3044,-0.746171,0.15159701
3045,-0.73976374,0.17044394
3046,-0.33292547,0.3961243
3047,-0.8284162,0.2196247
3048,-0.8797962,0.1941539
3049,-0.7027462,0.20872839
3050,-0.83078134,0.15913028
3051,-0.8421295,0.14720234
3052,-0.6273105,0.22179428
3053,-0.6899733,0.15918548
3054,-0.95732576,0.15550546
3055,-0.49217367,0.16922988
3056,-0.7524151,0.17599979
3057,-0.24083662,0.1764448
3058,-0.6712621,0.10874544
3059,-0.42061034,0.12149615
3060,-0.66679,0.17668617
3061,-0.90415686,0.24241893
3062,-0.930051,0.25458807
3063,-0.72236526,0.15416962
3064,-0.6934422,0.22016075
3065,-0.71603346,0.19358738
3066,-0.8880318,0.17704937
3067,-0.8527489,0.2037504
3068,-1.137085,0.23659126
3069,-0.7698874,0.23023285
3070,-0.5437765,0.11949055
3071,-0.784266,0.1511596
3072,-0.7466191,0.16300064
3073,-0.8260105,0.11606089
3074,-0.6300041,0.088405855
3075,-0.57786876,0.17192793
3076,-0.5018783,0.13093725
3077,-0.48187846,0.14891078
3078,-0.69048417,0.15759635
3079,-0.38970914,0.14801908
3080,0.1330764,0.24014792
3081,-0.8439555,0.17679219
3082,-0.4056471,0.20698941
3083,-0.6487278,0.15710448
3084,-1.0947679,0.22108649
3085,-0.4228314,0.122865945
3086,-0.68160164,0.20896453
3087,-0.75204736,0.16639537
3088,-0.6328845,0.1551921
3089,-0.674111,0.15845753
3090,-0.66126674,0.22464426
3091,-0.66363966,0.18691085
3092,-0.87186944,0.27889317
3093,-0.86535615,0.17085356
3094,-0.89474,0.13343252
3095,-0.7991921,0.21409078
3096,-0.9836912,0.18930967
3097,-0.84290236,0.18125911
3098,-0.7984084,0.1668566
3099,-0.8508272,0.12688851
3100,-0.6101455,0.14887232
3101,-0.82823575,0.17364979
3102,-0.39044943,0.12562719
3103,-0.6125148,0.13962215
3104,-0.625119,0.11851224
3105,-0.8199937,0.17496082
3106,-0.5411485,0.29475904
3107,-0.96089,0.19987391
3108,-0.9204122,0.12959272
3109,-0.7291702,0.2571385
3110,-0.70135415,0.11746953
3111,-0.73847234,0.15720639
3112,-0.7747159,0.15725341
3113,-0.40874657,0.17325602
3114,-0.778841,0.23971044
3115,-0.6573429,0.123190835
3116,-0.73589873,0.18108787
3117,-0.50123984,0.13594685
3118,-0.87297404,0.21501991
3119,-0.64790267,0.13642548
3120,-0.65431225,0.14781785
3121,-0.84762347,0.3244272
3122,-0.4080491,0.17394255
3123,-0.6998499,0.13583769
3124,-0.50600207,0.115725614
3125,-0.78476536,0.16299562
3126,-0.51351213,0.103651226
3127,-0.76456237,0.1180633
3128,-0.9879853,0.20128004
3129,-0.12667967,0.82279736
3130,-0.6027492,0.15571539
3131,-0.47977805,0.15007491
3132,-0.72513676,0.11865707
3133,-0.6322543,0.16966926
3134,-0.9101135,0.27822435
3135,-0.8064224,0.21038288
3136,-0.8703197,0.18554938
3137,-0.70069647,0.22301179
3138,-0.6985203,0.22298428
3139,-0.8349949,0.21473688
3140,-0.7266081,0.18862638
3141,-0.5451354,0.18232812
3142,-0.70106405,0.23338313
3143,-0.6045612,0.13654444
3144,-1.0010445,0.15143365
3145,-0.6526971,0.15453584
3146,-0.834122,0.15139197
3147,-0.84346783,0.15095326
3148,-0.9369518,0.19615269
3149,-0.8981918,0.16191174
3150,-0.46185333,0.12635382
3151,-0.50636446,0.17149527
3152,-0.6572031,0.20738626
3153,-0.8386324,0.28839216
3154,-0.31166762,0.08811385
3155,-0.8694906,0.1861863
3156,-0.72101206,0.12994975
3157,-0.6242012,0.20682146
3158,-0.535216,0.1657836
3159,-0.9597286,0.18238819
3160,-0.7729311,0.11668644
3161,-0.6739774,0.138021
3162,-1.0049124,0.19694006
3163,-0.5159815,0.16970724
3164,-0.7444436,0.111333124
3165,-0.681612,0.14358053
3166,-0.48750362,0.17080185
3167,1.1791617,0.40862384
3168,-0.8473938,0.17795075
3169,-0.44133815,0.09861669
3170,-0.5829199,0.19118282
3171,-0.6848496,0.12692073
3172,-0.9835619,0.20305641
3173,0.10329075,0.16079314
3174,-0.7696781,0.16467988
3175,-1.0237921,0.27207348
3176,-0.74113435,0.2024145
3177,0.037595797,0.116845034
3178,-0.75650084,0.16424114
3179,-0.8001841,0.19932556
3180,-0.50126857,0.12058588
3181,-1.0438395,0.22847944
3182,-0.5360953,0.14284563
3183,-0.6042023,0.18814701
3184,-0.5239919,0.15927312
3185,-0.70241237,0.17724334
3186,-0.6237051,0.144721
3187,-0.8305689,0.23403987
3188,-0.59241974,0.16428699
3189,-0.60098404,0.12225497
3190,-1.0922775,0.19111252
3191,-0.73584956,0.17209108
3192,-0.69108737,0.16143914
3193,-0.674496,0.191406
3194,-0.8589096,0.1589296
3195,-0.7526617,0.17416444
3196,-0.324041,0.1659709
3197,-0.63515407,0.13913171
3198,-0.7058619,0.230152
3199,-0.5904031,0.18340592
3200,-0.7206535,0.2370363
3201,-0.48953074,0.120595545
3202,-0.5805461,0.20049159
3203,-0.8409645,0.1257868
3204,-0.7869983,0.13224839
3205,-0.5568297,0.16610561
3206,-0.79319793,0.14001557
3207,-0.86166763,0.17846584
3208,-1.1428026,0.22151522
3209,-0.7572694,0.18516938
3210,-0.52969027,0.1316874
3211,-0.7501219,0.17786814
3212,-0.70629317,0.21849175
3213,-0.8496153,0.217705
3214,-0.7364849,0.12672643
3215,-0.8465029,0.20752056
3216,-0.8695229,0.20626391
3217,-0.7501288,0.22270688
3218,-0.48789197,0.1741604
3219,-0.86391467,0.28218266
3220,0.28757322,0.37456268
3221,-0.5153564,0.17883524
3222,-0.66549456,0.16462007
3223,-0.55176723,0.15638164
3224,-0.76874083,0.17580909
3225,-0.71280146,0.19212778
3226,-0.6379198,0.20494814
3227,-0.72026175,0.23876868
3228,-0.609728,0.18085119
3229,-0.74935913,0.16135381
3230,-0.49425048,0.20246585
3231,-0.5941852,0.22787902
3232,-0.67336655,0.16612664
3233,-0.7217046,0.1881122
3234,-0.5738708,0.33337742
3235,-0.6150017,0.14320941
3236,-0.7007288,0.17343608
3237,-0.73984116,0.24299723
3238,-0.8144533,0.14617205
3239,-0.7728129,0.198636
3240,-0.6383983,0.13863005
3241,-0.7077714,0.22354123
3242,-0.71803844,0.093642965
3243,-0.6037389,0.15774012
3244,-0.5360638,0.2011556
3245,-0.73512805,0.24237013
3246,-0.84976447,0.17745242
3247,-0.7258526,0.2171197
3248,-0.8366252,0.2069813
3249,-0.75718796,0.23336391
3250,-0.48013645,0.099720396
3251,-0.07838846,0.17560486
3252,-0.79447335,0.40536538
3253,-0.93971425,0.23661678
3254,-0.3260339,0.08842181
3255,-0.7042256,0.12931505
3256,-0.4799301,0.17740321
3257,-0.7660592,0.17287028
3258,-0.3895011,0.1547238
3259,-0.7275964,0.18462805
3260,-0.8161417,0.08963582
3261,-0.63492125,0.1070702
3262,-0.5668459,0.19378495
3263,-0.742113,0.20054828
3264,-0.7382349,0.22545044
3265,-0.76852345,0.2748963
3266,-0.70486975,0.14124672
3267,0.07533226,0.26941973
3268,-0.7551545,0.19706818
3269,-0.583039,0.12119454
3270,-0.7211711,0.20746005
3271,-0.6847855,0.15945233
3272,-0.72677404,0.19417639
3273,-0.60765934,0.16193974
3274,-0.91885376,0.146736
3275,-0.6889205,0.22333279
3276,-0.43397674,0.120495334
3277,-0.91467017,0.17867751
3278,-0.5789773,0.11626382
3279,-0.69528115,0.12834167
3280,-0.6501225,0.1367159
3281,-0.59861577,0.3299922
3282,-0.6755221,0.1762053
3283,-0.45641857,0.16715138
3284,-0.728402,0.23187746
3285,-0.95150775,0.279418
3286,-0.75401103,0.1793127
3287,-0.59443295,0.10565487
3288,-0.92780745,0.18222383
3289,-0.77195245,0.20119081
3290,-0.8225578,0.15283808
3291,-0.41096678,0.20980103
3292,-0.45607057,0.15079907
3293,-0.45961398,0.099909164
3294,-0.74188006,0.15860163
3295,-0.5780729,0.16731116
3296,-0.7980232,0.23699872
3297,-0.5919436,0.13395599
3298,-0.3146757,0.1474674
3299,-0.5463892,0.106635176
3300,-0.47469455,0.23990245
3301,-0.8227251,0.18622875
3302,-0.46216303,0.12648238
3303,-0.39245573,0.122955024
3304,-0.6259793,0.18110345
3305,-0.73524463,0.1918449
3306,-0.8084221,0.26036745
3307,-0.7687272,0.20120879
3308,-0.7666482,0.24325298
3309,-0.5524467,0.13504924
3310,-0.6985704,0.1329624
3311,-0.5288388,0.14244363
3312,-0.6674148,0.15677187
3313,-0.7102853,0.19878854
3314,-0.5813583,0.12618063
3315,-0.5457733,0.15118352
3316,-0.63363254,0.22007678
3317,0.11305579,0.7448046
3318,-0.31139147,0.07527572
3319,-0.77037823,0.13010916
3320,-0.8666444,0.15587969
3321,-0.5919362,0.2748214
3322,-0.6809601,0.2271796
3323,-0.74935585,0.24705335
3324,-0.73661596,0.22913656
3325,-0.7109019,0.3241843
3326,-0.8744709,0.17098495
3327,-0.7537861,0.21014003
3328,-0.58257747,0.25999165
3329,-0.47021216,0.12430473
3330,-0.7444081,0.18978018
3331,-0.6886361,0.08561332
3332,-0.7932086,0.2306761
3333,-0.85212946,0.15790318
3334,-0.5319502,0.119964525
3335,-0.5899002,0.20771119
3336,-0.91771317,0.17353886
3337,-0.64596874,0.17523384
3338,-0.7134304,0.15769185
3339,-0.6795472,0.13408445
3340,-0.74322975,0.1949865
3341,-0.74343526,0.15235795
3342,-0.5421378,0.21117155
3343,-0.47474915,0.13079849
3344,-0.49960446,0.15418668
3345,-0.5442282,0.17236654
3346,-0.77221453,0.17309421
3347,-0.6864641,0.13976161
3348,-0.598227,0.26693383
3349,-0.6302244,0.27572086
3350,-0.7690939,0.19387051
3351,-0.49404725,0.11122574
3352,-0.4913876,0.13829012
3353,-0.59628046,0.16934599
3354,-0.46996695,0.114735
3355,-0.52884704,0.13295192
3356,-0.60814905,0.14089514
3357,-0.6314964,0.18037273
3358,-0.5582324,0.14342631
3359,-0.4975573,0.12396698
3360,-0.707533,0.09804829
3361,-0.8349575,0.13208246
3362,-0.73515767,0.14075594
3363,-1.0404354,0.16115466
3364,-0.78361404,0.15719478
3365,-0.84675753,0.22658704
3366,-0.379659,0.088874824
3367,-0.848032,0.23429032
3368,-0.9479704,0.18509129
3369,-0.68901366,0.2214769
3370,-0.6876751,0.20035285
3371,-0.538276,0.12478057
3372,-0.45810336,0.13978557
3373,-0.53269064,0.17324756
3374,-0.9261306,0.2576911
3375,-0.8224081,0.2530227
3376,-0.67706466,0.22434102
3377,-0.64384466,0.14240184
3378,-0.62430274,0.15488313
3379,-0.6896323,0.17388344
3380,-0.7468208,0.18350357
3381,-0.573439,0.16839609
3382,-0.3910225,0.08433395
3383,-0.9322116,0.11626086
3384,-0.6807952,0.17539911
3385,-0.6868312,0.20758416
3386,-0.8821624,0.17775428
3387,-0.7627242,0.15949836
3388,-0.60450906,0.112856865
3389,-0.77158374,0.1481561
3390,-0.9264101,0.12875038
3391,0.3619814,0.17290276
3392,-0.46900147,0.15316702
3393,-0.756374,0.14418437
3394,-0.73635024,0.16203925
3395,-0.5746089,0.19607118
3396,-0.8095913,0.11311497
3397,-0.79781544,0.13027327
3398,-0.62685984,0.1545774
3399,-1.0509166,0.20026435
3400,-0.8379092,0.27013287
3401,-0.6087667,0.22282362
3402,-0.5808381,0.2306539
3403,-0.4309331,0.15623164
3404,-0.5321619,0.18446518
3405,-1.0364574,0.18369658
3406,-0.9289196,0.15520772
3407,-1.0379698,0.21296392
3408,-0.6802024,0.102635354
3409,-0.7215724,0.17489253
3410,1.4488345,0.43629768
3411,-0.9448598,0.25186262
3412,-0.50964844,0.15500157
3413,-0.67402744,0.2165443
3414,-0.9138649,0.20038426
3415,-0.9667436,0.16654114
3416,-0.48908672,0.1539436
3417,-0.5539304,0.10742435
3418,-0.4781681,0.2078973
3419,0.2972954,0.1816265
3420,-0.55707383,0.18490481
3421,-0.6852099,0.28945985
3422,-1.0844392,0.14804053
3423,-0.6674298,0.20450692
3424,-0.66399163,0.24240504
3425,-0.3522905,0.19801654
3426,-0.72833157,0.20099708
3427,-0.60342973,0.32175857
3428,-0.4424406,0.17049941
3429,-0.15854517,0.18973804
3430,-0.62286097,0.112259574
3431,-0.63124144,0.1619877
3432,-0.73241204,0.3021348
3433,0.014236373,0.25608635
3434,-0.94520056,0.24525201
3435,-0.7629611,0.19956937
3436,-0.58352315,0.12827365
3437,-0.643052,0.1635767
3438,-0.6998959,0.14332706
3439,-0.5781663,0.13407281
3440,-0.4911619,0.14625849
3441,-0.46699047,0.202234
3442,-0.7114379,0.14289576
3443,-0.7369367,0.23085438
3444,-0.4137984,0.19168112
3445,-0.7135518,0.19934411
3446,-0.992861,0.22618793
3447,-0.5732331,0.20848033
3448,-0.9715808,0.17790842
3449,-0.6855097,0.13171987
3450,-0.78978145,0.10830324
3451,-0.62764555,0.1286761
3452,-0.778386,0.16797838
3453,-0.5663314,0.18033795
3454,-0.58031404,0.19133015
3455,-0.8404724,0.15698196
3456,-0.53368825,0.14668088
3457,-0.72536445,0.15437646
3458,-0.8209073,0.22090138
3459,-0.984649,0.1512694
3460,-0.8052796,0.083447814
3461,-0.84592265,0.17472357
3462,-0.74320644,0.20908704
3463,-0.39305168,0.09111356
3464,-0.6841649,0.1303449
3465,-0.6301986,0.16593589
3466,-0.5531581,0.19848837
3467,-0.80062723,0.18518557
3468,-1.0693543,0.14833277
3469,-0.6184285,0.13667884
3470,-1.0161314,0.20039375
3471,-0.6399739,0.16173916
3472,-0.8500732,0.22575223
3473,-0.59713656,0.15099809
3474,-0.71124494,0.17632264
3475,-0.65394163,0.14816713
3476,-0.7190997,0.1770521
3477,-0.7288976,0.17965391
3478,-0.6961462,0.15032503
3479,-0.78526485,0.18718451
3480,-0.8970272,0.2509754
3481,-0.7215575,0.17379709
3482,-0.5949519,0.13329716
3483,-0.78157854,0.24025837
3484,-1.019582,0.14376418
3485,-1.0919251,0.26766157
3486,-0.81448853,0.2431822
3487,-0.6627094,0.12304201
3488,-0.4635623,0.15945107
3489,-0.76671046,0.2063432
3490,-0.5452917,0.18462138
3491,-0.8597536,0.21160567
3492,-0.30231208,0.08991757
3493,-0.6128181,0.17179908
3494,-0.6984681,0.10536248
3495,-0.7051834,0.18709026
3496,-0.7959561,0.157576
3497,-0.77630603,0.17732613
3498,-0.71050006,0.16542338
3499,-0.5976427,0.15213078
3500,-0.43832946,0.10607746
3501,-0.9291069,0.14920032
3502,-0.6971913,0.22967501
3503,-0.83094966,0.14403494
3504,-0.75849915,0.1545506
3505,-0.80229616,0.21054547
3506,-0.2722816,0.11693955
3507,-0.64909554,0.1739063
3508,-0.7524508,0.083205655
3509,-0.5591218,0.19864413
3510,-0.800478,0.3242629
3511,-1.0837121,0.26505396
3512,-1.042321,0.17992878
3513,-0.8060252,0.1601792
3514,-0.6515094,0.1537264
3515,-0.65242636,0.12683278
3516,-0.29803327,0.33039957
3517,-0.6323436,0.17914937
3518,-0.33113164,0.14096437
3519,-0.46978855,0.16404401
3520,-0.76188165,0.16871661
3521,-0.5666579,0.232004
3522,-0.52948636,0.18024379
3523,-0.518973,0.16460165
3524,-0.7487189,0.17141806
3525,-0.7404815,0.16022292
3526,-0.5634225,0.1870908
3527,-0.5480235,0.1603365
3528,-0.72792244,0.13759331
3529,-0.679016,0.21585742
3530,-1.0033987,0.18350004
3531,-0.941642,0.17502138
3532,-1.1392758,0.10843691
3533,-0.591948,0.14514305
3534,-0.66792053,0.16598177
3535,-0.7528496,0.10213493
3536,-0.8798855,0.21326633
3537,-0.6535738,0.15611087
3538,-0.7370508,0.20424673
3539,-0.6288364,0.19953907
3540,-0.68911886,0.14815873
3541,-0.90852416,0.21901098
3542,-0.69381034,0.16968991
3543,-0.6884807,0.20934263
3544,-0.7321672,0.18372868
3545,-0.8229852,0.1914711
3546,-0.5089822,0.13550417
3547,-0.8856636,0.15553646
3548,-0.7696899,0.18418181
3549,-0.67599714,0.11801549
3550,-0.47213688,0.10370603
3551,-0.6629845,0.18685974
3552,-0.61080897,0.110635616
3553,-0.63038874,0.09693555
3554,-0.86550313,0.1605565
3555,-0.6154221,0.1242604
3556,-0.70572555,0.10434385
3557,-0.9618062,0.21305014
3558,-0.602569,0.19516146
3559,-0.40291128,0.102626525
3560,-0.81234646,0.11968362
3561,-0.9684345,0.2092009
3562,-0.87947524,0.20980301
3563,-0.5450978,0.13980758
3564,-0.8750242,0.15745454
3565,-0.5337162,0.12472221
3566,-0.9231819,0.20997468
3567,-0.8541792,0.1949358
3568,-0.5998095,0.21918726
3569,-0.5305566,0.16971481
3570,-0.983379,0.18775226
3571,-0.8422068,0.120511055
3572,-0.44023913,0.13002725
3573,-0.8743478,0.20590396
3574,-0.40817443,0.11879826
3575,-0.6912519,0.15863559
3576,0.00609784,0.26987407
3577,-0.77559644,0.17588797
3578,-0.88426626,0.3268315
3579,-0.47487783,0.16904102
3580,-0.7130078,0.15475164
3581,-0.9454589,0.18139426
3582,-0.48979217,0.16443308
3583,-0.44549352,0.16269775
3584,-0.539354,0.14985797
3585,-0.60427314,0.28546515
3586,-0.77554,0.17466658
3587,-0.7622899,0.19356124
3588,-1.079627,0.19888148
3589,-0.40169162,0.088501796
3590,-0.40900725,0.17488852
3591,-0.8589188,0.13425322
3592,-0.9395973,0.22445029
3593,-0.80957556,0.21102114
3594,-0.6809797,0.14469415
3595,-0.10078124,0.5904735
3596,-0.8237017,0.1674016
3597,-0.7361861,0.1440119
3598,-0.60319865,0.1417551
3599,-0.66215104,0.12938091
3600,-1.0650024,0.2973034
3601,-1.1633694,0.18642321
3602,-0.9892977,0.19953592
3603,-0.44892272,0.12356442
3604,-0.9920095,0.28690392
3605,-0.86019725,0.18491285
3606,-0.89572704,0.22748008
3607,-0.35321444,0.16105394
3608,-0.6634361,0.26014742
3609,-0.71349585,0.22371209
3610,-0.6197694,0.14342967
3611,-0.8810589,0.19148357
3612,-0.7008818,0.20055407
3613,-0.8553235,0.17333506
3614,-0.7523495,0.14509366
3615,-0.69853413,0.16425332
3616,-0.59760195,0.13121682
3617,-0.8447012,0.1329733
3618,-0.7257649,0.1647474
3619,-1.0704074,0.10534427
3620,-0.38971287,0.12372205
3621,-0.7432414,0.139605
3622,-0.04523471,0.7935706
3623,-0.41401672,0.1413081
3624,-0.31341124,0.17974314
3625,-0.49303398,0.12815422
3626,-0.598372,0.13872701
3627,-0.44885802,0.15907344
3628,-0.9704062,0.21122853
3629,-1.0086194,0.17207478
3630,-0.5456645,0.13539794
3631,-0.91595715,0.23043539
3632,-0.91932523,0.22550216
3633,-0.41934282,0.1630538
3634,-0.83245134,0.20531419
3635,-0.42530403,0.13516396
3636,-0.68804777,0.15440036
3637,-0.9604721,0.21625327
3638,-0.5681508,0.124212734
3639,-0.73724514,0.26208273
3640,-0.56636685,0.16032013
3641,-0.55504113,0.17850333
3642,-0.60854185,0.1359929
3643,-0.46775118,0.21337532
3644,-0.82089883,0.16719162
3645,-0.6153947,0.19338995
3646,-0.58698887,0.2185484
3647,-0.7571386,0.20156875
3648,-0.74649495,0.24816722
3649,-0.7077671,0.21464495
3650,-0.7097596,0.24804181
3651,-0.47455472,0.21911997
3652,-0.88428164,0.23505978
3653,-0.47658664,0.14427142
3654,-0.72152424,0.19481012
3655,-0.51831245,0.19721068
3656,-0.6893379,0.17827015
3657,-0.6276082,0.16614634
3658,-0.53014827,0.22490446
3659,-1.4961325,0.19841321
3660,-0.49380937,0.11303607
3661,-0.8241299,0.17606397
3662,-0.81955624,0.19037104
3663,-0.4951249,0.13378668
3664,-0.72276735,0.17338143
3665,-0.9010273,0.21605413
3666,-0.80258214,0.16392069
3667,-0.58208936,0.12600873
3668,-0.56598264,0.16879843
3669,-0.6559488,0.23936468
3670,-0.585012,0.13221851
3671,-1.0446663,0.2075829
3672,-0.809614,0.16881587
3673,-0.6608501,0.23460124
3674,-0.8845148,0.20446081
3675,-1.0081373,0.19744936
3676,-0.73100805,0.24892384
3677,-0.78494227,0.18230467
3678,-0.815934,0.22209421
3679,-0.972242,0.24539919
3680,-0.69712746,0.14360683
3681,-0.6675434,0.1172332
3682,-0.5074313,0.2057016
3683,-0.8286873,0.17567639
3684,-0.89911616,0.1280506
3685,-0.7159196,0.16602518
3686,-0.73188627,0.1248235
3687,-0.5380586,0.09703457
3688,-0.6186618,0.14925317
3689,-0.71651185,0.18115607
3690,-0.605394,0.14578937
3691,-0.4892966,0.1537788
3692,-0.9211091,0.27652866
3693,-0.7304056,0.18224403
3694,-1.2813957,0.22308299
3695,-0.5302088,0.2171419
3696,-0.49263954,0.10331126
3697,-0.66007656,0.20195037
3698,-0.75546086,0.21304214
3699,-0.80308914,0.22596692
3700,-0.8443618,0.20252913
3701,-0.53083485,0.24004202
3702,-0.70532906,0.19626029
3703,-0.67944247,0.14415385
3704,-0.9272927,0.20708814
3705,-0.49798116,0.23590906
3706,-0.9912189,0.19893609
3707,-0.4883624,0.1290878
3708,-0.7686103,0.17837107
3709,-1.1158581,0.15060751
3710,-1.036095,0.22883953
3711,-0.6594751,0.18402745
3712,-0.658776,0.17146808
3713,-0.44583875,0.11093483
3714,-0.68164265,0.18205081
3715,-0.5442535,0.12896863
3716,-0.4624465,0.07291945
3717,-0.60310525,0.15499783
3718,-0.98673517,0.2072979
3719,-0.39422226,0.17469446
3720,-0.69076407,0.16345224
3721,-0.7528331,0.12323937
3722,-0.661263,0.15062347
3723,-0.87748337,0.18086581
3724,-0.7563771,0.22532193
3725,-0.80487806,0.169901
3726,-0.7469849,0.18259983
3727,-0.4675908,0.19345126
3728,-0.60262716,0.17481151
3729,-0.60273933,0.178972
3730,-0.859548,0.118926756
3731,-0.6854772,0.101851866
3732,-0.83691615,0.17223176
3733,-0.81319153,0.17734118
3734,-0.81297076,0.21483457
3735,-0.5650998,0.21801423
3736,-0.795859,0.098679915
3737,-0.652037,0.16302313
3738,-0.82694167,0.16316965
3739,-0.43143493,0.09006918
3740,-0.8559265,0.24949591
3741,-0.69162494,0.24773942
3742,-0.6336427,0.17700262
3743,-0.6416314,0.22963277
3744,-0.50925267,0.116880186
3745,-0.7003384,0.15147878
3746,-0.62413514,0.20566498
3747,-0.61885035,0.19622177
3748,-0.65468293,0.18802285
3749,-0.6977385,0.19718541
3750,-0.96912897,0.22793849
3751,-0.9342607,0.15444672
3752,-0.2707672,0.18819022
3753,-0.6643758,0.14615422
3754,-0.6095025,0.12439617
3755,-0.5114953,0.16177832
3756,-0.6759187,0.141743
3757,-0.7590269,0.18895225
3758,-0.6191855,0.16264382
3759,-0.5907666,0.22662172
3760,-0.76468474,0.124212265
3761,-0.5718168,0.2156398
3762,-0.70041215,0.1606881
3763,-0.5957295,0.1958246
3764,-0.47851896,0.16666159
3765,-0.77058893,0.22014828
3766,-0.8152974,0.17579414
3767,-0.8203229,0.24487056
3768,-0.50127107,0.3165399
3769,-0.63583773,0.15091711
3770,-0.50518674,0.15109634
3771,-0.67444193,0.2061098
3772,-0.5775512,0.14132406
3773,-0.5060996,0.10693044
3774,-0.90315866,0.17629187
3775,-1.1630846,0.17207599
3776,-0.4953662,0.15834644
3777,-0.9285464,0.1416691
3778,-0.629488,0.16948442
3779,-0.3897837,0.11413647
3780,-0.64264375,0.17404076
3781,-0.96239835,0.22039205
3782,-0.7684423,0.19236386
3783,-0.63947284,0.107571855
3784,-0.5665873,0.10716494
3785,-0.62329036,0.17348914
3786,-0.87785375,0.15148723
3787,-1.0177026,0.19154805
3788,-0.6317256,0.18141076
3789,-0.99448264,0.14306423
3790,-0.7016074,0.09504776
3791,-0.63907033,0.2011066
3792,-0.5981425,0.21802281
3793,-0.953123,0.18257512
3794,-0.77488583,0.19213013
3795,-0.706984,0.124543644
3796,-0.42346534,0.13595277
3797,-1.2046832,0.19944927
3798,-0.51340985,0.22078188
3799,-0.8170134,0.3066916
3800,-0.6897336,0.17081359
3801,-1.0496832,0.20488584
3802,-0.89634115,0.14942248
3803,-0.6210496,0.13257748
3804,-0.7438876,0.20469856
3805,-0.9015564,0.13584195
3806,-0.35498363,0.10155805
3807,-0.5903044,0.13906612
3808,-0.62504435,0.20881423
3809,-1.0552305,0.22324903
3810,-0.946974,0.22141284
3811,-0.48596725,0.0978651
3812,-0.73282385,0.16652156
3813,-0.20634122,0.3354999
3814,-0.56079924,0.10295685
3815,-0.5698199,0.124595515
3816,-0.72218543,0.1424582
3817,-0.42539603,0.17210305
3818,-0.66123104,0.20949787
3819,-0.7642275,0.1697402
3820,-0.40947556,0.121827506
3821,-0.9332032,0.11922565
3822,-0.6754184,0.19157802
3823,-0.45623294,0.15400979
3824,-0.81459266,0.15264533
3825,-0.7896121,0.18963547
3826,-0.786878,0.25711134
3827,-0.8570601,0.21073729
3828,-0.5493838,0.14746161
3829,-0.82745725,0.27932805
3830,-0.72534144,0.17520063
3831,-0.7128275,0.15680756
3832,-0.9588345,0.17034498
3833,-0.63502437,0.21091102
3834,-0.29603666,0.17888333
3835,-0.6123325,0.1668731
3836,-0.91291475,0.17816493
3837,-1.3011839,0.22736792
3838,-0.21240339,0.25801346
3839,-0.44060546,0.108016364
3840,-0.6376168,0.16351883
3841,-0.7609876,0.19132285
3842,-0.5806006,0.08545632
3843,-1.1649371,0.24239603
3844,-0.67253387,0.21499923
3845,-0.7814606,0.1267577
3846,-0.7448717,0.20345666
3847,-0.40637222,0.1254625
3848,-0.36508626,0.06888971
3849,-0.6905693,0.16272894
3850,-0.6843772,0.21293421
3851,-0.41179362,0.09403161
3852,-0.63995194,0.15792488
3853,-1.0215616,0.17919748
3854,-0.83563775,0.19327337
3855,-0.33329028,0.117120765
3856,-0.6378908,0.1319706
3857,-0.46030825,0.15238032
3858,-0.66046786,0.16489662
3859,-0.69964796,0.16581646
3860,-0.2956628,0.09331626
3861,-0.65230596,0.17806815
3862,-0.9282123,0.20273697
3863,-0.8975197,0.21783066
3864,-0.7159883,0.14970993
3865,-0.7137857,0.20541534
3866,-0.74552286,0.2415127
3867,-0.50438005,0.14646505
3868,-0.6883866,0.14127998
3869,-0.82496005,0.16519094
3870,-0.76751435,0.2502103
3871,-0.600988,0.10219224
3872,-0.5623293,0.13084693
3873,-1.0177635,0.16926762
3874,-0.6726574,0.17519969
3875,-0.70809186,0.2225746
3876,-0.696548,0.21339916
3877,-0.59520817,0.15128738
3878,-0.75262004,0.15459277
3879,-1.1580057,0.23397799
3880,-0.8670193,0.19315612
3881,-0.57970977,0.23985226
3882,-0.7312807,0.09908623
3883,-0.84327716,0.14445767
3884,-0.367217,0.09310048
3885,-0.6957351,0.16478153
3886,-0.6685063,0.15223804
3887,-0.5035104,0.24083342
3888,-0.6324497,0.25380096
3889,-0.47582912,0.12498743
3890,-0.6457962,0.19929314
3891,-0.6863091,0.2028083
3892,-0.8101398,0.1996074
3893,-1.0084682,0.23901701
3894,-0.6288374,0.14039457
3895,-0.5580088,0.14251418
3896,-0.94068813,0.14873087
3897,-0.47817302,0.12872095
3898,-0.5108043,0.19080472
3899,-0.63488376,0.16904622
3900,-1.0532856,0.16808616
3901,-0.62231797,0.12949361
3902,-0.7708747,0.10294484
3903,-0.977205,0.18696183
3904,-0.79723823,0.15885927
3905,-0.39289975,0.10506496
3906,-0.65627545,0.14457145
3907,-0.9101678,0.18766354
3908,-0.91736066,0.23658592
3909,-0.5448861,0.14217833
3910,-0.63237417,0.1999547
3911,-0.6189115,0.16762778
3912,-0.94419557,0.123059005
3913,-0.7568084,0.2843508
3914,-0.75885314,0.17537665
3915,-0.82450277,0.13880198
3916,-0.45558852,0.17673036
3917,-0.973201,0.14405131
3918,-0.4277266,0.15814777
3919,-0.92261714,0.19548
3920,-0.5685996,0.10570919
3921,-1.2125238,0.19927917
3922,-0.81007016,0.14184877
3923,-0.59146893,0.11993066
3924,-0.8357981,0.15120988
3925,-1.0605999,0.23085544
3926,-0.7064788,0.21848097
3927,-0.81522894,0.26523116
3928,-0.6202986,0.1705514
3929,-0.93224686,0.16209884
3930,-0.6575178,0.18381006
3931,-1.315768,0.18812919
3932,-0.6334282,0.13392529
3933,-0.7993759,0.23482214
3934,0.3116658,0.17022702
3935,0.5164981,0.36572066
3936,-0.86118525,0.28059328
3937,-0.44493866,0.067656316
3938,-0.8786135,0.15841238
3939,-0.5508397,0.19551018
3940,-0.6773798,0.1519486
3941,-0.512342,0.09930899
3942,-1.0665692,0.14950652
3943,-0.6628136,0.16204837
3944,-0.4830636,0.13057064
3945,-0.9812676,0.18323748
3946,-0.71579295,0.19054252
3947,-0.87582666,0.13317905
3948,-0.60024726,0.08483373
3949,-0.5641674,0.19380695
3950,-0.5633184,0.13039306
3951,-0.579299,0.12885536
3952,-0.6607342,0.1868423
3953,-0.96271944,0.21720843
3954,-1.0627573,0.19062094
3955,-0.69531107,0.1815069
3956,-0.7305791,0.23779646
3957,-0.7733673,0.1569192
3958,-0.5086025,0.20770255
3959,-0.65955436,0.14151737
3960,-0.5366308,0.09272042
3961,-0.95437306,0.16590205
3962,-0.6564415,0.1804431
3963,-0.5975748,0.21217802
3964,-0.5941887,0.19222021
3965,-0.61328554,0.22795887
3966,-0.6890556,0.19087505
3967,-0.7859324,0.101952225
3968,-0.8915392,0.18114735
3969,-0.7976225,0.1524176
3970,-0.44647828,0.1585862
3971,-0.6019978,0.1352794
3972,-0.6326057,0.09331596
3973,-0.78770083,0.18812422
3974,-0.9344138,0.17691009
3975,-0.5115936,0.14182426
3976,-0.7690245,0.18522182
3977,-0.9069457,0.17576325
3978,-0.5630353,0.1926259
3979,-0.44499797,0.098321505
3980,-0.45661244,0.1893928
3981,-0.49357986,0.19602928
3982,-0.4466715,0.110136315
3983,-0.5535936,0.1289116
3984,-0.596808,0.12988214
3985,-0.5656428,0.16086775
3986,-0.71684915,0.17029047
3987,-0.78296983,0.18953563
3988,-0.5687758,0.19969812
3989,-0.89407027,0.20686847
3990,-0.24656299,0.2563368
3991,-0.5186227,0.16414797
3992,-0.7228533,0.19999819
3993,-0.6200043,0.2051239
3994,-1.1232293,0.31748772
3995,-0.8310422,0.1975712
3996,-0.6905653,0.1510889
3997,-1.0742755,0.2054563
3998,-0.8888275,0.2706963
3999,-0.33199558,0.078122936
4000,-0.6587881,0.1591929
4001,-0.8623169,0.24468626
4002,-0.47764453,0.17812076
4003,-0.7958188,0.22305335
4004,-0.9311218,0.19954306
4005,-0.51210576,0.19724633
4006,-0.7275589,0.1987141
4007,-0.63803196,0.18182194
4008,-0.4975931,0.15391128
4009,-0.84683686,0.2492399
4010,-0.7919844,0.12482529
4011,-0.7788577,0.25278783
4012,-0.27681363,0.08803835
4013,-0.5711155,0.13973098
4014,-0.9071156,0.14940543
4015,-0.85005534,0.14027277
4016,-0.8046438,0.17508113
4017,-0.76093405,0.22053888
4018,-0.3786744,0.13408257
4019,-0.43274993,0.12805942
4020,-0.57408047,0.12558025
4021,-0.64918214,0.1863673
4022,-0.60460234,0.17067577
4023,-0.78571904,0.23547073
4024,-0.6590947,0.19882104
4025,-0.5396901,0.18129395
4026,-0.83636427,0.18402518
4027,-0.7268952,0.25754327
4028,-0.81437844,0.20809281
4029,0.22674188,0.16319868
4030,-0.8069188,0.1689231
4031,-0.6000408,0.20984377
4032,-0.52183974,0.09839675
4033,-0.8074293,0.1554417
4034,-0.86108744,0.18776709
4035,-0.76065403,0.16924195
4036,-0.85026246,0.13480005
4037,-0.7859187,0.13850008
4038,-0.614345,0.17151801
4039,-0.6572029,0.14499818
4040,-0.57269603,0.14478111
4041,-0.82061607,0.20114791
4042,-0.3505275,0.13067149
4043,-0.5929407,0.12820925
4044,-0.73057306,0.085828595
4045,-0.65981114,0.16835992
4046,-0.5023335,0.10867895
4047,-0.802327,0.13779739
4048,-0.67700016,0.20022576
4049,-0.96615255,0.16567488
4050,-0.5628514,0.15339506
4051,-0.7160071,0.18597327
4052,-0.60416085,0.22216988
4053,0.118836895,0.7943022
4054,-0.7707359,0.1630326
4055,-0.55491555,0.13307932
4056,-0.6347666,0.24123186
4057,-0.6023941,0.21719709
4058,-1.1003745,0.23278478
4059,-0.76485217,0.15542692
4060,-0.94954854,0.24531446
4061,-0.5518967,0.12036753
4062,-0.7000556,0.18806455
4063,-0.71665895,0.21635814
4064,-0.91304094,0.23886146
4065,-0.38105398,0.081242435
4066,-0.5325605,0.21509774
4067,-1.1006913,0.21317312
4068,-0.78106296,0.19698186
4069,-0.7667594,0.2923898
4070,-0.8127801,0.26994213
4071,-1.0533183,0.16912928
4072,-0.52240205,0.1555877
4073,-0.7872135,0.1514589
4074,-0.73175436,0.17644043
4075,-1.1302798,0.2797251
4076,-0.52762675,0.16949612
4077,-0.09381608,0.26594177
4078,-0.7398114,0.19426657
4079,-0.9633228,0.1961134
4080,-0.649653,0.09722705
4081,-0.8930748,0.17156896
4082,-0.60174865,0.17455785
4083,-0.7534785,0.27387178
4084,-0.9242978,0.13420178
4085,-0.87475955,0.21139035
4086,-0.5519501,0.12847447
4087,-0.67978466,0.20096159
4088,-0.8966588,0.19527574
4089,-0.50628984,0.12671883
4090,-0.47433847,0.1541641
4091,-0.59158367,0.112880744
4092,-0.6763663,0.21839738
4093,-1.0654141,0.22455657
4094,-0.5211173,0.17378618
4095,-0.6491741,0.14821774
