,mean,sd
0,-1.2747824,0.27366152
1,-1.3888389,0.17319724
2,-1.2879435,0.24955837
3,-1.9859196,0.2285754
4,-1.400378,0.2041302
5,-1.3528368,0.19219495
6,-0.92975616,0.15573083
7,-1.4157321,0.1713297
8,-1.5508391,0.19451648
9,-1.7331245,0.22055756
10,-1.0503105,0.17473042
11,-1.2582748,0.1846805
12,-1.0042413,0.15657105
13,-1.5261223,0.18813604
14,-1.3095936,0.18886489
15,-1.374354,0.19857554
16,-1.1262128,0.17096968
17,-1.109004,0.17370358
18,-1.2301905,0.20915322
19,-1.2984291,0.21221583
20,0.022823462,0.2691551
21,-0.12585405,0.4531881
22,-1.6067032,0.19851528
23,-1.173917,0.19501089
24,-1.2729158,0.16674535
25,-1.2754786,0.1428964
26,-1.8691127,0.27607578
27,-0.61707616,0.10130319
28,-1.4131114,0.22482358
29,-1.5404714,0.25237927
30,-0.30557603,0.78137004
31,-1.3530579,0.19009772
32,-1.2664955,0.14596272
33,-1.1978874,0.17535874
34,-1.1736877,0.17881538
35,-1.6100216,0.23836268
36,-1.3869057,0.1809668
37,-1.4641562,0.23266044
38,-1.2089716,0.15835941
39,-1.8106352,0.20859505
40,-1.387981,0.16588032
41,-1.1372303,0.19453141
42,-1.4553838,0.24143648
43,-1.560151,0.20299445
44,-0.1515448,0.42731133
45,-1.3886122,0.20584172
46,-1.4568167,0.21221289
47,0.4001212,0.7633874
48,-2.030291,0.2166521
49,-1.3754944,0.18445969
50,-1.5758908,0.2052999
51,-1.3866704,0.25269943
52,-1.6561203,0.2624939
53,-1.363922,0.22619902
54,-1.2910398,0.22000222
55,-1.8144028,0.24579631
56,-1.193321,0.19764733
57,-1.5214326,0.23076504
58,-1.1192675,0.21732958
59,-1.4416814,0.24399687
60,-1.0070903,0.15783647
61,-1.1495346,0.21351586
62,-1.3256185,0.21888106
63,-0.84359276,0.14988951
64,-1.7935638,0.23742974
65,-1.6436317,0.21917252
66,-1.8294194,0.22948422
67,-1.0771637,0.16595653
68,-1.6290615,0.26365882
69,-1.5597937,0.24288464
70,-1.2906294,0.16762562
71,-1.4479544,0.19713317
72,-1.3885874,0.20582826
73,-1.4552215,0.19155268
74,-1.6567852,0.2204424
75,-1.7472603,0.25889304
76,-1.5556414,0.18264435
77,-1.1811396,0.13764015
78,-1.4333044,0.22505619
79,-1.6039486,0.21993132
80,-1.4054823,0.22961262
81,-1.1988719,0.18491942
82,-0.9507847,0.1487976
83,-1.6413132,0.19344342
84,-1.5243193,0.28701484
85,-1.7128137,0.21992804
86,-1.3138582,0.23850374
87,-1.9539416,0.26538455
88,-1.7012825,0.2794991
89,-1.9740927,0.26344976
90,-1.9007107,0.28887814
91,-2.1125724,0.2592163
92,-1.9560493,0.31243458
93,-0.9389084,0.13645117
94,-1.9516621,0.2205382
95,-1.1410636,0.20479035
96,-1.2908976,0.24245974
97,-0.018320717,0.2825572
98,-1.23308,0.17831638
99,-1.385391,0.24435791
100,-1.5398896,0.236148
101,-1.5919113,0.1923063
102,-1.4994736,0.24561028
103,-1.4909425,0.25522327
104,-1.6670101,0.23379341
105,-0.030489022,0.39256763
106,-1.5469248,0.1789986
107,-1.3295252,0.22582471
108,-1.2508866,0.15509044
109,-1.3632799,0.2564551
110,-1.5665398,0.2409307
111,-1.2701944,0.18074709
112,-1.8615665,0.24233477
113,-1.5335112,0.23637131
114,0.156068,0.5721679
115,-1.425257,0.25464708
116,-1.5781443,0.20991933
117,-1.3200481,0.20943967
118,-1.5639143,0.16616382
119,-0.95957977,0.17970538
120,-1.6237816,0.25183168
121,-1.7270714,0.20016247
122,-1.3687804,0.23246337
123,-1.8763516,0.24826038
124,-1.6399103,0.21692647
125,-1.6289755,0.21135171
126,-1.3337004,0.23203132
127,-1.3630714,0.24330679
128,-1.0517063,0.15607154
129,-1.4582891,0.25583243
130,-1.1497675,0.13332695
131,-1.425174,0.24171105
132,-1.3707197,0.20735921
133,-1.6919212,0.23901185
134,-1.2589293,0.16736653
135,-1.5074159,0.23351057
136,-1.1044071,0.21775001
137,-1.163842,0.200749
138,-1.4403542,0.2254202
139,-0.81154823,0.10773817
140,-1.2391863,0.1841451
141,-1.0982792,0.15738952
142,-0.97771627,0.15133381
143,-1.6302264,0.24249318
144,-1.5246123,0.24946296
145,-1.6208408,0.1576721
146,-1.7271401,0.22379524
147,-1.9169872,0.26705968
148,-1.4898764,0.19182457
149,-1.7058086,0.2264024
150,-1.3204707,0.1963872
151,-0.8513546,0.13820198
152,-1.6859719,0.25315008
153,-1.0580095,0.13172697
154,-1.2154722,0.13157348
155,-1.2476212,0.24588266
156,-1.7077976,0.26107413
157,-0.86966133,0.15396766
158,-0.74253833,0.13528845
159,-1.6161911,0.18180676
160,-1.5579662,0.22430791
161,-1.1656287,0.19884574
162,-1.6416099,0.22569145
163,-1.6766697,0.2778229
164,-1.7100332,0.27970022
165,-1.3375279,0.25552934
166,-1.6029408,0.2129474
167,-1.0937364,0.12389217
168,-1.7849197,0.254748
169,-1.6505295,0.24695279
170,-1.2985294,0.19054903
171,-1.425443,0.18604697
172,-1.6123579,0.20664887
173,-0.64977205,0.11558369
174,-1.1979587,0.15978895
175,-1.8370104,0.27265468
176,-1.6243553,0.23995563
177,-0.9887646,0.14753477
178,-1.2460248,0.14533214
179,-1.7670349,0.25002578
180,-1.3502041,0.22150937
181,-1.3974183,0.20760746
182,-0.9399477,0.14799029
183,-1.5334034,0.24497059
184,-1.4993166,0.24885367
185,-1.1987034,0.179633
186,-1.415953,0.2297363
187,-1.4883429,0.1674015
188,-1.4325335,0.20242251
189,-1.3073046,0.20940642
190,-1.6822507,0.19394802
191,-1.5293643,0.18569592
192,-1.4619241,0.22392306
193,-1.481092,0.23190852
194,-1.0611217,0.15641734
195,-1.6110595,0.19369267
196,-1.5952222,0.21671635
197,-1.5374907,0.28417635
198,-1.2300609,0.20008999
199,-1.4210862,0.23144428
200,-1.7212158,0.20638183
201,-1.8138272,0.228091
202,-0.99629307,0.14735797
203,-0.45823374,0.8307034
204,-1.4606786,0.24399619
205,-0.046741255,0.22460783
206,-1.50061,0.21960017
207,-1.1773026,0.19296831
208,-1.3331423,0.21515703
209,-1.299569,0.19127512
210,-1.3718127,0.21102172
211,-0.08626113,0.20822492
212,-1.0825425,0.19766434
213,-1.4591196,0.17968278
214,-0.9967373,0.16894217
215,-1.735255,0.22538911
216,-1.4777997,0.2023587
217,-0.36339635,0.7449354
218,-1.003159,0.16414276
219,-1.545393,0.23620793
220,-1.8198032,0.19753295
221,-1.3415445,0.1990239
222,-1.6693199,0.2193587
223,-1.0060396,0.17483069
224,-1.7433456,0.24032897
225,-1.470214,0.19346073
226,-1.3497236,0.20561643
227,-1.3596746,0.2052334
228,-1.3605165,0.17492415
229,-1.250519,0.16657318
230,-1.7874792,0.3541755
231,-1.1467336,0.14129123
232,-1.6231403,0.2218197
233,-1.3725246,0.2381495
234,-1.625762,0.21067446
235,-1.3836305,0.210952
236,-1.1641178,0.1545213
237,-1.3844947,0.21453492
238,-1.7340527,0.26686078
239,-1.1599798,0.1758096
240,-1.1368091,0.13464144
241,-1.2628019,0.1917916
242,-1.2986966,0.19120833
243,-1.0823097,0.19676578
244,-1.6099021,0.20020273
245,-1.7353033,0.2847804
246,-1.2772734,0.23693067
247,-1.4824785,0.23758522
248,-1.6999327,0.25084725
249,-1.3422109,0.21118705
250,-1.550666,0.2604837
251,-1.5075535,0.18516515
252,-1.4707984,0.250523
253,-1.5984977,0.295125
254,-1.7389774,0.27657008
255,-1.6275135,0.24172968
256,-1.3444734,0.21333817
257,-1.7267983,0.17856914
258,-2.1059284,0.20627792
259,-1.3083072,0.20038089
260,-1.1438117,0.1717352
261,-1.5661399,0.22321053
262,-1.8645054,0.25192395
263,-1.6507431,0.23580429
264,-0.94916743,0.1435438
265,-1.6136417,0.20729528
266,-1.4693854,0.22159244
267,-0.8314867,0.14453141
268,-1.2054735,0.17524123
269,-1.1947236,0.1844543
270,-1.380102,0.24235076
271,-2.0897555,0.35891423
272,-1.6355369,0.27034795
273,-1.3392781,0.20801538
274,-1.2212259,0.18720579
275,-1.2950752,0.18862003
276,-1.4268925,0.18896048
277,-1.3092966,0.20103651
278,-1.7001164,0.22239026
279,-1.273585,0.21055436
280,-1.5151765,0.22782373
281,-1.8801454,0.24338894
282,-1.7052777,0.25812712
283,-1.3359296,0.20510209
284,0.034055814,0.26020008
285,-1.7912703,0.28762323
286,-0.9905399,0.1533281
287,-0.05210955,0.59481245
288,-1.4212478,0.23918344
289,-1.275851,0.19046873
290,-2.045736,0.2886988
291,-1.5809573,0.293921
292,-1.3114004,0.17074288
293,-1.5514678,0.21951415
294,-1.4843376,0.21744972
295,-1.4105802,0.15286441
296,-1.1361512,0.15177783
297,-1.2177222,0.20951964
298,-1.4669688,0.24975926
299,-0.8097507,0.15765761
300,-1.3577099,0.15274969
301,-1.3014059,0.18669634
302,-1.4808218,0.17643031
303,-1.6849966,0.26846015
304,-1.2732204,0.18755208
305,-1.2531458,0.13799402
306,-1.1679884,0.17220233
307,-1.3928035,0.24015266
308,-1.5494741,0.1933239
309,-1.3166296,0.21463764
310,-1.0942191,0.1534826
311,-1.3706992,0.20075023
312,-1.6448123,0.25179586
313,-0.958704,0.13510092
314,-1.5655107,0.23417453
315,-1.3195703,0.20539255
316,-1.0591755,0.14819294
317,-1.2201054,0.20071085
318,-1.0441558,0.12309854
319,-1.4317299,0.22686681
320,-1.6823504,0.21731511
321,-1.6152065,0.25965956
322,-1.2648995,0.18208858
323,-1.0771009,0.1894794
324,-1.5712447,0.23396824
325,-1.0026997,0.13767287
326,-1.3724945,0.19738303
327,-1.4916661,0.19760245
328,-1.7778095,0.30778497
329,-1.6934006,0.2245288
330,-1.6206557,0.18400267
331,-1.2074932,0.19672489
332,-1.3911783,0.18562874
333,-1.3403753,0.22927144
334,-1.5723308,0.19157727
335,-1.2767041,0.17507346
336,-1.2473752,0.20970064
337,-1.3895494,0.18335348
338,-1.6352627,0.24747652
339,-1.4199464,0.1886101
340,-1.5482539,0.22992289
341,-1.6710507,0.29322612
342,-1.5420977,0.21515201
343,-1.1545938,0.1574079
344,-1.3827822,0.1725469
345,-1.4786829,0.18369648
346,-1.6616532,0.24571413
347,-0.86221296,0.11893181
348,-1.5368607,0.1658721
349,-1.9935519,0.24229212
350,-1.5086541,0.21880585
351,-1.6493709,0.24532607
352,-1.4920406,0.2064127
353,-1.7596569,0.2703161
354,-1.3368025,0.18164288
355,-1.1752125,0.16217257
356,-1.198562,0.20297398
357,-1.5797536,0.21587074
358,-1.3346226,0.17853108
359,-1.3231828,0.18672065
360,-1.5354121,0.23542498
361,-1.2396586,0.1818052
362,-1.0535257,0.13196445
363,-1.4528685,0.3088779
364,-1.1707042,0.19334432
365,-1.9215015,0.23556025
366,-1.8543472,0.22642958
367,-1.9464325,0.24629577
368,-0.98763674,0.16353497
369,-1.7003053,0.262076
370,-1.8163166,0.2321174
371,-1.4069548,0.18836685
372,-1.7510254,0.2638921
373,-1.1592585,0.19047607
374,-1.159929,0.19488662
375,-1.4162962,0.213022
376,-1.2673038,0.16592617
377,-1.2353109,0.17215528
378,-1.9891443,0.24980032
379,0.007590475,0.23000292
380,-1.3051535,0.16220713
381,-1.0728661,0.14984499
382,-1.3198831,0.18778695
383,-1.6418207,0.2462345
384,-1.0912405,0.17085904
385,-1.8493044,0.22021219
386,-1.2758195,0.19099556
387,-1.2210697,0.26498976
388,-0.99736845,0.14842941
389,-0.8866526,0.14099056
390,-1.5622925,0.29991156
391,-1.6934359,0.2479498
392,-0.287762,0.68114305
393,-1.6090599,0.21173248
394,-1.6683334,0.230587
395,-1.4479964,0.2649844
396,-1.3629688,0.18621278
397,-1.6044104,0.18446216
398,-1.3335334,0.18643504
399,-1.0292351,0.16615704
400,-0.04185789,0.41577488
401,-1.0885634,0.16704215
402,-1.6163216,0.21612126
403,-1.1805499,0.18354805
404,-1.4732418,0.21370223
405,-1.4396042,0.20582233
406,-1.257837,0.1837047
407,0.26828668,0.6535414
408,-1.7281357,0.2163517
409,-1.5302329,0.2267401
410,-1.6632817,0.2369811
411,-1.6469002,0.255278
412,-1.5240355,0.20908114
413,-0.9237251,0.14641826
414,-1.1819372,0.16669852
415,-1.6049669,0.23961838
416,-1.1815109,0.16505793
417,-1.4051505,0.19814655
418,-1.6696327,0.2610856
419,-1.7621346,0.2439291
420,-1.4054614,0.14863105
421,-1.5543053,0.23837784
422,-1.1710997,0.1545922
423,-1.5353248,0.20906393
424,-1.669664,0.20026092
425,-1.3990364,0.18155909
426,-1.1445553,0.14242719
427,-1.3868155,0.18550214
428,-1.1365681,0.1909369
429,-1.5173352,0.2200287
430,-1.2051647,0.1492423
431,-1.0868796,0.22043028
432,-1.4666227,0.25114357
433,-1.599234,0.23134163
434,-1.8183607,0.24009852
435,-1.6057014,0.22912385
436,-1.2589306,0.21231869
437,-1.0792387,0.1883219
438,-1.8319145,0.23317116
439,-1.0649185,0.13576227
440,-0.77875173,0.16611488
441,-1.2701843,0.22852008
442,-1.3556706,0.1862491
443,-1.1293406,0.167016
444,-1.4423726,0.19011112
445,-0.044008635,0.30595785
446,-1.4961452,0.21173151
447,-1.3495067,0.17867509
448,-1.5782493,0.2267112
449,0.024104808,0.37786463
450,-1.4811265,0.25672978
451,0.0059138117,0.24054632
452,-2.0468163,0.2891246
453,-1.1641688,0.16391446
454,-1.4747906,0.20422153
455,-1.4847555,0.24953823
456,-1.5335441,0.26458195
457,-1.0480493,0.12978823
458,-1.8184159,0.21285838
459,-1.7469454,0.32693776
460,-1.1346275,0.20104067
461,-1.6246254,0.21578379
462,-1.8650446,0.2744145
463,-1.1496994,0.15152854
464,-1.6114613,0.21744607
465,-1.7521435,0.23533772
466,-1.4016712,0.23819727
467,-1.063641,0.14155744
468,-1.5481608,0.24710105
469,-1.6046375,0.22735378
470,-1.6575806,0.24363004
471,-1.4731563,0.21032299
472,-0.94709176,0.17711736
473,-1.440869,0.20559631
474,-2.0737648,0.24581821
475,-1.6388254,0.17892629
476,-1.5883679,0.23900451
477,-1.0304002,0.15012594
478,-1.1925391,0.127529
479,-0.98548585,0.1572612
480,-1.467357,0.21061291
481,-1.582019,0.21382357
482,-1.279397,0.17686784
483,-1.383116,0.20253786
484,-1.1839597,0.1643146
485,-1.5832803,0.23270887
486,-1.8765037,0.25538126
487,-1.2347736,0.22045015
488,-1.3937851,0.19728917
489,-1.0227053,0.17130044
490,-1.9373449,0.24321668
491,-1.6728182,0.32731292
492,-1.3606538,0.17609757
493,-1.1227949,0.17264916
494,-1.4701636,0.21961999
495,-1.6918303,0.2255105
496,-1.1912515,0.18085378
497,-1.760648,0.28940076
498,-1.1544609,0.17734928
499,-1.0350428,0.12883116
500,-1.3985125,0.23901753
501,-1.5444714,0.22346976
502,-1.4855946,0.23855212
503,-1.6460922,0.22768818
504,-1.440369,0.18384427
505,-1.2432916,0.15140717
506,-1.1925461,0.19842073
507,-1.3578888,0.20628722
508,-1.2168634,0.20150825
509,-1.8928093,0.2364643
510,-1.5037918,0.16783561
511,-0.9823879,0.14945991
512,-1.4134448,0.2125506
513,-1.3968518,0.2176401
514,-1.1737473,0.16063963
515,-1.4714553,0.25101817
516,-1.1528023,0.191191
517,-1.3027636,0.16832083
518,-1.2257072,0.18841378
519,-1.5289457,0.21729034
520,-1.3207676,0.20424579
521,-1.6667347,0.24362604
522,-1.113403,0.1577249
523,-1.3370177,0.17620921
524,-1.4577343,0.18871425
525,-1.5466578,0.23141198
526,-1.2246786,0.23183808
527,-1.3274298,0.21224831
528,-1.2353566,0.2165512
529,-1.7545636,0.23949422
530,-1.4430265,0.15611908
531,-1.7875412,0.22569096
532,-1.3378055,0.2169226
533,-1.0532637,0.15070318
534,-1.4888203,0.2046318
535,-1.7511486,0.27459964
536,-1.4640828,0.20245174
537,-0.7077961,0.10169577
538,-1.5880053,0.21837658
539,-1.3727267,0.2479403
540,0.21418068,0.45166442
541,-1.215231,0.17010707
542,-1.7222223,0.19037724
543,-1.4889272,0.22132383
544,-1.2805296,0.15720317
545,-1.3750951,0.16498728
546,-0.8537289,0.120770514
547,-1.0219902,0.18754861
548,-1.3675648,0.27338675
549,-1.215819,0.13764134
550,-1.2317067,0.18760572
551,-1.1033539,0.15594298
552,-1.5103514,0.17094824
553,-1.0281527,0.12776585
554,-1.3298104,0.17593814
555,-0.7862664,0.12307404
556,-1.5696338,0.21510546
557,-1.5201634,0.25630432
558,-1.2697102,0.17795916
559,-1.9655138,0.259377
560,-0.7212499,0.10998516
561,-1.5057636,0.2788115
562,-1.2997965,0.1648329
563,-1.5522991,0.2374749
564,-1.7939011,0.22378503
565,-0.90177214,0.15632908
566,-1.1753759,0.1435661
567,-1.6162037,0.19043571
568,-1.6252133,0.22189608
569,-1.2589806,0.14318961
570,-1.49107,0.2311705
571,-1.3872377,0.19574349
572,-1.26001,0.19488457
573,-1.6029942,0.21702576
574,-1.3708527,0.1998974
575,-1.2944019,0.1899717
576,-1.3745161,0.23195115
577,-1.4484205,0.25162804
578,-1.0032024,0.16203418
579,-1.3412654,0.2052106
580,-1.8490576,0.25660944
581,-1.3610474,0.24913296
582,-1.1674994,0.15347964
583,-1.3498981,0.21186218
584,-1.3857263,0.22153735
585,-1.1226631,0.18574235
586,-1.9953136,0.25684366
587,-1.6603229,0.2646379
588,-1.0196987,0.113285
589,-1.3896283,0.18848844
590,-1.3986378,0.2584705
591,-1.4239801,0.17507283
592,-1.2799891,0.17337152
593,-1.4796158,0.21818005
594,-1.2490656,0.18612994
595,-1.0931714,0.16368681
596,-1.573275,0.23188496
597,-1.194437,0.20040765
598,-1.4699781,0.21666908
599,-1.9619961,0.29373828
600,-1.3674011,0.17922658
601,-1.5979683,0.25610211
602,-1.8512275,0.2869576
603,-1.3943164,0.20686828
604,-1.4250319,0.26402617
605,-1.2590059,0.19403736
606,-1.2413146,0.20032886
607,-1.7142003,0.26435393
608,-1.018781,0.1668036
609,-1.5891693,0.22951654
610,-1.1651069,0.14915597
611,-1.6681156,0.2235767
612,-2.0881839,0.2720618
613,-1.5062145,0.15004008
614,-1.1124778,0.16312602
615,-1.9077837,0.25894064
616,-1.406116,0.23376985
617,-1.4659817,0.26737928
618,-1.4134406,0.22282447
619,-1.347279,0.22594954
620,-1.7185233,0.23237167
621,-1.3486856,0.15348193
622,-1.4160793,0.16582958
623,-1.4286975,0.20453173
624,-1.3370628,0.21386169
625,-1.3761737,0.21260476
626,-0.81854963,0.15586747
627,-1.5151291,0.21978308
628,-1.4901825,0.21836166
629,-1.3807325,0.222617
630,-1.1660644,0.22272483
631,-1.5765282,0.21889316
632,-1.3981936,0.21057098
633,-1.3803604,0.2083909
634,-1.2332474,0.18403262
635,-1.4211353,0.21932721
636,-2.0295796,0.24430361
637,-1.4599807,0.22650136
638,-1.538613,0.17867984
639,-1.1521193,0.18467791
640,-1.261342,0.22510639
641,-2.1012115,0.28814006
642,-1.0778974,0.16865182
643,-1.7178568,0.24775274
644,0.022623697,0.36672485
645,-1.2553408,0.16406517
646,-1.6811243,0.25331008
647,-1.1879768,0.21432044
648,-1.6150427,0.19180946
649,-1.3745618,0.23873575
650,-1.5706146,0.2154364
651,-1.5961053,0.25588012
652,-1.3772252,0.22230592
653,-1.991486,0.2699666
654,-1.6144073,0.2567371
655,-1.0295441,0.17278855
656,-1.5128925,0.18469134
657,-0.034618158,0.5294341
658,-2.0959897,0.25965464
659,-1.4214176,0.1512332
660,-1.1890967,0.17738077
661,-1.5898585,0.22958554
662,-1.873265,0.23774646
663,-1.4968933,0.23751757
664,-0.91037047,0.15504764
665,-1.6500676,0.22550471
666,-1.2943988,0.19146699
667,-0.9370052,0.15896614
668,-1.6330397,0.27507854
669,-1.1437305,0.16608588
670,-1.7789605,0.26784924
671,-1.0564536,0.21027547
672,-1.902375,0.23668598
673,-1.8625933,0.24009252
674,-1.8070381,0.22911991
675,-1.1588758,0.16718568
676,-1.4041772,0.25759536
677,-1.2667255,0.22498289
678,-1.1763054,0.20051064
679,-1.5619833,0.23264916
680,-1.0556519,0.16452831
681,-1.6856941,0.2513764
682,-1.5794725,0.18673585
683,-1.3311579,0.22814368
684,-0.86724263,0.18427332
685,-1.93855,0.32375848
686,-1.3927364,0.20764257
687,-0.87099236,0.16647388
688,0.055112183,0.49032152
689,-1.9211454,0.22385548
690,-1.8898218,0.28579593
691,-0.98341596,0.12706266
692,-1.6313553,0.18978895
693,-1.8394693,0.25482732
694,-1.6271149,0.30318275
695,-1.5609466,0.19647047
696,-1.5062659,0.20973441
697,-1.6221821,0.24388064
698,-1.462903,0.23686881
699,-2.0258403,0.257855
700,-1.9850676,0.2564608
701,-1.6649001,0.21471007
702,-1.7556896,0.26953065
703,-1.2072042,0.17296332
704,-1.4336227,0.21001716
705,-1.3030024,0.15652348
706,0.18006572,0.30933878
707,-1.2585738,0.15965381
708,-1.4026513,0.18998086
709,-1.1612518,0.1855192
710,-1.2237084,0.18360835
711,-1.3586121,0.17913523
712,-0.19882488,0.42087927
713,-1.3676995,0.1932369
714,-1.1511323,0.18878032
715,-1.3756907,0.20701855
716,-1.2141771,0.16852516
717,-1.1347263,0.18711029
718,-1.2181265,0.19128692
719,-1.4839445,0.21922547
720,-1.1502433,0.18744053
721,-1.3326604,0.21212004
722,-1.2911766,0.27493832
723,-0.9217699,0.14031121
724,-1.282459,0.18099178
725,-1.3939711,0.2252853
726,-2.050895,0.2788155
727,-1.3965847,0.18580778
728,-1.226935,0.18101038
729,-1.6383442,0.21189196
730,-1.3593256,0.27976477
731,-0.9729993,0.12924336
732,-0.035675295,0.25772882
733,-1.5415761,0.24860176
734,-1.1771185,0.15787427
735,-1.7148625,0.21550319
736,-1.7083209,0.26989332
737,-1.1163428,0.17064367
738,-1.2786319,0.17868155
739,-0.94198596,0.17706582
740,0.036216218,0.4370132
741,-1.4188616,0.24498625
742,-1.1780455,0.21031108
743,-1.4196306,0.19794229
744,-1.6777687,0.3148279
745,-1.1220282,0.21202084
746,-1.3520027,0.22729309
747,-1.5497086,0.2766508
748,-1.5858638,0.25252834
749,-1.4580705,0.17090417
750,-1.130187,0.188928
751,-1.5379568,0.20697746
752,-1.4048396,0.1688411
753,-1.0882308,0.16493039
754,-1.5175667,0.21289296
755,-1.3030956,0.18872084
756,-1.2528547,0.17217775
757,-1.3413484,0.26076946
758,-1.6803272,0.21743506
759,-1.5290892,0.2503698
760,-1.7381012,0.24763879
761,-1.359367,0.17464545
762,-0.95169985,0.12516393
763,-1.4460934,0.206561
764,-1.3024833,0.18897845
765,-1.5547887,0.20781593
766,-1.066116,0.14722851
767,-1.1185238,0.18791749
768,-1.475948,0.20021482
769,-2.0490193,0.27691397
770,-0.03512452,0.32488537
771,-1.6027462,0.21030506
772,-1.3838011,0.2140758
773,-1.4941034,0.20230184
774,-1.6634058,0.31134033
775,-1.1547617,0.21498929
776,-1.3143365,0.1983414
777,-1.6105468,0.20966476
778,-1.4900863,0.18684505
779,-1.3849936,0.19609019
780,-1.5108263,0.17833063
781,-1.283706,0.17390358
782,-1.5806224,0.2184434
783,-1.3947283,0.21416661
784,-1.5651491,0.25609925
785,-1.0431654,0.1428979
786,-1.2848625,0.20646372
787,-1.3973475,0.17671445
788,-1.7491544,0.24690728
789,-1.5435877,0.21129131
790,-1.0046269,0.118986815
791,-1.8188633,0.23362276
792,-1.7704914,0.22120674
793,-1.5643762,0.2163762
794,-1.1015434,0.18396233
795,-1.6141155,0.2324102
796,-1.7842499,0.22688122
797,-1.4340074,0.20969209
798,-1.4851211,0.19569358
799,-1.2466094,0.17866527
800,-1.274207,0.17515112
801,-1.6967598,0.2396593
802,-1.0492707,0.18340039
803,-1.5577053,0.21563987
804,-1.3283017,0.17606285
805,-1.2380097,0.22798206
806,-1.4734757,0.20168796
807,-1.920809,0.25329605
808,-1.6760842,0.2823782
809,-1.6706855,0.25724822
810,-1.3867633,0.18490884
811,-1.3134589,0.24637832
812,-1.8369701,0.2849885
813,-1.2633039,0.18248914
814,-1.3831078,0.25187275
815,-1.6977873,0.21729302
816,-1.5960935,0.237137
817,-1.5767915,0.19249445
818,-1.4706118,0.22718701
819,-1.0736102,0.15753493
820,-0.99734,0.16224146
821,-1.2079041,0.198174
822,-1.1160951,0.15293467
823,-1.3338186,0.16189824
824,-0.75240433,0.108328536
825,-1.7758198,0.23547299
826,-0.038999263,0.4836002
827,-1.1677567,0.20137715
828,-1.6483147,0.20774359
829,-1.9827173,0.22124328
830,-1.3612795,0.17628372
831,-1.6727159,0.28241593
832,-1.1408855,0.18631291
833,-1.446222,0.20400529
834,-1.2908075,0.17311127
835,-1.0736821,0.14424986
836,-1.6658417,0.22390355
837,-1.2074312,0.14647536
838,-1.430908,0.19781598
839,-1.2043467,0.21125387
840,-1.6419239,0.18409355
841,-1.6070665,0.20861132
842,-1.3708025,0.22994976
843,-1.2152914,0.14393121
844,-1.4388866,0.19648482
845,-1.1606048,0.17398706
846,-0.9890603,0.14711097
847,-1.9060104,0.29233482
848,-1.5214756,0.26041833
849,-1.0986382,0.15557756
850,-1.2034156,0.21818835
851,-1.4600096,0.22269712
852,-1.7656143,0.24721265
853,-1.7316478,0.25735393
854,-1.257886,0.17759359
855,-1.4128195,0.20104793
856,-1.565208,0.18708526
857,-1.4142014,0.21421336
858,-0.479364,1.0253276
859,-0.9289714,0.11543048
860,-1.6106942,0.2665671
861,-1.3486656,0.21217206
862,-0.91582096,0.13448389
863,-1.2492149,0.24460042
864,-1.6140743,0.21177301
865,-1.4274242,0.19197725
866,-1.2977415,0.19773167
867,-1.3242792,0.1896505
868,-1.4192104,0.20319265
869,-1.5364864,0.2678949
870,-1.3258015,0.17487086
871,-1.91115,0.2395241
872,-1.4951636,0.19845666
873,-1.8977902,0.29660678
874,-1.0783105,0.12976134
875,-1.5514154,0.2031124
876,-1.3999116,0.20265287
877,-1.8226601,0.25046661
878,-1.1274948,0.19534227
879,-1.42255,0.25187206
880,-1.4637498,0.19128077
881,-1.6136814,0.23357566
882,-1.4451573,0.21211194
883,-1.3917778,0.20477156
884,-1.9257891,0.25448647
885,-1.1069008,0.2138839
886,-1.5533469,0.20182225
887,-1.7163213,0.26585436
888,-1.3326445,0.16555245
889,-1.4124624,0.2277084
890,-1.4499134,0.2252045
891,-1.1678193,0.18029945
892,-1.5325359,0.20847608
893,-1.8937998,0.29470414
894,-1.8079243,0.26415014
895,-1.3050026,0.22001645
896,-1.4874825,0.20805596
897,-1.6536465,0.2751407
898,-1.006674,0.1464007
899,-1.303548,0.18998472
900,-1.5265509,0.17144585
901,-1.811158,0.2638425
902,-0.028338462,0.22863436
903,-1.5051129,0.22313182
904,-1.6173435,0.21218155
905,-1.0261952,0.16551371
906,-1.1377509,0.15764947
907,-0.0386433,0.16918214
908,-1.4895992,0.19803472
909,-1.5200012,0.24884312
910,-1.5298502,0.2728946
911,-1.4212637,0.17820488
912,-1.4061053,0.2527809
913,-1.2027152,0.16517052
914,-1.7879584,0.23982437
915,-1.2962009,0.16089542
916,-1.293968,0.12361231
917,-1.209882,0.16625176
918,-1.3765787,0.20079228
919,-1.5216452,0.17938437
920,-1.7265087,0.2339933
921,-1.3797877,0.25326914
922,-1.3917711,0.20433223
923,-1.7371738,0.23108453
924,-1.2111031,0.17520098
925,-1.2899433,0.18760662
926,-1.4494877,0.20438156
927,-1.0882152,0.21432076
928,-1.1438458,0.16324876
929,-1.445142,0.19945794
930,-1.1659282,0.1468401
931,-1.5651556,0.22369985
932,-1.1860135,0.18764983
933,-1.2139994,0.15702559
934,-1.7519696,0.2670018
935,-1.0671463,0.2025311
936,-1.1694227,0.15940827
937,-1.8986843,0.22372368
938,-1.9935625,0.2523358
939,-2.0171905,0.25290886
940,-1.5741336,0.22654912
941,-1.2946804,0.17574666
942,-1.079606,0.16498849
943,-1.3820238,0.18431853
944,-1.1244972,0.17840756
945,-1.2896613,0.22754386
946,-1.5581388,0.23452978
947,-0.97234786,0.13360487
948,-1.5185106,0.20039742
949,-1.5506233,0.2054079
950,-1.6011032,0.22384061
951,-1.7771008,0.24998273
952,-1.0628868,0.14784522
953,0.36017942,0.744012
954,-1.0551434,0.17023298
955,-1.2553308,0.21158685
956,-1.7189858,0.31054607
957,-1.4930729,0.182755
958,-1.5178411,0.19750172
959,-1.7411938,0.2701466
960,-1.2369964,0.19013073
961,-1.5282832,0.202297
962,-1.1684425,0.20293829
963,-1.2994533,0.17291385
964,-0.8326435,0.13116236
965,-0.9400107,0.17206839
966,-1.4974369,0.19267981
967,-1.1721804,0.18093143
968,-1.631024,0.2254003
969,-1.3796608,0.21072818
970,-1.2202126,0.19747356
971,-1.8556788,0.32595387
972,-1.6228235,0.20973134
973,-1.5037411,0.23537894
974,-1.5642762,0.19628185
975,0.23802653,0.67279214
976,0.15609846,0.44948202
977,-1.4482567,0.21036287
978,-1.3992121,0.17334886
979,-1.6947238,0.18376647
980,-1.6467831,0.25619474
981,-1.293837,0.26332298
982,-1.5546796,0.22128963
983,-1.4107666,0.20311108
984,-1.8088611,0.29518726
985,-1.1109165,0.135614
986,-1.6484112,0.21244848
987,-1.561454,0.282061
988,-1.3400452,0.17715442
989,-1.5490439,0.26281115
990,-1.3404198,0.25825346
991,-1.0358646,0.16760536
992,-1.7329861,0.2338645
993,-0.21193282,0.31445655
994,-1.8216375,0.24285029
995,-1.1490082,0.16785443
996,-2.2584567,0.35377485
997,-1.5454162,0.19763078
998,-1.3726399,0.21142125
999,-1.3423647,0.18467577
1000,-2.0495584,0.24860401
1001,-1.3047552,0.23644587
1002,-1.784179,0.21325238
1003,-1.5227019,0.21031646
1004,-1.3629377,0.22442101
1005,-1.5771561,0.24867538
1006,-1.2846266,0.19059159
1007,-1.7287991,0.23311636
1008,-1.721851,0.29219726
1009,-1.7444336,0.21337703
1010,-1.2868614,0.23316284
1011,-1.5272143,0.17207341
1012,-1.7969958,0.225701
1013,-1.4936265,0.2683194
1014,-2.0869646,0.24578777
1015,-1.7620863,0.23897742
1016,-1.4666474,0.19633082
1017,-1.3454853,0.20899068
1018,-1.3754297,0.20373541
1019,-1.8284595,0.27005255
1020,-1.3338257,0.17854914
1021,-1.1119424,0.1625686
1022,-1.3430798,0.19033253
1023,-1.2240143,0.15941262
1024,0.043079417,0.2099831
1025,-1.3770434,0.18322642
1026,-1.4779752,0.22249857
1027,-1.2491289,0.17121038
1028,-1.6565338,0.26483527
1029,-1.3609282,0.16225949
1030,-1.4284637,0.1991549
1031,-1.580108,0.21551867
1032,-1.3409783,0.15747175
1033,-1.3496872,0.17056507
1034,-1.5375385,0.22319825
1035,-1.6669714,0.27756384
1036,-1.7179871,0.26318392
1037,-1.2341399,0.16242424
1038,-1.1070764,0.17523494
1039,-1.1382203,0.15371807
1040,-1.4684494,0.15813401
1041,-1.4447889,0.22303286
1042,-1.6489795,0.222661
1043,-1.1577504,0.18110318
1044,-1.4331505,0.17672385
1045,-1.6723545,0.20737685
1046,-1.8515743,0.26412013
1047,-1.3802763,0.14797224
1048,-0.9663433,0.13447729
1049,-1.272,0.1872964
1050,-1.6552185,0.24380441
1051,-1.18641,0.19947818
1052,-1.1765032,0.17541257
1053,-1.7046143,0.2136534
1054,-1.1889474,0.16286586
1055,-1.1363975,0.1783904
1056,-1.1455497,0.14959466
1057,-0.8235914,0.15198185
1058,-1.1100545,0.15912987
1059,-1.1920655,0.18645936
1060,-1.4202658,0.23288399
1061,-1.2017043,0.14816861
1062,-2.0889044,0.2553707
1063,-0.8142683,0.13783024
1064,-1.4569279,0.20314498
1065,-1.4366238,0.22975782
1066,-1.217982,0.21237199
1067,-1.5581867,0.2411351
1068,-1.628046,0.28319946
1069,-1.4882653,0.2544977
1070,-1.9285272,0.25887877
1071,-1.206104,0.18017118
1072,-1.5865656,0.21158025
1073,-1.7731289,0.24950133
1074,-1.0972407,0.20315869
1075,-1.0735908,0.18696482
1076,-1.2642927,0.17523946
1077,-1.2958151,0.18703258
1078,-1.5469872,0.22612348
1079,-1.5844408,0.20019844
1080,-1.1763887,0.1749894
1081,-1.4499257,0.1785106
1082,-1.4824069,0.22730382
1083,-1.4247303,0.20356666
1084,-1.4392558,0.19936644
1085,-1.1328989,0.16315106
1086,0.047110103,0.4932916
1087,-1.4953506,0.22721238
1088,-1.1738251,0.19920073
1089,-0.98960793,0.16546331
1090,-1.3275341,0.20125982
1091,-0.9391826,0.13934872
1092,-1.6989228,0.2102852
1093,-1.3347403,0.15195188
1094,-1.8343757,0.2528236
1095,-1.4502699,0.21220802
1096,-1.5268819,0.18594693
1097,-1.9153376,0.2903201
1098,-1.4495151,0.21100181
1099,-1.0214088,0.19983223
1100,-0.95948297,0.16048162
1101,-1.7317079,0.24660642
1102,-1.6299092,0.1980759
1103,-1.5611451,0.22435509
1104,-1.3861701,0.16804348
1105,-1.5320227,0.19179887
1106,-1.475766,0.22856411
1107,-1.6003014,0.24136654
1108,-1.1443385,0.15508504
1109,-1.5110475,0.215355
1110,-1.8596466,0.27525488
1111,-1.5599427,0.20407009
1112,-1.2064289,0.16052406
1113,-1.6055228,0.21554174
1114,-1.8117212,0.27284017
1115,-1.2512743,0.18580735
1116,-1.3209766,0.2072442
1117,-1.2206719,0.16907102
1118,-1.7812208,0.22327474
1119,-1.547923,0.24499287
1120,-1.6564877,0.18535405
1121,-1.4705105,0.22298047
1122,-1.6841065,0.2386781
1123,-0.90897083,0.15272516
1124,-0.091990426,0.24230294
1125,-1.2879307,0.18937787
1126,-1.5182602,0.27817473
1127,-1.0646493,0.13370804
1128,-1.5924951,0.22377658
1129,-0.8805393,0.124653496
1130,-1.600428,0.22192569
1131,-1.6342747,0.22964188
1132,-1.3479011,0.1678321
1133,-1.2905767,0.18593992
1134,-1.8712978,0.24651241
1135,-1.7820785,0.26444182
1136,-2.1028779,0.26725417
1137,-1.0345069,0.1711734
1138,-1.5490798,0.24179277
1139,-1.2157595,0.23177193
1140,-1.796129,0.2703486
1141,-1.5436535,0.23943508
1142,-1.633647,0.18777268
1143,-1.1628506,0.19694369
1144,-1.5324752,0.21879923
1145,-1.2700851,0.20729233
1146,-1.7389221,0.24444386
1147,-1.1529319,0.19685946
1148,-1.4895235,0.16301134
1149,-1.283825,0.18521428
1150,-1.6297247,0.20978804
1151,-1.1075583,0.15738072
1152,-1.7637365,0.25736415
1153,-1.4138252,0.2110102
1154,-1.3345051,0.19629349
1155,-1.502156,0.25296962
1156,-1.6130657,0.18388996
1157,-1.6596553,0.220685
1158,-1.1914839,0.17338377
1159,-0.73992586,0.14407125
1160,-1.05056,0.14687167
1161,-2.1013508,0.282816
1162,-1.1648321,0.20167537
1163,-1.3667593,0.18628244
1164,-1.385442,0.2601317
1165,-1.4188836,0.19519646
1166,-0.022845889,0.46249834
1167,-1.0191956,0.14727993
1168,-1.7219416,0.25852528
1169,-1.1432675,0.15159242
1170,-1.8069193,0.22758828
1171,-1.8134339,0.31862047
1172,-1.2151186,0.19245586
1173,-1.256583,0.18529992
1174,-0.95335495,0.15531075
1175,-1.74073,0.22501022
1176,1.9738086,1.0767635
1177,-0.7035734,0.11883817
1178,-1.1141838,0.17276144
1179,-1.3518887,0.17524633
1180,-1.2707264,0.19466148
1181,-1.0429922,0.15278272
1182,-1.2171437,0.23542503
1183,-1.3296667,0.19478832
1184,-1.7303095,0.20835127
1185,-1.5068859,0.21641654
1186,-1.2343973,0.17356189
1187,-1.4954598,0.19233827
1188,-0.79994386,0.10918888
1189,-1.4335403,0.26079366
1190,-1.9466038,0.3214512
1191,-1.5153042,0.20791478
1192,-1.5484879,0.23740594
1193,-1.5186441,0.23249193
1194,-1.3207362,0.14411247
1195,0.3904213,0.7529089
1196,-1.8176556,0.23870279
1197,-1.682478,0.20534036
1198,-1.0527898,0.19245288
1199,-1.5209869,0.18551642
1200,-1.5125978,0.21445379
1201,-1.1098417,0.20488608
1202,-0.93737346,0.14455397
1203,-1.4534035,0.20022489
1204,-0.9113823,0.117875695
1205,-1.860804,0.2785531
1206,-0.9870618,0.13291691
1207,-1.5589324,0.19616127
1208,-0.9702799,0.14877346
1209,-1.0372484,0.15430531
1210,-1.5792373,0.23291755
1211,-1.4199317,0.21000296
1212,0.14454174,0.36288056
1213,-1.1246402,0.15550068
1214,-1.7670323,0.18395913
1215,-1.7427772,0.24957186
1216,-1.180399,0.21644634
1217,-1.7178452,0.24823457
1218,-1.2751083,0.19757394
1219,-0.91031516,0.17745042
1220,-0.9209579,0.1470924
1221,-1.7766987,0.27713612
1222,-1.2634068,0.19541341
1223,-1.3357475,0.16757192
1224,-1.3952906,0.22077355
1225,-1.4611827,0.1968822
1226,-1.5466061,0.18956986
1227,-1.03976,0.16902538
1228,-0.16577205,0.58814317
1229,-1.655714,0.21051544
1230,-1.4307506,0.19951838
1231,-1.8352101,0.24383327
1232,-1.2026657,0.17747419
1233,-1.4901551,0.2523103
1234,-1.9280103,0.28725323
1235,-1.5187649,0.22420862
1236,-1.4792588,0.21320997
1237,-1.6986065,0.18883424
1238,-1.3525302,0.19035855
1239,-0.8337511,0.12027912
1240,-1.4418833,0.24401985
1241,-1.9029547,0.2221502
1242,-1.773267,0.20942628
1243,-1.6146988,0.23197712
1244,-1.3271849,0.17502283
1245,-1.1584852,0.17443776
1246,-1.2485533,0.1912861
1247,-0.92794544,0.14809622
1248,-1.8484924,0.24449156
1249,-1.1140584,0.17989203
1250,-1.6908519,0.24015737
1251,-1.6355346,0.21255657
1252,-1.9431931,0.27765635
1253,-1.5351224,0.23371749
1254,-1.3030827,0.1518437
1255,-2.1469734,0.26077405
1256,-1.8526917,0.29826772
1257,-2.27813,0.3203316
1258,-1.4633172,0.2573365
1259,-1.4607651,0.16394863
1260,-0.0603648,0.5106762
1261,-1.6645797,0.25976694
1262,-2.0195224,0.26381373
1263,-1.5907764,0.24224408
1264,-1.4569721,0.23883101
1265,-1.4438162,0.1893901
1266,-1.9252479,0.2502543
1267,-1.3367357,0.2049388
1268,-1.5433946,0.29887313
1269,-1.466741,0.20479512
1270,-1.2830249,0.16046713
1271,-1.2367046,0.180991
1272,-1.4542061,0.24158266
1273,-1.0721185,0.12061515
1274,-1.2316118,0.20723549
1275,-1.5534523,0.21916209
1276,-1.4158131,0.16884252
1277,-1.0494907,0.1287218
1278,-1.2899983,0.22085455
1279,-0.9362854,0.13159615
1280,-1.115999,0.22123294
1281,-1.0238508,0.14882103
1282,-1.235872,0.16064942
1283,-1.633448,0.23219296
1284,-1.8699261,0.2715054
1285,-1.18181,0.21632671
1286,-1.6238911,0.23270544
1287,-1.2570759,0.17419477
1288,-1.0950465,0.14946121
1289,-1.2073872,0.18909326
1290,-1.1942382,0.25765386
1291,-1.1870592,0.18271823
1292,-1.4011433,0.18718335
1293,-1.2577641,0.17396352
1294,-1.9533657,0.26179838
1295,-1.7508385,0.26363605
1296,-1.3615017,0.20091066
1297,-1.6746242,0.2086951
1298,-1.624305,0.25244755
1299,-1.7635937,0.26379725
1300,-1.5632627,0.22020067
1301,-1.0791652,0.16543283
1302,-1.4025961,0.17042679
1303,-1.5791457,0.21446596
1304,-1.316469,0.19026034
1305,-1.5975409,0.24250652
1306,-1.5328372,0.19694982
1307,-2.2472546,0.28465527
1308,-1.4702702,0.18931527
1309,-1.2454358,0.31245247
1310,-1.2302916,0.20624885
1311,-1.4044344,0.24661458
1312,-1.2603046,0.15397067
1313,-1.4532892,0.20787033
1314,-1.5377023,0.27913976
1315,-1.4506686,0.22842322
1316,-1.6011101,0.18538503
1317,-1.8245735,0.27916217
1318,-1.2095888,0.17736745
1319,-1.1401227,0.20670414
1320,-0.9927486,0.18503582
1321,-1.3115793,0.16355811
1322,-1.1887245,0.18796788
1323,-1.0006275,0.15427668
1324,-0.93235284,0.14487569
1325,-1.1808221,0.1533278
1326,-1.826387,0.26272768
1327,-1.4561996,0.16224837
1328,-1.6833866,0.271497
1329,-2.4126008,0.32223603
1330,-1.1179909,0.23335208
1331,-1.200486,0.18221985
1332,-0.9707397,0.15131336
1333,-2.1541917,0.29838806
1334,-2.0744116,0.28623098
1335,-1.0697368,0.1681804
1336,-1.1136386,0.15293914
1337,-1.4852804,0.20244612
1338,-2.2265086,0.2757186
1339,-1.8339968,0.20477864
1340,-1.1950629,0.20195074
1341,-1.2911476,0.14425159
1342,-1.3984289,0.18877427
1343,-1.7283758,0.30247292
1344,-1.0973154,0.18036698
1345,-1.3061384,0.16669174
1346,-1.5701791,0.20584194
1347,-1.0858431,0.18329653
1348,-1.4201425,0.18959793
1349,-1.2133125,0.22524376
1350,-0.6539523,0.093008295
1351,-0.97566444,0.16264108
1352,-1.3829005,0.19089003
1353,-1.3188294,0.14887723
1354,-1.6141882,0.2644599
1355,-1.7999401,0.24878833
1356,-1.3884224,0.21314467
1357,0.3917119,0.510882
1358,0.4342762,0.96440345
1359,-1.6435909,0.31034258
1360,-1.6945727,0.2614805
1361,-1.0088556,0.17605302
1362,-1.2963741,0.20600863
1363,-1.4977442,0.2373948
1364,-1.9810108,0.25350797
1365,-1.7384872,0.23215388
1366,-1.586081,0.18273169
1367,-1.6979754,0.24068661
1368,-1.3481903,0.24769004
1369,-1.1509539,0.2140235
1370,-1.596701,0.20712392
1371,-1.9237655,0.25351933
1372,-1.5669378,0.27584824
1373,-1.5023603,0.2342384
1374,-1.4596297,0.23925184
1375,-1.7233055,0.27369303
1376,-1.6577629,0.23217054
1377,-1.3704728,0.20858592
1378,-1.5602003,0.2696551
1379,-1.4775999,0.22774236
1380,-1.5183942,0.21216127
1381,-1.1594436,0.18361929
1382,-1.8416141,0.21375482
1383,-1.5529625,0.19850108
1384,-1.4153569,0.21029092
1385,0.03160215,0.323254
1386,-1.7018579,0.24038745
1387,-1.6955335,0.23811597
1388,-1.1725048,0.1616869
1389,-1.5929426,0.20542271
1390,-1.6922346,0.24599968
1391,-1.1952121,0.15680401
1392,-0.5820377,0.07986544
1393,-1.3937542,0.1745858
1394,-1.3692925,0.15123786
1395,-1.6751592,0.23093753
1396,-1.042869,0.15693137
1397,-1.4894593,0.20537886
1398,-1.7089564,0.27965084
1399,-1.6195469,0.26803225
1400,-1.7547039,0.31058642
1401,-1.569588,0.21110763
1402,-1.3852774,0.18221018
1403,-1.6466444,0.21564536
1404,-1.6057644,0.21261574
1405,-1.7504771,0.24035855
1406,-0.97944564,0.20755757
1407,-2.265212,0.29615647
1408,-1.0493389,0.16466737
1409,-1.35171,0.17471226
1410,-1.7578224,0.27613798
1411,-1.4368228,0.19974592
1412,-1.5737555,0.19290918
1413,-1.0484571,0.16699487
1414,-1.4098821,0.22214727
1415,-1.0557852,0.1929121
1416,-1.8747222,0.25356704
1417,-1.5617489,0.21459825
1418,-1.5203273,0.21192671
1419,-1.7085422,0.27068713
1420,-1.1797287,0.16887921
1421,-1.1487553,0.14247753
1422,-1.5280138,0.21953359
1423,-1.9120395,0.24503703
1424,-1.6214119,0.24818397
1425,-1.7124249,0.19169997
1426,-1.2746292,0.1725838
1427,-1.6749346,0.22688444
1428,-1.965224,0.19640414
1429,-1.0082792,0.17567791
1430,-1.2765696,0.16024813
1431,-1.1155684,0.13616373
1432,-1.0332706,0.15231209
1433,-1.1133583,0.1637952
1434,0.19234902,0.7135302
1435,-1.3684746,0.20576365
1436,-1.6387911,0.3084927
1437,-1.9808877,0.28505734
1438,-1.8766224,0.23656133
1439,-1.2122651,0.1364282
1440,-1.0754721,0.13477665
1441,-0.9016906,0.11399421
1442,-1.5215379,0.19799611
1443,-1.2773361,0.1646628
1444,-2.7381818,0.33925167
1445,-1.4037678,0.17058147
1446,-1.040563,0.16366395
1447,-0.8613699,0.141474
1448,-1.8135159,0.22925904
1449,-1.6047566,0.31558737
1450,-2.0661013,0.29751286
1451,-1.2617276,0.18235126
1452,-1.5504448,0.23428957
1453,-1.1786587,0.1836843
1454,-1.1441205,0.18929073
1455,-0.8470535,0.15005511
1456,-1.435818,0.24219671
1457,-1.0755409,0.18572545
1458,-0.9359212,0.16208781
1459,-1.5239567,0.19799304
1460,-1.7070125,0.2515921
1461,-1.301815,0.19807442
1462,-1.5942113,0.23195907
1463,-1.8143253,0.24099551
1464,-1.3803307,0.19499493
1465,-1.1417831,0.22056958
1466,-1.6925335,0.21380702
1467,-1.0354197,0.12947787
1468,-2.043721,0.30082238
1469,-0.9360405,0.13341673
1470,-1.1881464,0.15577485
1471,-1.6409836,0.23960854
1472,-1.7772995,0.26460868
1473,-0.33264598,0.5800578
1474,-1.5001965,0.23379388
1475,-1.7187395,0.28024548
1476,-1.4197652,0.19408362
1477,-1.4628682,0.25233442
1478,-1.2115233,0.18908717
1479,-1.4258301,0.21802996
1480,-1.0464219,0.13877833
1481,-1.6034132,0.21340674
1482,-0.8489771,0.1497813
1483,-2.0092387,0.36330914
1484,-1.3021244,0.2231529
1485,-1.6447046,0.19445546
1486,-1.6800197,0.27415085
1487,0.12191534,0.33772802
1488,-1.2871742,0.20293629
1489,-1.4605465,0.18849494
1490,-1.0967201,0.14598301
1491,-1.8699595,0.26983094
1492,-1.176131,0.22048502
1493,-1.392981,0.18527272
1494,-1.1950758,0.20958886
1495,-1.2247032,0.17245941
1496,-1.510856,0.25811905
1497,-1.4337566,0.22910167
1498,-1.0193095,0.20166184
1499,-0.1163615,0.4611102
1500,-1.1943867,0.18273377
1501,-1.4476911,0.18541667
1502,-1.6336796,0.20712177
1503,-1.5361573,0.18345919
1504,-1.2345688,0.18090287
1505,1.8005356,0.58788604
1506,-1.8907446,0.27937922
1507,-1.2358276,0.19276911
1508,-1.3249576,0.20981303
1509,-0.2555173,0.7095647
1510,-2.0762146,0.31014952
1511,-1.1018703,0.14904845
1512,-1.1467003,0.14205295
1513,-1.7642912,0.29523972
1514,-1.4973297,0.18629774
1515,-1.4933785,0.26273695
1516,-1.5282398,0.22283413
1517,-1.3941835,0.20494607
1518,-1.5960524,0.23009388
1519,-1.8431076,0.261233
1520,-1.160845,0.14763042
1521,-1.6069758,0.20549309
1522,-1.6999843,0.22619149
1523,-1.1446095,0.16309206
1524,-1.3941638,0.2646787
1525,-1.8076665,0.27648064
1526,-1.6543719,0.27058154
1527,-1.0575798,0.14400259
1528,-1.7366889,0.29907322
1529,-1.1743171,0.16973598
1530,-0.8764645,0.14411959
1531,-0.75533944,0.118402354
1532,-1.5206258,0.20543465
1533,-1.2593052,0.20736541
1534,-1.4710395,0.23032875
1535,-1.4714152,0.22797234
1536,-2.1620147,0.26069728
1537,-1.2163048,0.20618822
1538,-1.396233,0.19453453
1539,-1.2578758,0.22794206
1540,-1.1163447,0.1867668
1541,-0.82550716,0.14460655
1542,-1.7519524,0.26553333
1543,-2.101253,0.3156163
1544,-1.1736696,0.15660688
1545,-2.15628,0.26302132
1546,-1.292785,0.2129613
1547,-1.2799135,0.16028737
1548,-1.7031786,0.24045049
1549,-2.2146485,0.29239503
1550,-1.4255784,0.2096172
1551,-1.5002778,0.22508237
1552,-2.021669,0.25822642
1553,-1.4015642,0.24044009
1554,-0.99263936,0.16504395
1555,-1.3397993,0.2099352
1556,-1.2359431,0.18608232
1557,-1.3830354,0.17751151
1558,-1.5075123,0.19091433
1559,-1.4301827,0.25234967
1560,-1.6117675,0.25843614
1561,-1.3243722,0.20532954
1562,-1.1243002,0.13921824
1563,-1.3898542,0.20339032
1564,-1.1776296,0.18249193
1565,-1.5465015,0.25538012
1566,-1.6015844,0.17683358
1567,0.05594454,0.17212625
1568,-1.5845493,0.22653839
1569,-1.3244958,0.18147662
1570,-1.4915621,0.15186816
1571,-1.2336586,0.13924292
1572,-1.1007092,0.15393944
1573,-1.4092684,0.24384135
1574,-1.4097679,0.17332765
1575,-1.4160988,0.19290869
1576,-1.4822258,0.21337166
1577,-1.6808274,0.22924717
1578,-1.2552593,0.19512343
1579,-1.5432049,0.21000619
1580,-1.0016931,0.14786813
1581,-1.527285,0.29287377
1582,-1.5503604,0.16772915
1583,-1.280823,0.16269675
1584,-1.5492731,0.23244579
1585,-1.0666635,0.14978762
1586,-1.0982666,0.15396869
1587,-1.6514828,0.2933018
1588,-1.3682853,0.20774633
1589,-1.4806434,0.2280338
1590,-1.0758461,0.17217928
1591,-1.660471,0.16427334
1592,-1.5721585,0.21302138
1593,-1.2985027,0.16997252
1594,-0.92376393,0.17172565
1595,-1.3698012,0.2289112
1596,-1.4530262,0.1618026
1597,-0.84807235,0.13713941
1598,-1.2341493,0.18966459
1599,-1.8102404,0.29694018
1600,-1.6267382,0.23263852
1601,-1.2129734,0.18525028
1602,-1.1281599,0.17159909
1603,-1.7292992,0.28998843
1604,-1.5147351,0.22519785
1605,-0.9463247,0.14578202
1606,-1.4852918,0.1976024
1607,0.028761502,0.24509951
1608,-1.6764,0.21669428
1609,-1.595285,0.22626331
1610,-1.6778691,0.20646809
1611,-2.1112876,0.2639662
1612,-1.3276441,0.22844224
1613,-1.2107577,0.1909666
1614,-1.1513357,0.16822071
1615,-1.7004172,0.2237988
1616,-1.6408255,0.2360631
1617,-1.2450612,0.20704821
1618,-1.8263786,0.27268162
1619,-1.6526912,0.2008605
1620,-1.7920797,0.27493054
1621,-1.8418818,0.23265077
1622,-1.0301352,0.14855623
1623,-1.1092594,0.15866455
1624,-1.4591687,0.25300658
1625,-1.3080873,0.20027009
1626,-1.6174952,0.26095343
1627,-1.6907517,0.23904689
1628,-0.98772556,0.17427288
1629,-1.4427971,0.1819882
1630,-1.0857999,0.19492546
1631,-1.5280172,0.20756032
1632,-1.4970428,0.20341241
1633,-1.0893637,0.14975478
1634,-1.5017927,0.23329124
1635,-1.0630796,0.21375681
1636,-1.5472451,0.18377747
1637,-1.2152275,0.1527393
1638,-1.8004805,0.22124545
1639,-1.5725348,0.25268185
1640,-1.1122375,0.202338
1641,-1.2973182,0.22595619
1642,-1.4047476,0.22494365
1643,-1.9916703,0.26501146
1644,-1.1474211,0.13515738
1645,-1.2788016,0.20635684
1646,-1.3785366,0.21293655
1647,-1.4157946,0.1910621
1648,-1.2237129,0.16314928
1649,-1.359309,0.18139993
1650,-1.4015361,0.22507872
1651,-1.7637959,0.57574004
1652,-1.5543411,0.23356077
1653,-1.1182184,0.15641916
1654,-1.4623797,0.19881794
1655,-1.6077507,0.24943158
1656,-1.9575589,0.26127765
1657,-1.1130177,0.20418249
1658,-1.4386274,0.24492764
1659,-1.2789155,0.2040893
1660,-1.3690902,0.21054907
1661,-1.705641,0.22274314
1662,-1.5976113,0.22341105
1663,-1.646568,0.25689563
1664,-1.5921446,0.25672162
1665,-1.2579206,0.18939556
1666,-1.0868516,0.17910495
1667,-0.71380997,0.13436168
1668,-1.4406632,0.1943516
1669,-1.6412388,0.26742646
1670,-1.2849344,0.21179625
1671,-0.17071594,0.2910263
1672,-1.7266754,0.2403883
1673,-1.566219,0.21172643
1674,-1.1168878,0.19378774
1675,-1.2823598,0.2090773
1676,-1.7708619,0.2584376
1677,-1.749959,0.2379581
1678,-1.3959669,0.22549427
1679,-1.3146152,0.17094794
1680,-1.383351,0.20918259
1681,-1.1607234,0.2674353
1682,-1.2414684,0.17882508
1683,-1.4898355,0.1898694
1684,-1.4680326,0.2128675
1685,-1.6083298,0.23589152
1686,-1.3623421,0.18475498
1687,-0.83138525,0.13053808
1688,-1.7140152,0.22767851
1689,-1.9641771,0.23898908
1690,-0.8480338,0.65237415
1691,-1.8644321,0.27986282
1692,-0.95819443,0.12660156
1693,-0.99034536,0.2235897
1694,-1.4101589,0.21869531
1695,-1.2026919,0.15099731
1696,-1.7742126,0.28439233
1697,-1.822327,0.24984485
1698,-1.4655571,0.21571425
1699,0.21296053,0.68095994
1700,-1.5261513,0.19810796
1701,-1.4028717,0.19320677
1702,-1.5435765,0.19028507
1703,0.024339005,0.36907452
1704,-1.0546368,0.17762697
1705,-1.406189,0.25743458
1706,-1.2817942,0.20626359
1707,-1.5063398,0.20663188
1708,-1.0970137,0.17505136
1709,-1.2069376,0.18698797
1710,-1.5710733,0.20144103
1711,-1.5139923,0.2769657
1712,-1.4688137,0.2126829
1713,-1.4585209,0.2220408
1714,-1.0997066,0.13913704
1715,-1.7291458,0.27934545
1716,-1.369409,0.19889386
1717,-1.1825142,0.21788155
1718,-1.2511508,0.1481242
1719,-1.1289129,0.16714357
1720,-1.2730271,0.14491192
1721,-1.4167072,0.20849194
1722,-1.3742937,0.17467861
1723,-1.0178545,0.16905643
1724,-1.1896706,0.17218226
1725,-1.6757457,0.20259044
1726,-1.5361979,0.2753819
1727,-1.4344661,0.24978876
1728,-1.1777372,0.185629
1729,-1.8199066,0.28841367
1730,-1.8843094,0.242687
1731,-1.300222,0.16686563
1732,-1.0832798,0.13449308
1733,-1.0322065,0.1834758
1734,-1.8249089,0.22248714
1735,-1.199736,0.1495282
1736,-1.2629955,0.19326946
1737,-1.0614033,0.19443928
1738,-1.4861488,0.18648379
1739,-1.4462811,0.23229927
1740,-1.4592469,0.20370682
1741,-1.3414996,0.2247967
1742,-1.4819958,0.1614307
1743,-1.3980106,0.17278986
1744,-1.4520017,0.22824149
1745,-1.2256286,0.1496942
1746,-1.4154189,0.20816222
1747,-1.0312878,0.13473742
1748,-1.2691324,0.20862807
1749,-1.5244877,0.17238094
1750,-1.5977256,0.24907261
1751,-1.7301018,0.27462053
1752,-1.4136646,0.17966953
1753,-0.52697504,0.9551389
1754,-1.6507022,0.2109703
1755,-0.9823295,0.14730152
1756,-1.5952568,0.24303961
1757,-1.074246,0.13450082
1758,-0.8206978,0.1128367
1759,-1.6470219,0.19244209
1760,-0.8368314,0.114580505
1761,-1.1079764,0.15382844
1762,-0.986479,0.14276107
1763,-1.4040045,0.18996648
1764,-0.9748767,0.12885107
1765,-1.1509937,0.21142969
1766,-1.2194364,0.1740563
1767,-1.4352624,0.1626267
1768,-0.9993107,0.14309211
1769,-1.7980678,0.25217268
1770,-1.2199372,0.18341541
1771,-1.4633137,0.18981834
1772,-1.757334,0.22216517
1773,-1.6104901,0.20356017
1774,-1.5599345,0.19957985
1775,-1.2959788,0.2024075
1776,-1.2422405,0.19254638
1777,-1.5686936,0.22614565
1778,-1.7812445,0.23864654
1779,-1.8312702,0.2313444
1780,-1.489488,0.24214165
1781,-1.368792,0.18402646
1782,-0.98035467,0.1902949
1783,-1.2329013,0.17132801
1784,-1.2695749,0.17515194
1785,-1.8023571,0.2231054
1786,-1.403171,0.18436748
1787,-0.8904446,0.13109265
1788,-1.5292534,0.2496232
1789,-1.7575629,0.23026814
1790,-1.3856364,0.18076979
1791,-1.6220763,0.1796422
1792,-1.6740135,0.23647617
1793,-1.6297604,0.22179091
1794,-1.129873,0.16925968
1795,-1.7498661,0.25661835
1796,-1.4547861,0.20195854
1797,-1.1267183,0.18189178
1798,-1.1901181,0.1725698
1799,-1.4501566,0.20816208
1800,-1.1805743,0.17563131
1801,-1.2784135,0.20278247
1802,-1.2530767,0.20407036
1803,-1.1263602,0.16530943
1804,-1.6449344,0.1990209
1805,-1.3491485,0.19060394
1806,-1.5332819,0.2272275
1807,-1.278204,0.19079438
1808,-1.0527594,0.23810163
1809,-1.4367776,0.18891226
1810,-1.274071,0.20658527
1811,-1.6697842,0.26114777
1812,-1.5118645,0.256046
1813,-0.72097534,0.11988219
1814,-1.9856403,0.25170302
1815,-1.1574943,0.20390458
1816,-1.4414756,0.18338522
1817,-1.426046,0.17951435
1818,-1.3917948,0.25217342
1819,-1.5624863,0.2115661
1820,-1.4139938,0.2176949
1821,-1.5172008,0.25412333
1822,-1.5110632,0.20820197
1823,-2.012651,0.2958611
1824,-1.525449,0.16261797
1825,-1.1666486,0.20129628
1826,-1.7128332,0.24968415
1827,-1.4431484,0.21633981
1828,-1.4152876,0.26738456
1829,-1.1748489,0.1551041
1830,-1.82538,0.22867875
1831,-1.5401136,0.18341675
1832,-1.1326125,0.16510627
1833,-1.5705928,0.22094552
1834,-1.4315922,0.17113
1835,-1.3955173,0.22703587
1836,-1.6559665,0.2610181
1837,-1.6035607,0.24890839
1838,-1.5351893,0.2323264
1839,-1.3510574,0.20771843
1840,-1.0971086,0.17132783
1841,-1.5799575,0.24816296
1842,-2.068378,0.27240622
1843,-1.0180479,0.15144539
1844,-1.2743833,0.17352766
1845,-1.544094,0.2147856
1846,-1.0506666,0.1581264
1847,-1.4286804,0.23244058
1848,-1.9294208,0.23876381
1849,-1.4581494,0.21511097
1850,-1.3839203,0.18896632
1851,-1.5155051,0.21577244
1852,-2.0847192,0.32318386
1853,-1.1085885,0.2159296
1854,-1.776963,0.24822375
1855,-1.0661434,0.14419204
1856,-1.5110114,0.20201936
1857,-1.7300348,0.21018992
1858,-1.5448191,0.22282097
1859,-1.3579767,0.18480834
1860,-0.02458681,0.3712801
1861,-1.2985884,0.21552977
1862,-0.8825887,0.12504613
1863,-1.542577,0.20486417
1864,-1.1283371,0.15056834
1865,-1.3511033,0.23806323
1866,-1.4699768,0.22576556
1867,-1.4816296,0.23538178
1868,-1.4749305,0.17694002
1869,-2.0108929,0.270787
1870,-1.1952732,0.17230353
1871,-1.2421046,0.19444944
1872,-0.9765274,0.15546241
1873,-1.2964052,0.23120509
1874,-1.8661292,0.26846755
1875,-1.1632805,0.17865331
1876,-1.9732157,0.2319732
1877,-1.6655648,0.25510415
1878,-0.04658982,0.21031569
1879,-1.0421788,0.1737511
1880,-1.5389252,0.19007033
1881,-1.6818081,0.23961213
1882,-1.7019876,0.27222523
1883,-1.1819488,0.17572969
1884,-1.2670305,0.20084067
1885,-1.1991979,0.20875685
1886,-1.4320748,0.19794014
1887,-2.1650362,0.30898726
1888,-1.7032896,0.23497538
1889,-1.3745302,0.16058049
1890,-1.4323626,0.16415091
1891,-1.772953,0.23331814
1892,-1.2060375,0.19216517
1893,-0.42396933,0.808283
1894,-0.83349514,0.12268092
1895,-1.395631,0.18653856
1896,-1.6066587,0.2575967
1897,-1.6866165,0.23777139
1898,-1.8534256,0.25482467
1899,-1.663605,0.25770292
1900,-1.1295036,0.18125771
1901,-1.7782211,0.21110469
1902,-1.4106477,0.20857887
1903,-1.4700325,0.19466637
1904,-1.3856466,0.16833466
1905,-1.6848972,0.23879245
1906,-1.6283659,0.18106975
1907,-1.610892,0.242878
1908,-1.4926531,0.22124399
1909,-1.640715,0.21042962
1910,-1.2521925,0.16447005
1911,-1.3935623,0.24006054
1912,-1.2328432,0.23157369
1913,-1.3269342,0.2033912
1914,-2.1133428,0.26159048
1915,-1.4530668,0.18590209
1916,-1.2453644,0.18786739
1917,-1.635277,0.19622049
1918,-1.5057752,0.19513738
1919,-1.285681,0.15410586
1920,-1.8294967,0.20923793
1921,-1.5449244,0.23489006
1922,-1.5740992,0.2740423
1923,-1.6534458,0.25781623
1924,-1.5439924,0.19169243
1925,-1.5548086,0.2265187
1926,-1.4929013,0.19648193
1927,-1.5426104,0.17825009
1928,-1.839798,0.26901093
1929,-1.4300642,0.21632592
1930,-1.2132268,0.15326476
1931,0.09248524,0.25116196
1932,-1.4273767,0.22111367
1933,-1.3248017,0.23860401
1934,-1.7607139,0.262328
1935,-1.7312027,0.20738633
1936,-1.622337,0.2924275
1937,-1.8791587,0.2088912
1938,-1.3641067,0.19039714
1939,-1.4537208,0.1923794
1940,-0.8331606,0.1224419
1941,-1.8561308,0.24425042
1942,-1.5556226,0.21602294
1943,-1.7189548,0.22709739
1944,-0.94945097,0.12241069
1945,-1.4638275,0.20771104
1946,-1.2387776,0.22357085
1947,-1.7878717,0.21513924
1948,-1.3333608,0.1920458
1949,-1.5937254,0.22876534
1950,-1.5854021,0.22013535
1951,-1.4584141,0.22033927
1952,-1.2322233,0.21092427
1953,-1.4709599,0.2539836
1954,-1.2182379,0.18195006
1955,-1.6655954,0.19943796
1956,-1.3899454,0.22047453
1957,-1.5339336,0.2309977
1958,-1.2656769,0.15805607
1959,-1.9528275,0.2685776
1960,-1.237922,0.18940651
1961,-1.4406713,0.192163
1962,-1.2198378,0.16253892
1963,-1.7704928,0.23773733
1964,-1.5654318,0.20664938
1965,-1.5677694,0.22479147
1966,-1.0587193,0.17613745
1967,-1.274483,0.19754718
1968,-1.4911635,0.22742155
1969,-1.3193289,0.20673671
1970,-1.4537035,0.17316537
1971,-1.2846003,0.17245902
1972,-2.0978646,0.23985943
1973,-1.2851676,0.18245216
1974,-1.1444168,0.16394615
1975,-1.6582483,0.30818495
1976,-1.3316463,0.19650666
1977,-1.846825,0.23576862
1978,-1.4334908,0.16938935
1979,-1.2287233,0.20758954
1980,-1.258987,0.22032158
1981,-1.3389738,0.17060181
1982,-1.3989843,0.26397622
1983,-1.3973414,0.1954695
1984,-1.4819682,0.17744225
1985,-1.3754795,0.19178864
1986,-0.97976923,0.17309618
1987,-1.2505808,0.17264575
1988,-0.6901754,0.10695339
1989,-1.3772137,0.2150851
1990,-1.0446645,0.17873873
1991,-1.5704792,0.25978133
1992,-1.5005983,0.27006063
1993,-1.7378174,0.29704463
1994,-1.3700402,0.16265482
1995,-1.4503834,0.18828967
1996,-1.4770839,0.24659406
1997,-1.9299113,0.26821002
1998,-1.5128672,0.21475571
1999,-1.3683649,0.18625215
2000,-1.1343609,0.18284374
2001,-1.5900385,0.21955453
2002,-0.96690655,0.130157
2003,-1.7964528,0.30285463
2004,-1.2651813,0.15731603
2005,-1.731176,0.2165223
2006,-1.5248599,0.24861239
2007,-2.0189538,0.258876
2008,-1.1815144,0.17044482
2009,-1.6826303,0.20188582
2010,-0.96748227,0.20304137
2011,0.31482553,0.8123024
2012,-1.1652838,0.1740032
2013,-1.3799006,0.21767691
2014,-1.176916,0.20072661
2015,-1.8982471,0.26778302
2016,-1.2879881,0.20040746
2017,-1.6569035,0.28951484
2018,-1.3109438,0.24461418
2019,-1.0020216,0.19586901
2020,-0.7115823,0.1353578
2021,-1.5170453,0.21675593
2022,-1.844891,0.26818892
2023,-1.4807647,0.23043345
2024,-1.5411942,0.19299005
2025,-1.7224557,0.2091108
2026,-1.4235644,0.17233832
2027,-1.5278622,0.20561054
2028,-1.6505816,0.21884528
2029,-1.5822163,0.21924366
2030,-0.9376467,0.16261633
2031,-1.2816999,0.1675322
2032,-2.164909,0.27797142
2033,-1.8625733,0.26307938
2034,-1.3219391,0.23923099
2035,-2.1207936,0.2985509
2036,-0.9943118,0.1812293
2037,-1.3568513,0.20081317
2038,-1.5702891,0.2211516
2039,-1.3805373,0.26616096
2040,-1.7563648,0.28308457
2041,-1.1603335,0.15699574
2042,-1.1761305,0.21135466
2043,-2.0604377,0.30631155
2044,-0.9986364,0.16567886
2045,-1.2298801,0.19003366
2046,-0.9618553,0.1701707
2047,-1.1878177,0.19639882
2048,-1.4762896,0.19252448
2049,-1.9288366,0.28188634
2050,-1.5211204,0.2205112
2051,-1.3393303,0.19256966
2052,-0.9552286,0.19947669
2053,-1.6730349,0.23874411
2054,-1.7325375,0.24518754
2055,-1.4654089,0.20253803
2056,-1.6282972,0.27430803
2057,-1.0590547,0.16219898
2058,-1.9650816,0.22221269
2059,-1.1517841,0.16230284
2060,-1.5969392,0.2447301
2061,-1.289386,0.20099916
2062,-1.3200035,0.19589894
2063,-1.6029793,0.18364938
2064,-1.5767741,0.29007915
2065,-1.1259416,0.16830419
2066,-0.21416369,0.660341
2067,-1.6215137,0.3033457
2068,-1.3587301,0.1620707
2069,-1.0510639,0.17779669
2070,-1.2859113,0.1779664
2071,-1.6537602,0.25172397
2072,-0.8972839,0.1774612
2073,-1.5542154,0.21018688
2074,-1.7356323,0.23662353
2075,-1.8150963,0.24832846
2076,-1.5379394,0.18474768
2077,-1.4870491,0.176452
2078,-1.2966081,0.16261704
2079,-1.0961617,0.17534903
2080,-1.5398163,0.19971542
2081,-1.3582935,0.19133261
2082,-1.6393926,0.19182178
2083,-1.4067065,0.17872535
2084,-1.3013407,0.19439264
2085,-1.620093,0.21496914
2086,-1.302337,0.1727308
2087,-0.9659661,0.13134465
2088,-1.2669773,0.17101106
2089,-1.0655844,0.16190384
2090,-1.5448024,0.20557928
2091,-1.582864,0.2113349
2092,-0.7809407,0.14650863
2093,-1.8711414,0.28691465
2094,-1.1339375,0.19413103
2095,-1.5194985,0.21967027
2096,-1.2649417,0.1678138
2097,-1.2063191,0.17015295
2098,-1.6811287,0.22873364
2099,-1.4897101,0.20860054
2100,0.003660857,0.21350075
2101,-1.4516016,0.27531645
2102,-1.1125766,0.17208329
2103,-1.892567,0.27250573
2104,-1.8515505,0.2532115
2105,-1.7098678,0.26402968
2106,-1.4285038,0.18181694
2107,-1.6798534,0.18021835
2108,-0.9589777,0.13085017
2109,-1.2930073,0.20652974
2110,-1.4196609,0.16443256
2111,-1.373649,0.19455287
2112,-0.623157,0.12095133
2113,-1.1610683,0.23027954
2114,-1.7510483,0.24862312
2115,-1.4765929,0.23846741
2116,-1.5700986,0.20537873
2117,-1.4632146,0.20898414
2118,-1.3182106,0.20827956
2119,-1.4235268,0.20019563
2120,-1.678664,0.22025749
2121,-1.6648419,0.20815268
2122,-1.7776715,0.26790422
2123,-1.6166157,0.2199964
2124,-1.6399189,0.19280763
2125,-1.4387043,0.24053034
2126,-1.576458,0.21041645
2127,-1.6105713,0.22360909
2128,-1.6435817,0.23558885
2129,-1.0927434,0.217845
2130,-1.5522213,0.20960519
2131,-1.8927597,0.23777835
2132,-1.291494,0.18135366
2133,-1.4687659,0.19931737
2134,0.093504965,0.22548033
2135,-1.0984379,0.2167232
2136,-1.3704654,0.2077422
2137,-1.5164868,0.19680792
2138,-1.3500675,0.24504751
2139,-1.4388742,0.21180812
2140,-1.7434711,0.26878726
2141,-1.3221872,0.18521549
2142,-1.3209463,0.17639826
2143,0.0005132271,0.4641108
2144,-1.740967,0.24100135
2145,-1.8993378,0.22880618
2146,-1.617754,0.20975421
2147,-1.057964,0.1976868
2148,-1.6281399,0.21483357
2149,-1.1265879,0.16124488
2150,-1.3866031,0.17422043
2151,-1.1450768,0.20577063
2152,-0.35820866,0.46805406
2153,-1.2756975,0.18695042
2154,-1.0102007,0.14460914
2155,-1.6801155,0.18899071
2156,-1.4895871,0.1991143
2157,-1.6223904,0.21188632
2158,-0.9960798,0.16763918
2159,-1.1535013,0.1580884
2160,-1.4157292,0.21921887
2161,-1.1713364,0.1543831
2162,-0.9413826,0.14790562
2163,-1.0868461,0.155411
2164,-1.782053,0.28849334
2165,-1.7343525,0.22355652
2166,-1.5612592,0.26116857
2167,-1.4493468,0.21317159
2168,-1.1157182,0.18570602
2169,-1.8271472,0.22603673
2170,-1.1496203,0.16200928
2171,-1.1959478,0.20343757
2172,-1.1625372,0.18656422
2173,-1.2920866,0.18370482
2174,-1.6358831,0.17946894
2175,-1.7685486,0.24316162
2176,-1.0704379,0.14609191
2177,-1.660649,0.19389603
2178,-1.3085817,0.19043574
2179,-1.1747854,0.16919191
2180,-1.1405942,0.15610407
2181,-1.4312162,0.20428318
2182,-1.2429627,0.2162891
2183,-1.4325073,0.19821618
2184,-1.1596633,0.20601004
2185,-1.3301389,0.22040404
2186,0.022044916,0.3449971
2187,-1.5091292,0.21547008
2188,-1.530521,0.2538913
2189,-0.8114522,0.16008063
2190,-1.403578,0.25589925
2191,-0.95030177,0.10461688
2192,-1.4234264,0.2044034
2193,-1.0487356,0.13288082
2194,-1.9374771,0.23332696
2195,-1.403149,0.2318067
2196,-1.495198,0.21069083
2197,-1.6195863,0.18389319
2198,-1.857146,0.23028398
2199,-1.6471115,0.23065595
2200,-1.1665668,0.18316782
2201,-1.3473136,0.20999275
2202,-1.7250811,0.19621916
2203,-1.6134574,0.21484002
2204,-1.3498589,0.18366462
2205,-1.6409397,0.25456864
2206,-2.1290145,0.2596068
2207,-1.4261291,0.21889924
2208,-1.4932759,0.20793602
2209,-1.6633373,0.2829869
2210,-1.4080595,0.19512056
2211,-1.5198117,0.23534344
2212,-1.8758976,0.30052269
2213,-1.6805664,0.30230767
2214,-1.1283906,0.1743418
2215,-1.7338321,0.21188575
2216,-1.721845,0.218857
2217,-1.445105,0.22565834
2218,-1.752758,0.21124147
2219,-1.6192983,0.2337333
2220,-0.90528536,0.13367942
2221,-1.66441,0.25355104
2222,-1.2719119,0.1746429
2223,-1.3420653,0.19183034
2224,-1.4796798,0.19729257
2225,-1.65991,0.2134286
2226,-1.0337617,0.15071459
2227,-1.2819823,0.18395828
2228,-1.3614018,0.20996039
2229,-1.3248718,0.17176554
2230,-1.7326063,0.2633549
2231,-1.3801205,0.19074725
2232,-1.4080846,0.2489867
2233,-1.275073,0.17614146
2234,-1.2042643,0.21778738
2235,-1.6212295,0.21779925
2236,-0.90951556,0.15466024
2237,-1.5052742,0.1836768
2238,-1.4178514,0.20664747
2239,-1.3412167,0.17250592
2240,-1.0659138,0.19538072
2241,-1.9473317,0.27451417
2242,-1.6002886,0.21250571
2243,-1.7468674,0.21500206
2244,-1.0675596,0.16511032
2245,-1.2898203,0.19124427
2246,-1.7960732,0.20937389
2247,-1.5960124,0.20210993
2248,-1.1091499,0.1635366
2249,-1.6742226,0.20452257
2250,-1.3269725,0.25292176
2251,-1.0701386,0.19118881
2252,-1.6355286,0.26450384
2253,-1.4706156,0.19007431
2254,-1.8231678,0.3340131
2255,-1.2355237,0.15157305
2256,-1.1984596,0.1518525
2257,-0.017895613,0.2685583
2258,-1.3096483,0.18546267
2259,-1.2497678,0.19664674
2260,-1.63149,0.20819803
2261,-1.3764212,0.19104707
2262,-1.5171432,0.24286602
2263,-1.4539486,0.16570057
2264,-1.6036917,0.20572649
2265,-1.0472659,0.17624114
2266,-1.0567174,0.17330301
2267,-1.7384287,0.24678437
2268,-1.918926,0.23833536
2269,-1.4725752,0.21784557
2270,-1.8814358,0.20771876
2271,-1.2654114,0.1451489
2272,-1.6097969,0.2527715
2273,-1.3835661,0.1954076
2274,-1.2782406,0.17425416
2275,-1.7130241,0.21286604
2276,-1.5852575,0.2236866
2277,-1.5230601,0.19218476
2278,-1.1359745,0.1512192
2279,-1.0832275,0.17511979
2280,-0.8327633,0.140197
2281,-1.2701318,0.23276633
2282,-1.4462703,0.23698
2283,-1.9891636,0.31113794
2284,-1.4570845,0.21607317
2285,-1.3541114,0.20540954
2286,-1.5171907,0.2138026
2287,-1.519255,0.23414968
2288,-1.5205858,0.20686172
2289,-1.2899147,0.23268928
2290,-1.1195185,0.15569463
2291,-1.0175354,0.14572793
2292,-1.9715742,0.24330212
2293,-1.4130352,0.17021659
2294,-1.1964796,0.15944599
2295,-1.7312607,0.26505104
2296,-1.4964764,0.18460669
2297,-1.8506954,0.25231025
2298,-1.7056668,0.20229414
2299,-1.734697,0.24287239
2300,-1.153648,0.19527163
2301,-1.433913,0.22868815
2302,-1.2202625,0.19436213
2303,-1.24011,0.1918757
2304,-1.4733915,0.20740004
2305,-1.5216978,0.27832225
2306,-1.3300148,0.21721362
2307,-1.5208776,0.19140029
2308,-1.2861658,0.16216752
2309,-1.0434306,0.17937328
2310,-1.2008098,0.16102688
2311,-1.5564659,0.17923969
2312,-1.487735,0.18520495
2313,-1.2508602,0.23509537
2314,-1.898145,0.24947411
2315,-1.1737921,0.13689253
2316,-1.0830219,0.17857933
2317,-1.7375467,0.22310854
2318,-0.7478436,0.11739117
2319,-1.6221867,0.21857454
2320,-1.2237787,0.20552742
2321,-1.1189054,0.16988464
2322,-1.5969859,0.20263398
2323,-1.6919407,0.2188796
2324,-1.2297958,0.20904446
2325,-1.4038732,0.25774178
2326,-0.98021334,0.18615924
2327,-1.3810323,0.2542981
2328,-1.4697306,0.21456324
2329,-1.5310785,0.20022169
2330,0.19211596,0.25286737
2331,-1.7054781,0.2470215
2332,-1.1285083,0.15272897
2333,-1.7222469,0.20836312
2334,-1.460167,0.24626912
2335,-1.7609886,0.31740123
2336,-1.1659005,0.14809686
2337,-1.8800728,0.17733337
2338,-1.8094158,0.25072238
2339,-1.2625936,0.14868885
2340,-1.4058516,0.18856917
2341,-1.3731868,0.21764967
2342,-1.0672842,0.14179218
2343,-1.3595283,0.19651689
2344,-1.408953,0.14776452
2345,-1.2385535,0.19875145
2346,-1.0845034,0.15688
2347,-1.4374002,0.1990018
2348,-1.5402126,0.21873677
2349,-1.2456627,0.2510142
2350,-0.02762862,0.37039128
2351,-1.4676641,0.24034439
2352,-1.2815965,0.18917754
2353,-1.1708736,0.17516859
2354,-1.269817,0.24879317
2355,-1.7463429,0.27987298
2356,-1.3554741,0.209874
2357,-1.1531668,0.140024
2358,-0.95179117,0.15971714
2359,-1.5101258,0.18437068
2360,-1.279389,0.20188838
2361,-1.2614362,0.19333524
2362,-1.6612546,0.21484458
2363,-1.291826,0.18960635
2364,-1.3497877,0.22416833
2365,-1.5446701,0.2247542
2366,-1.3204836,0.21353053
2367,-1.016277,0.14459503
2368,-1.2936659,0.16094686
2369,-1.4910939,0.18697472
2370,-1.4593639,0.21467464
2371,-1.4932611,0.16413803
2372,-1.521446,0.20444621
2373,-1.5144367,0.24374157
2374,-1.0056887,0.222525
2375,-1.7052681,0.2253063
2376,-1.6231232,0.22562176
2377,-1.0826117,0.21618292
2378,-1.1361347,0.17399763
2379,-0.8394221,0.14425701
2380,-1.4040581,0.19954284
2381,-1.2814057,0.17336407
2382,-1.3052547,0.16745113
2383,-1.7866294,0.29471415
2384,-1.7826914,0.22985482
2385,-1.1260486,0.20766367
2386,-1.3203981,0.20731986
2387,-1.0147383,0.20490721
2388,-1.6818126,0.27110422
2389,-1.4264282,0.19853568
2390,-1.5220677,0.16411315
2391,-0.9239172,0.16084154
2392,-1.4093382,0.19296157
2393,-1.3019285,0.20971331
2394,-1.8338693,0.2766845
2395,-1.4766824,0.221746
2396,-2.1003838,0.28209388
2397,-1.5181586,0.23398337
2398,-1.8162394,0.27497864
2399,-0.9631399,0.17048955
2400,-1.8168924,0.23551723
2401,-1.3661361,0.19816738
2402,-1.211481,0.18017396
2403,-1.7163826,0.23989892
2404,-1.2252194,0.18537472
2405,-1.1675127,0.1768958
2406,-1.7998552,0.15431869
2407,-1.3722347,0.20108946
2408,-1.540652,0.21557073
2409,-1.0712864,0.1811348
2410,-1.1941502,0.15229373
2411,-1.3594584,0.26964253
2412,-1.7429937,0.27606964
2413,-0.72889125,0.108191065
2414,-1.9078423,0.24831094
2415,-1.777861,0.23619913
2416,-1.4240453,0.2094042
2417,-1.7944031,0.21837099
2418,-1.3468632,0.198909
2419,-1.6287339,0.22636904
2420,-1.6142143,0.21902987
2421,-1.1844876,0.1802147
2422,-1.1417636,0.18122403
2423,-1.5030993,0.20029691
2424,-1.4049909,0.21201383
2425,-1.3417782,0.19567782
2426,-1.2726371,0.18241052
2427,-1.7871433,0.20178726
2428,-1.662206,0.19518527
2429,-1.1428651,0.16119756
2430,-1.329862,0.16694464
2431,-1.1912867,0.15447626
2432,-1.4828875,0.21090776
2433,-1.9370649,0.24696651
2434,-1.4543625,0.20275116
2435,-1.4558357,0.22698808
2436,-1.7887787,0.18205707
2437,-1.0698583,0.16524348
2438,-0.85658514,0.13554008
2439,-1.2895988,0.17178509
2440,-1.5964825,0.20330146
2441,-1.1998482,0.15106897
2442,-1.2359885,0.18935993
2443,-1.0718026,0.232977
2444,-1.4415464,0.21645275
2445,-1.4468031,0.24100459
2446,-0.8237422,0.153923
2447,-1.192251,0.1711975
2448,-1.5667365,0.2418329
2449,-1.3798149,0.21099952
2450,-1.3757327,0.25804788
2451,-1.3958747,0.24572562
2452,-1.5185164,0.21508956
2453,-1.5650648,0.29730672
2454,-1.1398631,0.18125655
2455,-1.428708,0.19022092
2456,-1.7590771,0.2735168
2457,-1.85691,0.2854516
2458,-1.7771248,0.23438458
2459,-1.6905944,0.28303707
2460,-1.9053055,1.0363971
2461,-1.2379411,0.1867613
2462,-1.3266622,0.16829924
2463,-1.2917717,0.20393874
2464,-1.6512337,0.23126234
2465,-1.7012745,0.32340908
2466,-1.620649,0.26567543
2467,-1.3080746,0.15794474
2468,0.031932805,0.22137041
2469,-1.7220335,0.25630623
2470,-1.7469857,0.22077878
2471,-1.5734366,0.24553868
2472,-1.143776,0.20536366
2473,-1.3230097,0.20675503
2474,-2.0648603,0.31701276
2475,-1.5020677,0.20156649
2476,-2.04738,0.27950078
2477,-1.3859464,0.2187458
2478,-1.314833,0.2637342
2479,-1.7448714,0.23244748
2480,-1.5487405,0.22433992
2481,-1.2612925,0.19387336
2482,-1.2344424,0.23310587
2483,-1.0576348,0.17628306
2484,-1.2730808,0.19789855
2485,-0.9947813,0.14660028
2486,-0.83158624,0.12873845
2487,-1.1907276,0.14547679
2488,-2.2492192,0.24474081
2489,-1.5444212,0.19253764
2490,-1.0099003,0.14106077
2491,-1.5296618,0.2297429
2492,-1.153203,0.1971195
2493,-1.2539097,0.21739034
2494,-0.9561394,0.16360737
2495,-1.0452912,0.1695288
2496,-1.2163537,0.21273492
2497,-1.2722441,0.18461286
2498,-1.3562574,0.21385066
2499,-1.405432,0.22409101
2500,-1.632528,0.20440695
2501,-1.2339212,0.22587998
2502,-1.1272787,0.19625695
2503,-1.5287508,0.22126517
2504,-1.2506654,0.15169507
2505,-1.3305016,0.25036776
2506,-1.3294494,0.21000816
2507,-1.0751412,0.1658019
2508,-1.9036697,0.26144034
2509,-1.3978629,0.21958011
2510,-1.52346,0.22153102
2511,-1.1106952,0.16586147
2512,-1.4045451,0.20727749
2513,-0.9599721,0.20406342
2514,-1.5999806,0.22122878
2515,-1.5231783,0.22101198
2516,0.2202528,0.33597514
2517,-1.4391654,0.22067314
2518,-1.2343123,0.24441959
2519,-1.2180587,0.17848256
2520,-1.7414424,0.2147193
2521,-1.3628523,0.17030013
2522,-1.435023,0.24523576
2523,-1.3657362,0.19600148
2524,-1.383291,0.18498302
2525,-1.0408356,0.15988837
2526,-1.2703841,0.1604099
2527,-1.5314658,0.18950213
2528,-1.1664679,0.22196893
2529,-1.4669951,0.24333009
2530,-1.7272793,0.23203634
2531,-1.7789482,0.31065235
2532,-1.4188236,0.18784465
2533,-1.5065639,0.1994945
2534,-1.584549,0.19444266
2535,0.047817733,0.5387891
2536,-0.9058591,0.12657213
2537,-1.760189,0.2048123
2538,-1.5950997,0.22578801
2539,-1.1584135,0.16864093
2540,-1.1358538,0.19345717
2541,-1.8114878,0.25591204
2542,-1.2915537,0.1827
2543,-1.6559681,0.25702468
2544,-1.7546707,0.1814315
2545,-0.92701805,0.1407761
2546,-0.89568865,0.16299489
2547,-1.7874237,0.26014456
2548,-2.063247,0.2764864
2549,-1.0568902,0.1806852
2550,-1.3465304,0.20180044
2551,-1.2714684,0.17111239
2552,-1.3697876,0.17873839
2553,-1.1303985,0.14344889
2554,-1.5724194,0.26308966
2555,-1.3504237,0.17057712
2556,-1.5211347,0.20556529
2557,-1.5630038,0.23932616
2558,-1.5129087,0.1954094
2559,-1.1557467,0.17012277
2560,-1.1253166,0.16226536
2561,-1.4904516,0.21206285
2562,-1.4151376,0.16781309
2563,-1.5972722,0.17469507
2564,-1.1783599,0.1538792
2565,-1.8497168,0.21219243
2566,-1.744009,0.24786682
2567,-1.8344958,0.21983963
2568,-1.3161948,0.16069986
2569,-1.5160387,0.19719237
2570,-1.5899016,0.25078425
2571,-1.7725023,0.2472346
2572,-1.2640417,0.18997943
2573,-1.0549419,0.15783383
2574,-1.219296,0.20324163
2575,-1.7006308,0.23182777
2576,-1.2220938,0.18973114
2577,-1.7058904,0.21703021
2578,-1.0468214,0.14099053
2579,-1.3603259,0.20220387
2580,-1.3373411,0.23817596
2581,-1.3238482,0.23275888
2582,-1.7149658,0.2914925
2583,-1.8692703,0.22534433
2584,-1.6189305,0.24014674
2585,-1.6208665,0.24456291
2586,-1.3583866,0.19622238
2587,-1.2725172,0.21272811
2588,-1.3056047,0.1755725
2589,-1.4614203,0.2537827
2590,-1.0960641,0.19199803
2591,-1.1786999,0.20509061
2592,-1.5218105,0.20318767
2593,-1.4403087,0.19332573
2594,-1.6149178,0.22391626
2595,-1.6092708,0.2297128
2596,-1.1614745,0.14969184
2597,-1.4712296,0.23743613
2598,-1.3121414,0.22155835
2599,-1.3396435,0.22650845
2600,-1.1263596,0.19743267
2601,-1.5592967,0.20287398
2602,-1.4199682,0.21931176
2603,-1.8071034,0.23130289
2604,-1.0152766,0.14619039
2605,-0.864052,0.12423525
2606,-1.1747333,0.13900104
2607,-0.8209478,0.140855
2608,-1.7074213,0.23184103
2609,-0.9808461,0.13565816
2610,-1.088924,0.18204047
2611,-1.9948876,0.23854892
2612,-1.5187447,0.19702962
2613,-1.6286236,0.22120623
2614,-1.4326423,0.19244482
2615,-1.9560654,0.31236324
2616,-1.3111799,0.17296998
2617,-1.6811005,0.21193717
2618,-1.1908054,0.22270285
2619,-1.3576014,0.20326142
2620,-1.0348685,0.17380808
2621,-1.1354334,0.19128692
2622,-1.56327,0.22006026
2623,-1.3746592,0.16952775
2624,-1.3375529,0.21699229
2625,-1.4525441,0.25243488
2626,-1.5427219,0.17944579
2627,-1.0780289,0.15263855
2628,-1.5712649,0.23742221
2629,-1.5054111,0.26912034
2630,-1.317952,0.16554198
2631,-1.4482362,0.20889984
2632,-1.1180456,0.20339115
2633,-1.2451947,0.17104132
2634,-0.8158367,0.12334152
2635,-1.3572371,0.26124
2636,-1.2898871,0.19001707
2637,-1.2708251,0.17915815
2638,-1.5460429,0.26328638
2639,0.041669987,0.49747333
2640,-1.6556565,0.21142107
2641,-0.026925266,0.21849841
2642,-1.9280317,0.25877863
2643,-0.2649362,0.14562128
2644,-1.623296,0.21160443
2645,0.019541368,0.6382877
2646,-1.2583046,0.2469203
2647,-1.2047501,0.18321885
2648,-1.3060004,0.17043504
2649,-1.5619034,0.25341642
2650,-1.4594862,0.29763398
2651,-1.851586,0.22211727
2652,-1.0941159,0.16689113
2653,-1.6913579,0.22006415
2654,-1.4830105,0.23453781
2655,-1.4619175,0.18998908
2656,-1.5161206,0.23537347
2657,-0.9854414,0.1685762
2658,-1.1296667,0.17134719
2659,-1.3087286,0.17618817
2660,-1.1067564,0.17477408
2661,-1.3387448,0.22246143
2662,-1.1744347,0.20469302
2663,-1.6473087,0.20968062
2664,-1.8718803,0.27242592
2665,-1.200918,0.22197588
2666,-1.2301619,0.22707266
2667,-1.5420768,0.21135736
2668,-2.090166,0.30007964
2669,-1.4150113,0.17724359
2670,-1.2750638,0.17342539
2671,-1.5062172,0.2103923
2672,-1.5596371,0.18983261
2673,-2.1849391,0.29039648
2674,-1.3240099,0.24254058
2675,-1.1789354,0.18090415
2676,-1.6013702,0.19131507
2677,-1.5000857,0.22420375
2678,-1.9285389,0.25443754
2679,-1.3493718,0.23966822
2680,-0.15059236,0.3564309
2681,-1.6617101,0.22675127
2682,-1.4101988,0.19003966
2683,-1.6074936,0.25536874
2684,-1.9731041,0.24144578
2685,-1.6383368,0.27982798
2686,-1.2105767,0.17117432
2687,-0.7888614,0.13596576
2688,-1.5235097,0.24209882
2689,-2.3174443,0.32165995
2690,-1.6678619,0.24406962
2691,-1.5018324,0.24557254
2692,-1.8042475,0.24706014
2693,-1.6634343,0.25685883
2694,-1.5501614,0.18244512
2695,-1.2179646,0.17666821
2696,-1.7105148,0.22230926
2697,-1.6335198,0.21731101
2698,-1.6351435,0.22608474
2699,-1.3510892,0.22381422
2700,-1.8528907,0.26507145
2701,-1.992738,0.24986874
2702,-1.6278874,0.28232262
2703,-1.7819303,0.21375602
2704,-2.3883204,0.3165403
2705,-1.4804913,0.19404832
2706,-1.6629547,0.18938789
2707,-1.5044544,0.18360442
2708,-1.8080654,0.22112566
2709,-1.1607368,0.163389
2710,-2.3845496,0.26964822
2711,-1.6196808,0.2896598
2712,-1.2742482,0.24444285
2713,-1.4069406,0.19397289
2714,-1.4394783,0.19296175
2715,-1.5032711,0.2323716
2716,-1.2919208,0.15258245
2717,-1.1392795,0.21688187
2718,-1.4625623,0.21839584
2719,-1.2494313,0.19656919
2720,-1.3339517,0.2683203
2721,-1.0798103,0.18962094
2722,-1.5818617,0.20170392
2723,-1.3884251,0.22718997
2724,-1.3799899,0.17975697
2725,-1.4212706,0.25036767
2726,-1.351208,0.21659407
2727,-1.3036731,0.2040472
2728,-1.5712397,0.23087637
2729,-1.4239728,0.2425522
2730,-1.9351257,0.25660992
2731,-1.2361529,0.19389483
2732,-1.4039494,0.24863616
2733,-1.1778026,0.24785021
2734,-0.029341865,0.35984808
2735,-1.9791737,0.30578315
2736,-1.6964363,0.25926277
2737,-1.6949804,0.25634378
2738,-1.3122966,0.15263842
2739,-1.507294,0.18646482
2740,-1.3627164,0.20775206
2741,-1.1565259,0.15296495
2742,-1.4509779,0.22571011
2743,-1.5517775,0.21957089
2744,-0.0020722537,0.24075179
2745,-1.9498997,0.280444
2746,-1.0579932,0.17732196
2747,-0.9854563,0.12540723
2748,-1.3741224,0.18116763
2749,-1.6416855,0.22946842
2750,-1.5517173,0.20199913
2751,-1.1890308,0.13878824
2752,-1.6602917,0.28020865
2753,-1.5442793,0.23599757
2754,-1.0672352,0.1935149
2755,-1.8258034,0.22218108
2756,-1.3581845,0.20025644
2757,-1.8863169,0.31232685
2758,-1.4072171,0.23378351
2759,-1.4440457,0.14992817
2760,-1.2200563,0.21422848
2761,-1.4973828,0.20256576
2762,-2.2555351,0.34564778
2763,-1.2488369,0.18121004
2764,-1.3445075,0.1982198
2765,-1.5066311,0.25699574
2766,-0.36770332,0.7230007
2767,-1.4251927,0.16869935
2768,-1.6443752,0.18139008
2769,-1.4346257,0.22946481
2770,-0.006514629,0.48340046
2771,-1.1856716,0.1516693
2772,-1.3398726,0.16645868
2773,-1.5386384,0.21238953
2774,-0.7508499,0.15248957
2775,-1.5439086,0.21921772
2776,-1.239077,0.17494467
2777,-1.3617659,0.15619259
2778,-1.2647297,0.2344375
2779,-1.6519964,0.2787254
2780,-1.0028231,0.1854286
2781,-1.8380635,0.23732388
2782,-1.3552387,0.19622518
2783,-1.2809672,0.1767888
2784,-1.4524691,0.21326119
2785,-1.3785188,0.18459995
2786,-1.1663139,0.19030221
2787,-1.5189726,0.20790374
2788,-1.70845,0.23863284
2789,-0.94398004,0.16924408
2790,-1.370331,0.1761985
2791,-1.5890242,0.21213464
2792,-1.2390543,0.19684874
2793,-1.0443261,0.17839454
2794,-1.995993,0.24562928
2795,-2.035237,0.29749572
2796,-1.8011119,0.22136717
2797,-1.8418926,0.23107767
2798,-1.3777905,0.18307684
2799,-1.3997303,0.1652821
2800,-1.6042553,0.30717185
2801,-1.2585518,0.19316998
2802,-0.8721201,0.14634211
2803,0.046685215,0.23142375
2804,-1.1643898,0.21377677
2805,-1.5453717,0.21973614
2806,-2.0614965,0.2519758
2807,-0.9793582,0.14228494
2808,-1.290198,0.18801557
2809,-1.8311821,0.20751621
2810,-0.9641447,0.12609233
2811,-1.5408099,0.1864243
2812,-1.6952457,0.28093272
2813,-1.254009,0.16507173
2814,-1.6338192,0.23765229
2815,-1.1082056,0.16594271
2816,-1.6316267,0.23055533
2817,-1.5978744,0.23983717
2818,-1.191934,0.14140937
2819,-0.9246372,0.16470909
2820,0.26281276,0.7327169
2821,-1.8007847,0.23766099
2822,-1.6223018,0.18689057
2823,-1.7868077,0.26591098
2824,-1.1793715,0.17937511
2825,-1.6570807,0.21463236
2826,-1.159466,0.19280832
2827,-1.3432226,0.18392052
2828,-1.8791863,0.21263011
2829,-1.6835216,0.28840888
2830,-1.8157074,0.21391706
2831,-1.8297898,0.24532796
2832,-1.6578537,0.19438994
2833,-1.548961,0.2111924
2834,-1.6481949,0.2970408
2835,-1.3495166,0.22452495
2836,-1.5127048,0.22159836
2837,-1.500768,0.21825227
2838,-1.7630546,0.30480352
2839,-1.2005333,0.2227887
2840,-0.84102833,0.14064185
2841,-0.98556936,0.1460827
2842,-1.1688002,0.16179144
2843,-1.4116988,0.18658705
2844,-1.208525,0.19228874
2845,-1.4710466,0.2197458
2846,-1.9777867,0.28655556
2847,-1.4679266,0.19644912
2848,-0.9651434,0.13321532
2849,-1.320893,0.21832372
2850,-1.6553822,0.2605213
2851,-1.8100513,0.21257158
2852,-1.2410365,0.20178165
2853,-1.5890417,0.30521214
2854,-1.2880402,0.19893909
2855,-0.95547235,0.15104724
2856,-1.0695475,0.17064458
2857,-1.5240183,0.25115895
2858,-1.5562277,0.25261363
2859,-1.9798263,0.26880398
2860,-1.4605227,0.23546436
2861,-1.4071757,0.25015724
2862,-1.3952444,0.2226217
2863,-0.78887725,0.11134042
2864,-1.4387686,0.23079617
2865,-1.0565134,0.16486189
2866,-0.5938375,0.089348115
2867,-1.5475588,0.2034456
2868,-1.8287947,0.2896463
2869,-1.1616852,0.17587353
2870,-1.1436765,0.17338079
2871,-1.6645721,0.23080026
2872,-1.2456148,0.24413894
2873,-1.672409,0.19155867
2874,-1.2290763,0.20704041
2875,-1.4230989,0.21057944
2876,-1.4403772,0.22992645
2877,-1.3234861,0.20652808
2878,-1.4814665,0.17841718
2879,-1.5151912,0.18714488
2880,-1.5231242,0.22656174
2881,-0.19430773,0.7083467
2882,-1.2754415,0.21265757
2883,-1.325331,0.19820417
2884,-1.3964278,0.20888872
2885,-1.1752243,0.17943461
2886,0.021683712,0.28746536
2887,-1.0068086,0.13270554
2888,-2.0589142,0.2698755
2889,-1.5607688,0.23580223
2890,-1.4708233,0.23045053
2891,-1.2042602,0.15701285
2892,-1.1780796,0.13924357
2893,-1.7987789,0.28447735
2894,-1.3798045,0.20064154
2895,-1.5847268,0.21473801
2896,-1.6689183,0.24847955
2897,-1.1234297,0.19358721
2898,-1.1973163,0.1610248
2899,-1.4526982,0.20444906
2900,-1.6555828,0.22346762
2901,-1.6098747,0.20946954
2902,-1.4074619,0.19710054
2903,-1.5117146,0.23174748
2904,-1.283901,0.1534342
2905,-1.7865261,0.21040514
2906,-1.2694155,0.17960289
2907,-2.0752664,0.22900024
2908,-1.8228066,0.26327142
2909,-1.5832297,0.25540268
2910,-1.9027166,0.35050708
2911,-1.1245282,0.18182679
2912,-1.2894678,0.2039395
2913,-1.524037,0.241623
2914,-1.5162917,0.21558097
2915,-1.4317614,0.24143578
2916,-1.6270607,0.19598939
2917,-0.93388975,0.12945972
2918,-1.6468608,0.24472408
2919,-1.5380827,0.24423039
2920,-1.2601043,0.18916847
2921,-1.675464,0.20423843
2922,-1.2080419,0.21758871
2923,-1.4515197,0.20642705
2924,-0.9263054,0.14918196
2925,-1.303574,0.15115447
2926,-1.1449654,0.20711772
2927,-1.0198715,0.20287126
2928,-1.049909,0.1556722
2929,-1.3693832,0.26519564
2930,-1.0446341,0.18931068
2931,-1.0900729,0.16667983
2932,-1.4032748,0.17472966
2933,-1.220073,0.17238833
2934,-1.3812145,0.21010345
2935,-0.12966031,0.5940053
2936,-1.2965075,0.20529023
2937,-1.878281,0.24307011
2938,-1.2745471,0.19371869
2939,-1.3574547,0.1522864
2940,-1.536639,0.23076592
2941,-1.0275643,0.15104264
2942,-1.5698135,0.24142116
2943,-1.371114,0.17204015
2944,-1.0686506,0.20133056
2945,-1.3669612,0.20968285
2946,-1.3728178,0.19596614
2947,-0.97296333,0.1931388
2948,-1.0537035,0.20120493
2949,-1.8253348,0.20589799
2950,-1.295405,0.18190488
2951,-1.8990917,0.26119995
2952,-1.5410398,0.22159347
2953,-1.6997528,0.25458157
2954,-1.3862426,0.26278168
2955,-1.3476344,0.20911932
2956,-1.5863476,0.22531745
2957,-1.6050822,0.24247634
2958,-1.3546925,0.20969518
2959,-1.6766193,0.22034045
2960,-0.8882449,0.10063784
2961,-0.8238598,0.13065286
2962,-0.204139,0.29752684
2963,-1.3524559,0.21246736
2964,-1.4228346,0.20612036
2965,-1.443229,0.17733197
2966,-1.6701272,0.23425066
2967,-1.3174089,0.17190059
2968,-1.4626939,0.18865971
2969,-1.1976824,0.23113526
2970,-1.9865748,0.21478897
2971,-1.2698342,0.1678813
2972,-1.2269738,0.192464
2973,-1.7761381,0.22427033
2974,-1.2539364,0.17372532
2975,-1.2541888,0.21600522
2976,-1.9063206,0.3122832
2977,-1.4668071,0.20967297
2978,-1.5521628,0.23974341
2979,-2.0620613,0.2626199
2980,-1.0596057,0.15702423
2981,-1.6620953,0.23517594
2982,-1.1648295,0.1479664
2983,-1.6916043,0.25137573
2984,-1.0569779,0.19135405
2985,-1.2912802,0.1588027
2986,-1.7676103,0.2289005
2987,-1.7796301,0.24117987
2988,-1.2694181,0.16688117
2989,-1.4897778,0.22670518
2990,-1.347019,0.19049129
2991,-1.2823383,0.17278957
2992,-1.5385923,0.24811043
2993,-1.4674222,0.20531854
2994,-1.2645371,0.19983408
2995,-1.3294704,0.18436587
2996,-1.600145,0.20674194
2997,-1.4274828,0.2075557
2998,-1.3681642,0.20047182
2999,-1.653162,0.33119085
3000,-1.4045695,0.18297741
3001,-1.4909501,0.23531756
3002,-0.94280374,0.17589104
3003,-1.4750353,0.2025825
3004,-1.4749348,0.2735741
3005,-1.399007,0.23701264
3006,-1.2337468,0.12585725
3007,-1.88539,0.22780304
3008,-1.5079128,0.20510346
3009,-1.57027,0.25576615
3010,-1.8248825,0.21423936
3011,-1.1850355,0.17808211
3012,-1.0355747,0.2116883
3013,-1.2494662,0.13700004
3014,-0.7436058,0.11187161
3015,-1.6983624,0.2294833
3016,-1.2387488,0.17738962
3017,-1.1837183,0.19439077
3018,-1.1222516,0.17473467
3019,-0.92183703,0.105396636
3020,-1.4012791,0.23391859
3021,-1.1474665,0.2189178
3022,-1.2992886,0.21469449
3023,-1.1936287,0.16296878
3024,-1.5489954,0.2672507
3025,-1.5410569,0.19548504
3026,-1.1499544,0.23325334
3027,-1.4807879,0.23016205
3028,-1.1451137,0.18858306
3029,-1.1262172,0.17152674
3030,-1.6532755,0.21821016
3031,-1.1318243,0.17836873
3032,-1.3243958,0.2356332
3033,-1.3989956,0.18093565
3034,-1.7666118,0.19738615
3035,-1.4510673,0.1926026
3036,-1.2795013,0.24178685
3037,-1.2004923,0.24750675
3038,-1.5619408,0.21487711
3039,-1.6684328,0.21172586
3040,-1.4746265,0.19023229
3041,-1.3472319,0.18716615
3042,-1.1251444,0.14232646
3043,-1.4781519,0.20688465
3044,-1.441994,0.22535303
3045,-1.8918518,0.2580503
3046,0.32799548,0.57303685
3047,-1.5837879,0.2235988
3048,-1.5410302,0.18364479
3049,-1.5210284,0.23267294
3050,-1.5372832,0.21107368
3051,-1.0926425,0.15448657
3052,-1.6817911,0.21344742
3053,-1.2744765,0.16728736
3054,-1.5643111,0.19381312
3055,-1.0911871,0.14987017
3056,-1.6298412,0.19231607
3057,0.12080755,0.5849548
3058,-0.9073842,0.1588303
3059,-1.2068367,0.15816481
3060,-1.373846,0.20042996
3061,-1.5250616,0.24546438
3062,-1.8090706,0.28186882
3063,-1.4991131,0.19198798
3064,-1.2698574,0.22059914
3065,-1.5484478,0.18941382
3066,-1.2850211,0.2147967
3067,-1.4501007,0.19020537
3068,-1.7872174,0.3082654
3069,-1.6042334,0.20966768
3070,-1.0129149,0.13421728
3071,-1.6124856,0.22781394
3072,-1.4934086,0.23546928
3073,-1.1205041,0.18108445
3074,-0.9377798,0.131738
3075,-1.0887892,0.15926261
3076,-0.8520714,0.15591347
3077,-1.1873951,0.17907207
3078,-1.3602048,0.17517623
3079,-1.0404332,0.17969309
3080,-0.003553462,0.20527725
3081,-1.5568254,0.1926563
3082,-1.1151937,0.17899428
3083,-1.1133265,0.1910964
3084,-1.9617065,0.25524372
3085,-1.2720945,0.18421072
3086,-1.6091559,0.1966845
3087,-1.4918694,0.2231633
3088,-1.2501895,0.22967854
3089,-1.1630366,0.16185576
3090,-1.7560062,0.22904882
3091,-1.4589646,0.24170336
3092,-1.8058536,0.24880035
3093,-1.2335755,0.20446457
3094,-1.3425759,0.1959493
3095,-1.2361963,0.19011152
3096,-1.6045593,0.2170938
3097,-1.6101052,0.20130785
3098,-1.4304512,0.18750855
3099,-1.1577317,0.15086156
3100,-1.2236139,0.16677353
3101,-1.5848747,0.27368253
3102,-0.8849103,0.13296922
3103,-1.2083666,0.15088364
3104,-1.1210454,0.17065701
3105,-1.6154076,0.21194023
3106,-1.838324,0.27182257
3107,-1.7419317,0.26883295
3108,-1.472031,0.20453258
3109,-1.4378579,0.23741928
3110,-1.1306819,0.15555942
3111,-1.4968684,0.18698876
3112,-1.2305672,0.19784445
3113,-1.3290677,0.17312145
3114,-1.9861883,0.2747493
3115,-1.1132146,0.18964274
3116,-1.5408877,0.18507096
3117,-1.0819737,0.15455231
3118,-1.8066841,0.20879114
3119,-1.1741693,0.16384898
3120,-1.3711787,0.25815183
3121,-1.9478385,0.29963067
3122,-1.1735618,0.16504197
3123,-1.4006783,0.2532386
3124,-1.3074752,0.14152226
3125,-1.5238374,0.22535062
3126,-1.2724323,0.16891998
3127,-1.2195024,0.15473562
3128,-1.8378884,0.29233792
3129,-0.39685383,0.7898466
3130,-1.2813905,0.24881378
3131,-1.1842265,0.15182783
3132,-1.204393,0.14733432
3133,-1.1650345,0.16902074
3134,-1.9308131,0.29888204
3135,-1.7095903,0.20418586
3136,-1.5896024,0.2552046
3137,-1.7374436,0.28501594
3138,-1.9056301,0.2854206
3139,-1.702451,0.20869465
3140,-1.5517671,0.22967046
3141,-1.3256872,0.18960552
3142,-1.5949017,0.24092615
3143,-1.6100624,0.22325498
3144,-1.2671015,0.1672345
3145,-1.2116531,0.17930573
3146,-1.275841,0.18057221
3147,-1.5670208,0.25480607
3148,-1.5127661,0.25775528
3149,-1.8932978,0.26657268
3150,-0.95649385,0.14532976
3151,-1.0889223,0.1733969
3152,-1.6327848,0.2045034
3153,-1.9819834,0.27770054
3154,-0.7667041,0.13121028
3155,-1.5499691,0.21146193
3156,-1.1578877,0.24349365
3157,-1.398773,0.19390161
3158,-1.4060488,0.21399127
3159,-1.5841441,0.24883698
3160,-1.3795655,0.25097042
3161,-1.6082674,0.23805788
3162,-1.7083867,0.24407145
3163,-1.16404,0.18826205
3164,-1.3621954,0.2025132
3165,-1.6489776,0.23997036
3166,-1.3584496,0.16725628
3167,-0.19525647,0.25014108
3168,-1.4984312,0.21834435
3169,-0.9472357,0.18477836
3170,-1.5684618,0.21909226
3171,-1.3543056,0.21017314
3172,-2.0450969,0.29726765
3173,-0.007281708,0.22798547
3174,-1.4889015,0.23442899
3175,-1.7420876,0.26335406
3176,-1.754049,0.23862645
3177,0.12087741,0.476535
3178,-1.2224805,0.218672
3179,-1.5943495,0.29222813
3180,-1.0083911,0.16045119
3181,-2.3279953,0.3271508
3182,-0.89766294,0.13000168
3183,-1.3019655,0.19666602
3184,-1.2681115,0.14925452
3185,-1.3152535,0.20083462
3186,-1.287511,0.18559314
3187,-1.683685,0.2694055
3188,-1.3998892,0.18556021
3189,-1.1688786,0.1619813
3190,-1.8191658,0.2722441
3191,-1.5803529,0.21527421
3192,-1.3670576,0.21690488
3193,-1.4323546,0.18566751
3194,-1.5187168,0.1879378
3195,-1.6952164,0.21048562
3196,-0.82605803,0.16830535
3197,-1.206695,0.18432201
3198,-1.666666,0.24181439
3199,-1.3232536,0.19573739
3200,-1.4143286,0.2240835
3201,-1.0318854,0.1499357
3202,-1.1839283,0.19286142
3203,-1.3607297,0.20344846
3204,-1.0857083,0.18793087
3205,-1.584532,0.2020789
3206,-1.2403674,0.21510962
3207,-1.4834054,0.21004768
3208,-1.776035,0.29049644
3209,-1.3586842,0.2090242
3210,-1.1141739,0.15290637
3211,-1.7142855,0.2382928
3212,-1.4926065,0.19879375
3213,-1.6268647,0.22379504
3214,-1.4254866,0.21901776
3215,-1.995126,0.274883
3216,-1.6203041,0.25815976
3217,-1.7352445,0.23718813
3218,-0.99982595,0.15783282
3219,-1.739782,0.28560516
3220,-0.025013324,0.3692411
3221,-1.4758838,0.19393058
3222,-1.2865268,0.21955097
3223,-1.5346701,0.23214671
3224,-1.4336617,0.1696279
3225,-1.2408651,0.2276805
3226,-1.704621,0.21423912
3227,-1.6313778,0.2524191
3228,-1.4284879,0.1963908
3229,-1.5078993,0.21159716
3230,-1.3747537,0.16478784
3231,-1.3816848,0.23728487
3232,-1.4771988,0.24832442
3233,-1.4820688,0.21583714
3234,-1.8907831,0.23037589
3235,-1.2578981,0.16974503
3236,-1.4008665,0.19238302
3237,-1.4522121,0.24777193
3238,-1.0912107,0.22232126
3239,-1.6094186,0.21158737
3240,-1.30984,0.22179861
3241,-1.7577307,0.24459787
3242,-1.1063013,0.19779159
3243,-1.7052244,0.23235069
3244,-1.877404,0.24514091
3245,-1.4535749,0.25215158
3246,-1.5265265,0.27608925
3247,-1.2138901,0.20335004
3248,-1.6421177,0.2446321
3249,-1.7127129,0.30278865
3250,-1.0909306,0.1645401
3251,0.039269924,0.17358133
3252,-2.0393105,0.31018418
3253,-1.7922668,0.26948452
3254,-0.7226574,0.121672794
3255,-1.3936808,0.23304173
3256,-1.6244991,0.191802
3257,-1.2908173,0.19860841
3258,-1.4374534,0.17034853
3259,-1.6297026,0.27668774
3260,-1.0209917,0.1293972
3261,-0.9494054,0.11709058
3262,-1.2065449,0.15975577
3263,-1.4177815,0.25616723
3264,-1.2826312,0.2233693
3265,-1.7577423,0.24662727
3266,-1.3267517,0.18063372
3267,0.40867385,0.9291682
3268,-1.4736452,0.25482333
3269,-0.9642765,0.133918
3270,-1.5093828,0.19025642
3271,-1.2218134,0.19044822
3272,-1.8034656,0.22271724
3273,-1.19169,0.16835433
3274,-0.9611765,0.22412641
3275,-1.3595026,0.2019259
3276,-0.7912205,0.12785475
3277,-1.7958059,0.22288537
3278,-1.4372559,0.18955971
3279,-1.1259811,0.21003133
3280,-1.4078562,0.18933608
3281,-2.2097075,0.2681384
3282,-1.517819,0.19750416
3283,-1.0595472,0.16021101
3284,-1.6191432,0.19315505
3285,-1.5042918,0.24741307
3286,-1.4977955,0.21829754
3287,-0.9920974,0.15875922
3288,-1.2918106,0.20474504
3289,-1.6458414,0.23649837
3290,-1.5598514,0.22860372
3291,-1.4597446,0.20448954
3292,-1.1241195,0.1464474
3293,-0.97818625,0.11510532
3294,-1.3600022,0.17489466
3295,-1.5397396,0.19021012
3296,-1.3082101,0.19977829
3297,-0.98706037,0.1605469
3298,-1.2486074,0.16150519
3299,-0.9902277,0.15052478
3300,-1.7286785,0.21999325
3301,-1.6798977,0.22995399
3302,-1.3034598,0.20230062
3303,-1.0656517,0.1540792
3304,-1.4303095,0.18629216
3305,-1.8152034,0.23904122
3306,-1.6363676,0.2755154
3307,-1.5058211,0.19778068
3308,-1.5614123,0.22008625
3309,-1.1122382,0.17881852
3310,-1.1615702,0.20971914
3311,-1.37145,0.17829555
3312,-1.2243118,0.18494867
3313,-1.3018436,0.23515855
3314,-0.9572714,0.15478683
3315,-1.0725147,0.18292545
3316,-1.5650731,0.2468271
3317,0.35343027,0.7139407
3318,-0.8542255,0.11875164
3319,-1.3140634,0.15396956
3320,-1.4383247,0.2213853
3321,-1.9104548,0.24823149
3322,-1.636159,0.20602119
3323,-1.8459784,0.25067827
3324,-1.4291401,0.27596682
3325,-2.0435226,0.316949
3326,-1.9150276,0.2604093
3327,-1.4430172,0.23210125
3328,-1.6763302,0.2645947
3329,-1.0945106,0.16569434
3330,-1.0950577,0.20373851
3331,-1.0040562,0.182704
3332,-1.6857262,0.21112843
3333,-1.6221737,0.21983401
3334,-1.229425,0.16377413
3335,-1.676687,0.24990958
3336,-1.5589796,0.21063116
3337,-1.5590757,0.21207735
3338,-1.3343837,0.1667664
3339,-1.6731622,0.20808321
3340,-1.4063232,0.20090947
3341,-1.3100771,0.1617893
3342,-1.3812608,0.22088243
3343,-0.80781305,0.15923639
3344,-1.3333285,0.19299063
3345,-1.2726722,0.16603677
3346,-1.8293011,0.24607804
3347,-1.2062123,0.1738824
3348,-1.970603,0.20951463
3349,-1.3365767,0.24886815
3350,-1.5327017,0.22420323
3351,-1.094518,0.19706374
3352,-0.8790304,0.1423642
3353,-1.0985,0.17081438
3354,-0.9658176,0.15148251
3355,-1.2145897,0.1600105
3356,-1.2188886,0.17944275
3357,-1.3413608,0.1828368
3358,-1.3429309,0.18253812
3359,-1.0578182,0.14774567
3360,-1.3649708,0.17418645
3361,-1.1427616,0.1566619
3362,-1.1338285,0.16013774
3363,-1.407112,0.24015144
3364,-1.4533048,0.19336051
3365,-1.4848263,0.21621428
3366,-0.8708994,0.12891889
3367,-1.5536447,0.27130786
3368,-1.767017,0.23425633
3369,-1.4824007,0.2552821
3370,-1.3253988,0.1946889
3371,-1.2729733,0.16628505
3372,-0.8750287,0.13695076
3373,-1.3276241,0.17619504
3374,-1.7162001,0.27865016
3375,-2.011982,0.23823501
3376,-1.6090391,0.2463683
3377,-1.4746227,0.24832962
3378,-1.4682887,0.21902256
3379,-1.5382977,0.18870403
3380,-1.5029562,0.16610886
3381,-1.3136832,0.24800293
3382,-0.95391065,0.12213312
3383,-0.9681147,0.1615906
3384,-1.5688931,0.27758658
3385,-1.2647003,0.19534498
3386,-1.3799905,0.20076989
3387,-1.6318576,0.23752223
3388,-1.1878437,0.22949862
3389,-1.1996825,0.19163632
3390,-1.6568768,0.20750767
3391,-0.057136517,0.16988167
3392,-1.2370431,0.16584685
3393,-1.137001,0.17362848
3394,-1.4368733,0.2973106
3395,-1.6114041,0.20844987
3396,-1.3023517,0.18776146
3397,-1.3861475,0.19910128
3398,-1.13622,0.1602642
3399,-1.6714233,0.2661175
3400,-1.7438614,0.24363306
3401,-1.6735954,0.22789064
3402,-1.4006132,0.185986
3403,-1.0175898,0.14924073
3404,-1.2429918,0.19363952
3405,-1.615661,0.25181404
3406,-1.1790104,0.18990073
3407,-1.5497274,0.253299
3408,-1.1228622,0.21286832
3409,-1.2404025,0.16226567
3410,0.02634019,0.2972572
3411,-1.962656,0.25422913
3412,-1.3769598,0.18936402
3413,-1.1173837,0.21119429
3414,-1.734609,0.22986324
3415,-1.6874157,0.33682123
3416,-1.1807079,0.1730468
3417,-1.1237633,0.23745222
3418,-1.3497756,0.1888777
3419,0.031998828,0.38497403
3420,-1.5915258,0.18176079
3421,-1.633104,0.26539433
3422,-2.0653431,0.2861656
3423,-1.642675,0.22483242
3424,-1.469973,0.24111712
3425,-1.2811617,0.15530702
3426,-1.597111,0.21870057
3427,-1.8746535,0.21813181
3428,-1.7164596,0.22493939
3429,0.030307388,0.504661
3430,-1.1560788,0.2067765
3431,-1.8067963,0.25541323
3432,-1.7168258,0.28055367
3433,-0.11325878,0.31789872
3434,-1.9061966,0.25787804
3435,-1.4108022,0.2568578
3436,-1.2029703,0.15948577
3437,-1.5433705,0.247449
3438,-1.3669617,0.17246789
3439,-1.3086996,0.15485021
3440,-1.188971,0.1863027
3441,-1.2822579,0.2176838
3442,-1.245353,0.1807518
3443,-1.2868847,0.19097222
3444,-1.1677427,0.17197637
3445,-1.3929977,0.18616934
3446,-1.8453133,0.27161106
3447,-1.3763473,0.17915873
3448,-1.3305095,0.23707272
3449,-1.1671127,0.1740968
3450,-1.2025449,0.17100455
3451,-1.2666628,0.17953975
3452,-1.4826044,0.23045534
3453,-1.4741266,0.20416269
3454,-1.176954,0.20156246
3455,-1.8453163,0.27046677
3456,-1.3428136,0.17612053
3457,-1.6115916,0.23086555
3458,-1.8295009,0.2601144
3459,-1.6259701,0.21084395
3460,-1.0310843,0.14570536
3461,-1.2165258,0.20627455
3462,-1.4124115,0.21238162
3463,-0.79250485,0.14735448
3464,-1.167142,0.1926844
3465,-1.3472849,0.2148578
3466,-1.3303481,0.17670125
3467,-1.6542251,0.23675385
3468,-1.2638084,0.2025953
3469,-1.3024008,0.12724775
3470,-1.754226,0.22444205
3471,-1.0331751,0.15485908
3472,-1.4642214,0.2065236
3473,-1.3071096,0.23462632
3474,-1.4499452,0.22822092
3475,-1.3960937,0.20459689
3476,-1.5282868,0.23213458
3477,-1.5286419,0.22033818
3478,-1.4803536,0.17787774
3479,-1.6597979,0.23520143
3480,-1.7600739,0.26604706
3481,-1.1986058,0.19244099
3482,-1.0425694,0.17092837
3483,-1.5324543,0.2383683
3484,-1.2456237,0.21203783
3485,-1.8700272,0.32367563
3486,-1.7741177,0.20454685
3487,-1.2621927,0.19591402
3488,-1.0869011,0.11769786
3489,-1.8350887,0.23925094
3490,-1.1097832,0.1819067
3491,-1.4399698,0.21830449
3492,-0.813587,0.09698896
3493,-1.3041846,0.21768689
3494,-1.2595838,0.19145176
3495,-1.4718978,0.19347851
3496,-1.5909952,0.20736174
3497,-1.7316687,0.21345936
3498,-1.2973671,0.1864437
3499,-1.2915951,0.19203565
3500,-0.9766307,0.14996889
3501,-1.3445114,0.29054654
3502,-1.5066544,0.21047315
3503,-1.5627623,0.20105706
3504,-1.4777323,0.18908091
3505,-1.5634861,0.24255762
3506,-0.8692638,0.1631442
3507,-1.7838837,0.31201136
3508,-1.0545654,0.16016671
3509,-1.4276735,0.22160514
3510,-2.3300254,0.35999176
3511,-2.0099037,0.2976
3512,-1.8923275,0.3112323
3513,-1.3385115,0.2837451
3514,-1.3045223,0.19591743
3515,-1.1487015,0.1743701
3516,0.23074909,0.33187184
3517,-1.4806082,0.24815361
3518,-1.2713225,0.16597064
3519,-1.4866389,0.18566401
3520,-1.8678774,0.22998646
3521,-1.3657309,0.19275883
3522,-1.4293957,0.16215006
3523,-1.3232645,0.16830575
3524,-1.6983818,0.20192501
3525,-1.4769655,0.17080602
3526,-1.3699262,0.14498633
3527,-1.0956733,0.12716854
3528,-1.1489515,0.18112604
3529,-1.3765352,0.19712822
3530,-1.4324706,0.24102734
3531,-1.4470036,0.24661338
3532,-1.3684919,0.19764873
3533,-1.0109406,0.19488665
3534,-1.3428227,0.21949837
3535,-0.96402436,0.14340734
3536,-2.0185852,0.23290451
3537,-1.5847359,0.21857055
3538,-1.5830412,0.27333462
3539,-1.6461258,0.23113947
3540,-1.5093548,0.21595788
3541,-1.594856,0.20716344
3542,-1.5101507,0.22330594
3543,-1.514768,0.17672372
3544,-1.2999173,0.17358805
3545,-1.2122586,0.18535487
3546,-0.9416313,0.116605796
3547,-1.3142645,0.1894273
3548,-1.5479373,0.2474823
3549,-1.3106295,0.15489167
3550,-1.0577732,0.15704337
3551,-1.3080457,0.18492906
3552,-1.0528969,0.14902407
3553,-1.3233349,0.20895475
3554,-1.5338866,0.20301905
3555,-1.3113663,0.18958424
3556,-0.8893709,0.20786688
3557,-1.7547861,0.2555571
3558,-1.0403283,0.18328273
3559,-1.0208924,0.15268007
3560,-1.4097399,0.18946828
3561,-1.6061634,0.25831947
3562,-1.4095615,0.23840308
3563,-1.26034,0.17695987
3564,-1.5574878,0.22294794
3565,-1.2584889,0.16945513
3566,-1.6751912,0.2595031
3567,-1.6088225,0.24753685
3568,-1.3327329,0.19630086
3569,-1.2188833,0.1779093
3570,-1.6717021,0.25521377
3571,-1.4698095,0.2478222
3572,-1.0938549,0.17273363
3573,-1.570152,0.24423853
3574,-0.9332115,0.1194858
3575,-1.7452886,0.22656837
3576,0.029395703,0.40287796
3577,-1.5478119,0.2281601
3578,-2.3058429,0.3397942
3579,-1.5164607,0.21836758
3580,-1.3900249,0.23291032
3581,-1.3902409,0.21786843
3582,-1.3150836,0.2003838
3583,-1.1658328,0.18388446
3584,-1.3516239,0.18111017
3585,-1.8647646,0.24853103
3586,-1.4062332,0.19113469
3587,-1.3089659,0.26668623
3588,-1.8064188,0.2299811
3589,-0.9701725,0.13129838
3590,-1.1459713,0.14109935
3591,-1.2962548,0.24370487
3592,-1.6697714,0.22669221
3593,-1.4397104,0.23770301
3594,-1.3509308,0.17651972
3595,-0.014725193,0.57238245
3596,-1.914353,0.23773885
3597,-1.2392441,0.18180163
3598,-1.410018,0.169615
3599,-1.3206238,0.20188841
3600,-1.4672264,0.28156525
3601,-1.9692055,0.29986778
3602,-1.667115,0.2926109
3603,-1.3905394,0.17090859
3604,-2.0974336,0.23888919
3605,-1.411279,0.20426765
3606,-1.7570381,0.25463313
3607,-1.3387626,0.19400196
3608,-1.6530468,0.23320349
3609,-1.2365808,0.22621764
3610,-1.378681,0.2200428
3611,-1.6890558,0.21532233
3612,-1.8200604,0.2513476
3613,-1.7577785,0.20105493
3614,-0.96976626,0.13961564
3615,-1.3389375,0.19351183
3616,-1.3205285,0.22863236
3617,-1.1111343,0.20822996
3618,-1.3802351,0.18673608
3619,-1.3082017,0.2559251
3620,-1.1341536,0.15004104
3621,-1.4078312,0.2064549
3622,-0.2865796,0.7792059
3623,-1.1309639,0.16850023
3624,-0.024548218,0.25629458
3625,-1.3074836,0.20362028
3626,-0.9981621,0.13273841
3627,-1.46326,0.18769154
3628,-1.6680189,0.26074803
3629,-1.5425022,0.23240075
3630,-1.5737482,0.22037052
3631,-2.1049385,0.2363309
3632,-2.1143296,0.23056127
3633,-1.1209809,0.1436235
3634,-1.7557678,0.2593084
3635,-0.96982497,0.16913629
3636,-1.4640007,0.27880365
3637,-1.6235154,0.2119235
3638,-1.1570286,0.16921173
3639,-1.9819647,0.24403732
3640,-1.1728885,0.21080276
3641,-1.433849,0.18320212
3642,-0.9274279,0.16601191
3643,-1.5780032,0.21522766
3644,-1.5828116,0.16765854
3645,-1.7374165,0.23572758
3646,-1.5317271,0.22045703
3647,-1.5778028,0.2148083
3648,-1.5514961,0.2369647
3649,-1.4405911,0.22609225
3650,-1.5417718,0.2550581
3651,-1.2342937,0.20750792
3652,-1.4562496,0.19954048
3653,-1.1607268,0.18079282
3654,-1.5913254,0.21711008
3655,-1.4338173,0.2056199
3656,-1.1487767,0.16974476
3657,-1.5433648,0.2130785
3658,-1.6701739,0.20948352
3659,-1.5268563,0.27531672
3660,-0.6741715,0.14534624
3661,-1.2725894,0.20522538
3662,-1.5406026,0.27367246
3663,-0.9739078,0.15520515
3664,-1.5170887,0.22476482
3665,-2.0110793,0.29627994
3666,-1.3683419,0.23831575
3667,-0.9697553,0.181347
3668,-1.6723019,0.19951797
3669,-1.6576828,0.19623047
3670,-1.2014701,0.16307618
3671,-1.9909252,0.24231216
3672,-1.4832613,0.19514926
3673,-1.2106907,0.21408229
3674,-1.4574867,0.20944028
3675,-1.3503367,0.27189624
3676,-1.5047016,0.27824035
3677,-1.4732039,0.20735447
3678,-1.8433956,0.2549076
3679,-1.810725,0.23227859
3680,-1.5277866,0.21838593
3681,-1.3851484,0.19022568
3682,-1.593583,0.23578931
3683,-1.4006748,0.20513391
3684,-1.3073851,0.19050072
3685,-1.5398525,0.2238126
3686,-1.4882637,0.2492875
3687,-1.1905729,0.15290329
3688,-1.6605055,0.22102693
3689,-1.8289397,0.26493734
3690,-1.581124,0.19341661
3691,-0.97358894,0.14051346
3692,-2.2545178,0.25146303
3693,-1.7172619,0.23656139
3694,-1.738499,0.31245995
3695,-1.5220007,0.1951989
3696,-0.9169863,0.14246497
3697,-1.6616676,0.21221739
3698,-1.4982278,0.22388189
3699,-1.5034647,0.21994318
3700,-1.6271713,0.2493245
3701,-1.4853731,0.20090677
3702,-1.3095887,0.21126074
3703,-1.3821478,0.18237682
3704,-1.5905097,0.2467104
3705,-1.5870259,0.20211849
3706,-2.0165515,0.22957426
3707,-1.5570796,0.21092083
3708,-1.4376545,0.20329122
3709,-2.001112,0.27892035
3710,-1.5957482,0.24178822
3711,-1.3802187,0.21663734
3712,-1.415855,0.18107891
3713,-0.72790414,0.10694344
3714,-1.419132,0.1781277
3715,-1.3661555,0.16412452
3716,-0.9992933,0.14434849
3717,-1.0900755,0.16670333
3718,-1.5192021,0.23911826
3719,-1.1973698,0.17130311
3720,-1.3381445,0.1866211
3721,-1.205975,0.22142431
3722,-1.1628611,0.16717087
3723,-1.634771,0.25359505
3724,-1.8707374,0.2017665
3725,-1.817339,0.2899016
3726,-1.3345125,0.24310184
3727,-1.2298193,0.1653873
3728,-0.9796772,0.16162902
3729,-1.0384669,0.17889322
3730,-1.5841573,0.22875
3731,-1.317969,0.18322179
3732,-1.4736345,0.23014194
3733,-1.5166733,0.2694198
3734,-1.5318453,0.24704517
3735,-1.498242,0.20839593
3736,-1.3389747,0.16228525
3737,-1.1684719,0.1619663
3738,-1.5886886,0.18898997
3739,-0.88207597,0.12588869
3740,-2.2033,0.3205204
3741,-1.898751,0.27218413
3742,-1.3128575,0.17624168
3743,-1.8235728,0.25112686
3744,-1.3582761,0.21758519
3745,-1.4536195,0.1909272
3746,-1.4060007,0.1874004
3747,-1.3787694,0.22020845
3748,-1.826144,0.25259557
3749,-1.5085882,0.20761384
3750,-1.5808005,0.27195957
3751,-1.6115391,0.18579873
3752,-1.3701656,0.16630565
3753,-1.2135131,0.20910104
3754,-1.5022789,0.20731066
3755,-1.2323425,0.2059254
3756,-1.1541708,0.20575684
3757,-1.5092013,0.24651593
3758,-1.286816,0.21064854
3759,-1.4264528,0.22410388
3760,-1.2739277,0.18543912
3761,-1.2663231,0.2079682
3762,-1.2745851,0.21702619
3763,-1.4140843,0.17443405
3764,-1.5222976,0.20914945
3765,-1.7251499,0.21584845
3766,-1.4621742,0.20801847
3767,-1.983042,0.32841268
3768,-1.8275591,0.22360215
3769,-1.3657057,0.16176416
3770,-1.1069123,0.14287482
3771,-1.724186,0.286765
3772,-1.6092924,0.22486874
3773,-0.8147605,0.15121655
3774,-1.7215166,0.28329906
3775,-1.7904236,0.2749256
3776,-1.4076917,0.17042619
3777,-1.3797438,0.25267416
3778,-1.5464954,0.17424351
3779,-0.8807436,0.13192539
3780,-1.561911,0.19547805
3781,-1.9660461,0.275132
3782,-1.5682281,0.21626212
3783,-1.158675,0.19540888
3784,-1.0275997,0.11218075
3785,-1.8267288,0.22929768
3786,-1.5640895,0.2215142
3787,-1.652911,0.24007753
3788,-1.5582087,0.21711348
3789,-1.5147321,0.2798382
3790,-0.89479876,0.16658124
3791,-1.4648459,0.1865998
3792,-1.5491865,0.21124242
3793,-1.420834,0.27280357
3794,-1.5962255,0.24255493
3795,-1.1240728,0.16651823
3796,-0.7803624,0.12558532
3797,-1.7258117,0.31117892
3798,-1.4714115,0.19357014
3799,-1.8718033,0.27432856
3800,-1.238751,0.1509235
3801,-1.931781,0.22554077
3802,-1.1290964,0.20915665
3803,-1.2016027,0.14763643
3804,-1.7521904,0.27090445
3805,-1.1990318,0.16459033
3806,-1.0582392,0.15330778
3807,-1.2350181,0.19845483
3808,-1.5102094,0.22155337
3809,-1.7534142,0.23318388
3810,-1.86921,0.259232
3811,-1.1247088,0.19209333
3812,-1.6109114,0.23516507
3813,0.027901698,0.33849758
3814,-1.1967216,0.16716592
3815,-0.6291968,0.15720527
3816,-1.0988331,0.17058726
3817,-1.4906334,0.16325088
3818,-1.4847322,0.23186855
3819,-1.2391583,0.19848564
3820,-1.2157809,0.1780029
3821,-1.1809978,0.17275499
3822,-1.4812529,0.20815691
3823,-0.98796064,0.17102341
3824,-1.6085802,0.23841839
3825,-1.4718405,0.23389974
3826,-2.038073,0.28516722
3827,-1.6610117,0.25851998
3828,-1.029081,0.12305669
3829,-1.6035979,0.300541
3830,-1.0588101,0.18013828
3831,-1.7748969,0.21287645
3832,-1.6626034,0.238738
3833,-2.0387454,0.26756978
3834,-0.035167035,0.3802945
3835,-1.1842619,0.25226536
3836,-1.5373325,0.18876936
3837,-1.769338,0.2893928
3838,-0.04649805,0.5140754
3839,-0.8346432,0.12686023
3840,-1.2518442,0.21642177
3841,-1.4612238,0.24528079
3842,-1.0642068,0.16886897
3843,-2.0836163,0.326598
3844,-1.3013489,0.20972772
3845,-1.4939754,0.21486832
3846,-1.6268427,0.28102544
3847,-1.0328459,0.15433298
3848,-0.68306357,0.12547375
3849,-1.7612232,0.21860099
3850,-1.4747633,0.19939812
3851,-0.97003806,0.14002396
3852,-1.6928215,0.20586416
3853,-1.5917852,0.22105668
3854,-1.3764545,0.2346296
3855,-1.1137211,0.16346492
3856,-1.3313477,0.20948301
3857,-1.0609592,0.15118973
3858,-1.473094,0.17576388
3859,-1.2155842,0.16547182
3860,-0.7809042,0.111497596
3861,-1.0690864,0.18674223
3862,-1.659626,0.2544706
3863,-1.6652477,0.22106582
3864,-1.0969446,0.1791951
3865,-1.6405189,0.22691937
3866,-1.7023147,0.2534891
3867,-1.3153086,0.20342532
3868,-1.1644713,0.17292874
3869,-1.1793016,0.1941843
3870,-1.5329342,0.25795102
3871,-1.1639088,0.17989424
3872,-1.1796771,0.15794508
3873,-1.4130702,0.23521288
3874,-1.5405501,0.24611664
3875,-1.5809805,0.20760708
3876,-1.8118175,0.21772642
3877,-1.3513877,0.21830577
3878,-1.3566598,0.23514874
3879,-1.8970585,0.28194565
3880,-1.5400512,0.25346777
3881,-1.6081333,0.19899139
3882,-0.94089377,0.15924896
3883,-1.3256385,0.20178406
3884,-0.962323,0.1800327
3885,-1.4310786,0.19880863
3886,-1.3163298,0.19298346
3887,-1.6404762,0.23850532
3888,-1.7912562,0.22115888
3889,-1.01822,0.13796778
3890,-1.5228316,0.24695581
3891,-1.5726175,0.19065346
3892,-1.5829352,0.21854903
3893,-1.7186363,0.37019515
3894,-0.9229557,0.19470118
3895,-1.2285674,0.16110222
3896,-1.6496868,0.25775743
3897,-1.4586585,0.23019682
3898,-1.2558239,0.16938053
3899,-1.5615021,0.22897856
3900,-1.76003,0.22334796
3901,-1.3224283,0.19922142
3902,-0.9407116,0.17141561
3903,-1.4614495,0.2451253
3904,-1.3808401,0.24057804
3905,-0.8308482,0.12611677
3906,-1.4561601,0.26398346
3907,-1.3431475,0.17961928
3908,-1.8736389,0.24632996
3909,-1.4507647,0.2008259
3910,-1.6053165,0.23292731
3911,-1.4608796,0.24149324
3912,-1.1877403,0.2195681
3913,-1.7021335,0.30913135
3914,-1.7955948,0.186097
3915,-1.675127,0.23294957
3916,-1.2516521,0.17785396
3917,-1.4622127,0.22154064
3918,-1.3083968,0.13883069
3919,-1.5786377,0.23985451
3920,-1.1073573,0.18421836
3921,-1.6621201,0.24731922
3922,-1.3372875,0.1729693
3923,-1.1551282,0.16290756
3924,-1.4526676,0.18481448
3925,-1.8451217,0.23804407
3926,-1.5858835,0.2161026
3927,-1.5865717,0.2193953
3928,-1.2453592,0.19169903
3929,-1.6635662,0.22130467
3930,-1.443167,0.18107645
3931,-1.8678551,0.32134947
3932,-1.2292913,0.16753878
3933,-1.6349217,0.22471972
3934,0.12971975,0.48450744
3935,0.9051035,0.70357794
3936,-1.5319712,0.29712564
3937,-0.7048834,0.11786343
3938,-1.2596499,0.18186681
3939,-1.3311787,0.16073395
3940,-1.4470078,0.20553434
3941,-0.9191021,0.1327453
3942,-1.5758643,0.19609272
3943,-1.1885386,0.20537461
3944,-1.1816132,0.21382108
3945,-1.8400062,0.2169138
3946,-1.4594799,0.22085072
3947,-1.329665,0.1670353
3948,-0.858729,0.13813828
3949,-1.4470943,0.195595
3950,-0.9549896,0.14171052
3951,-1.3677945,0.1810659
3952,-1.5815519,0.21839997
3953,-1.5235498,0.22083162
3954,-1.6946182,0.23148435
3955,-1.6630462,0.20064305
3956,-1.8478851,0.26879773
3957,-1.2842753,0.20052758
3958,-1.6719902,0.22465856
3959,-1.3238369,0.20006424
3960,-0.9773649,0.13813305
3961,-1.4449451,0.23382075
3962,-1.66646,0.20773372
3963,-1.5238956,0.21002911
3964,-1.3032962,0.17512667
3965,-1.5641853,0.25342426
3966,-1.2459301,0.19559903
3967,-1.2871054,0.19004475
3968,-1.9473312,0.32014042
3969,-1.5455115,0.22887781
3970,-1.2352406,0.15819922
3971,-1.4782698,0.20190598
3972,-0.85381997,0.17021774
3973,-1.8895972,0.2655123
3974,-1.5951885,0.2342532
3975,-1.2200315,0.1772487
3976,-1.7694657,0.24016306
3977,-1.4193271,0.20402136
3978,-1.8039602,0.26842397
3979,-1.123213,0.13641837
3980,-1.2625458,0.19050343
3981,-1.8755362,0.19677866
3982,-1.087203,0.14442939
3983,-1.1521232,0.17004013
3984,-1.2828466,0.1732326
3985,-1.1635673,0.19093077
3986,-1.64448,0.2439388
3987,-1.6781225,0.2644056
3988,-1.4617796,0.19919115
3989,-1.8791969,0.23843642
3990,0.016561346,0.50374764
3991,-1.4492092,0.20538838
3992,-1.4429601,0.21857528
3993,-1.5414553,0.19688833
3994,-2.0960648,0.27399647
3995,-1.3945264,0.23010147
3996,-1.3918613,0.21306288
3997,-2.1889184,0.26544014
3998,-1.4185433,0.26049167
3999,-0.8819567,0.120628335
4000,-1.3611206,0.19241524
4001,-1.6644192,0.29100433
4002,-1.3893576,0.20237915
4003,-1.7155225,0.28959224
4004,-1.6603098,0.2582774
4005,-1.3728776,0.2052046
4006,-1.5479867,0.23772417
4007,-1.4902855,0.20534965
4008,-1.1165481,0.14965981
4009,-1.7939317,0.24898362
4010,-1.054991,0.15133068
4011,-1.6576614,0.18850213
4012,-0.7753906,0.13126464
4013,-1.0677477,0.15062346
4014,-1.3588562,0.21590449
4015,-1.2409518,0.19433673
4016,-1.8533299,0.2330527
4017,-1.6035258,0.28536174
4018,-1.1549423,0.14266467
4019,-1.2309393,0.22679602
4020,-1.0111319,0.1695124
4021,-1.3256346,0.19716156
4022,-1.1176649,0.17806764
4023,-1.6440754,0.25072616
4024,-1.4500237,0.20253009
4025,-1.2755859,0.18078709
4026,-1.5459605,0.17923795
4027,-1.6374419,0.22194676
4028,-1.5917288,0.19255733
4029,0.49041677,0.90018046
4030,-1.7328713,0.20837305
4031,-1.4105296,0.21850418
4032,-0.8949833,0.14952257
4033,-1.4542841,0.19604363
4034,-1.3629242,0.24787918
4035,-1.4507322,0.22049144
4036,-1.0271342,0.21517725
4037,-1.3714916,0.19982076
4038,-1.3138373,0.23957856
4039,-1.2847079,0.2044631
4040,-1.0735557,0.17936519
4041,-1.3910402,0.23150712
4042,-0.9957274,0.12448861
4043,-1.127579,0.16076379
4044,-1.1420637,0.21840402
4045,-1.5424116,0.19440326
4046,-1.2249968,0.1938392
4047,-1.3643351,0.18584435
4048,-1.4848875,0.1857998
4049,-1.4269356,0.17807944
4050,-1.2268444,0.17978624
4051,-1.5641993,0.21046272
4052,-1.6294159,0.24235453
4053,0.45436874,0.8312539
4054,-1.2078788,0.22402899
4055,-0.94471836,0.14926277
4056,-1.7068939,0.2540099
4057,-1.716041,0.23651034
4058,-1.4408176,0.27180415
4059,-1.4619747,0.21101226
4060,-1.8361079,0.27546823
4061,-1.4337885,0.15974684
4062,-1.4927857,0.22368935
4063,-1.3063184,0.20014894
4064,-1.5097167,0.21255356
4065,-0.76426685,0.13755862
4066,-1.063193,0.17507541
4067,-1.6684548,0.28237972
4068,-1.6553869,0.24563172
4069,-2.0160823,0.28277564
4070,-2.0075164,0.2459317
4071,-1.3227618,0.19846267
4072,-1.2041342,0.16834338
4073,-1.1576369,0.18107551
4074,-1.4443698,0.19056405
4075,-2.2208676,0.26807296
4076,-1.0374379,0.15735875
4077,-0.4234591,0.9123952
4078,-1.4848958,0.27379355
4079,-1.8715712,0.22215901
4080,-1.0295551,0.16770953
4081,-1.3992255,0.22733067
4082,-1.3976504,0.1798786
4083,-1.6448208,0.29161784
4084,-1.5050628,0.2525479
4085,-1.6621845,0.22069632
4086,-1.2631063,0.21399057
4087,-1.2448037,0.23012677
4088,-1.3893853,0.2342946
4089,-1.0024698,0.16498853
4090,-1.0844072,0.14266211
4091,-0.97138596,0.14937569
4092,-1.3814358,0.20509478
4093,-1.6290176,0.26302868
4094,-1.3989556,0.17691568
4095,-1.2667545,0.17846762
