item_id:token,interaction_count,pop_score,popularity_label,cum_popularity_label
105,3374,0.0034376270388623022,1,1
125,2866,0.0029200471527502546,1,1
45,2839,0.0028925379855750076,1,1
65,2749,0.002800840761657519,1,1
98,2614,0.002663294925781286,1,1
49,2596,0.002644955480997788,1,1
114,2579,0.0026276348942578178,1,1
133,2565,0.0026133708816484308,1,1
190,2507,0.002554277115123827,1,1
52,2481,0.002527786805992108,1,1
128,2391,0.002436089582074619,1,1
23,2376,0.0024208067114217043,1,1
39,2375,0.002419787853378177,1,1
93,2371,0.002415712421204066,1,1
129,2359,0.0024034861246817344,1,1
135,2320,0.002363750660984156,1,1
117,2249,0.0022914117398936925,1,1
24,2246,0.0022883551657631096,1,1
6,2224,0.002265940288805501,1,1
185,2212,0.0022537139922831693,1,1
27,2203,0.00224454426989142,1,1
168,2198,0.002239449979673782,1,1
247,2159,0.0021997145159762034,1,1
274,2157,0.0021976767998891484,1,1
670,2155,0.002195639083802093,1,1
245,2142,0.0021823939292362335,1,1
61,2131,0.0021711864907574293,1,1
172,2103,0.002142658465538655,1,1
41,2051,0.002089677847275217,1,1
218,2044,0.0020825458409705236,1,1
210,1992,0.0020295652227070855,1,1
152,1977,0.0020142823520541706,1,1
63,1970,0.002007150345749477,1,1
69,1860,0.0018950759609614352,1,1
715,1799,0.0018329256203062484,1,1
85,1764,0.0017972655887827805,1,1
260,1757,0.001790133582478087,1,1
744,1752,0.0017850392922604487,1,1
219,1737,0.0017697564216075338,1,1
382,1725,0.001757530125085202,1,1
734,1715,0.0017473415446499255,1,1
161,1710,0.0017422472544322872,1,1
278,1700,0.0017320586739970106,1,1
16,1697,0.0017290020998664277,1,1
10,1694,0.0017259455257358448,1,1
663,1689,0.0017208512355182065,1,1
5,1686,0.0017177946613876236,1,1
214,1684,0.0017157569453005682,1,1
211,1643,0.0016739837655159345,1,1
435,1643,0.0016739837655159345,1,1
68,1634,0.0016648140431241856,1,1
79,1633,0.0016637951850806579,1,1
265,1621,0.001651568888558326,1,1
187,1609,0.0016393425920359942,1,1
712,1600,0.0016301728696442453,1,1
1,1581,0.00161081456681722,1,1
207,1573,0.0016026637024689986,1,1
51,1561,0.0015904374059466668,1,1
548,1546,0.001575154535293752,1,1
281,1520,0.001548664226162033,1,1
59,1510,0.0015384756457267564,1,1
421,1510,0.0015384756457267564,1,1
316,1492,0.0015201362009432588,1,1
377,1484,0.0015119853365950376,1,1
169,1476,0.0015038344722468164,1,1
28,1474,0.001501796756159761,1,1
643,1470,0.0014977213239856504,1,1
20,1469,0.0014967024659421227,1,1
238,1464,0.0014916081757244844,1,1
284,1459,0.0014865138855068463,1,1
14,1456,0.0014834573113762632,1,1
124,1435,0.0014620612924621825,1,1
644,1434,0.001461042434418655,1,1
97,1430,0.0014569670022445442,1,1
178,1417,0.0014437218476786849,1,1
318,1415,0.0014416841315916295,1,1
588,1413,0.0014396464155045743,1,1
433,1411,0.0014376086994175189,1,1
353,1410,0.0014365898413739911,1,1
157,1404,0.0014304766931128254,1,1
200,1402,0.00142843897702577,1,1
516,1401,0.0014274201189822422,1,1
165,1395,0.0014213069707210764,1,1
149,1388,0.001414174964416383,1,1
539,1369,0.0013948166615893574,1,1
156,1367,0.0013927789455023022,1,1
106,1361,0.0013866657972411362,1,1
291,1356,0.001381571507023498,1,1
789,1355,0.0013805526489799702,1,1
513,1352,0.0013774960748493873,1,1
612,1350,0.001375458358762332,1,1
222,1347,0.001372401784631749,1,1
8,1343,0.0013683263524576384,1,1
146,1339,0.0013642509202835278,1,1
34,1338,0.00136323206224,1,1
500,1337,0.0013622132041964726,1,1
386,1324,0.001348968049630613,1,1
438,1323,0.0013479491915870854,1,1
196,1316,0.0013408171852823919,1,1
756,1316,0.0013408171852823919,1,1
184,1303,0.0013275720307165324,1,1
529,1301,0.001325534314629477,1,1
306,1295,0.0013194211663683111,1,1
767,1292,0.001316364592237728,1,1
4,1283,0.0013071948698459793,1,1
215,1283,0.0013071948698459793,1,1
532,1281,0.001305157153758924,1,1
742,1280,0.0013041382957153962,1,1
542,1275,0.001299044005497758,1,1
42,1269,0.0012929308572365921,1,1
244,1254,0.0012776479865836772,1,1
1159,1241,0.001264402832017818,1,1
175,1237,0.001260327399843707,1,1
87,1235,0.0012582896837566519,1,1
40,1234,0.0012572708257131242,1,1
1229,1233,0.0012562519676695965,1,1
337,1229,0.0012521765354954859,1,1
322,1221,0.0012440256711472647,1,1
487,1219,0.0012419879550602095,1,1
383,1218,0.0012409690970166818,1,1
604,1217,0.001239950238973154,1,1
791,1214,0.0012368936648425712,1,1
995,1212,0.0012348559487555158,1,1
1019,1210,0.0012328182326684606,1,1
1107,1209,0.0012317993746249329,1,1
587,1204,0.0012267050844072945,1,1
86,1200,0.001222629652233184,1,1
351,1199,0.0012216107941896565,1,1
407,1196,0.0012185542200590733,1,1
176,1192,0.0012144787878849627,1,1
336,1191,0.001213459929841435,1,1
177,1185,0.0012073467815802692,1,1
601,1179,0.0012012336333191032,1,1
560,1169,0.0011910450528838268,1,1
530,1164,0.0011859507626661885,1,1
515,1162,0.001183913046579133,1,1
1467,1161,0.0011828941885356056,1,1
425,1156,0.0011777998983179673,1,1
749,1151,0.001172705608100329,1,1
776,1146,0.0011676113178826907,1,1
21,1145,0.001166592459839163,1,1
738,1143,0.0011645547437521078,1,1
506,1136,0.0011574227374474143,1,1
317,1125,0.00114621529896861,1,1
243,1124,0.0011451964409250823,1,1
118,1121,0.0011421398667944994,1,1
739,1120,0.0011411210087509717,1,1
510,1119,0.0011401021507074442,1,1
58,1115,0.0011360267185333336,1,1
206,1115,0.0011360267185333336,1,1
140,1114,0.0011350078604898059,1,1
647,1112,0.0011329701444027505,1,1
148,1111,0.0011319512863592228,1,1
798,1109,0.0011299135702721676,1,1
538,1108,0.0011288947122286399,1,1
204,1108,0.0011288947122286399,1,1
606,1103,0.0011238004220110016,1,1
568,1102,0.001122781563967474,1,1
662,1102,0.001122781563967474,1,1
391,1098,0.0011187061317933635,1,1
134,1096,0.001116668415706308,1,1
1110,1093,0.0011136118415757252,1,1
525,1088,0.0011085175513580868,1,1
127,1088,0.0011085175513580868,1,1
1299,1087,0.0011074986933145591,1,1
90,1087,0.0011074986933145591,1,1
634,1087,0.0011074986933145591,1,1
897,1080,0.0011003666870098656,1,1
344,1076,0.001096291254835755,1,1
535,1073,0.0010932346807051721,1,1
1116,1072,0.0010922158226616444,1,1
323,1068,0.0010881403904875338,1,1
896,1068,0.0010881403904875338,1,1
793,1066,0.0010861026744004784,1,1
1076,1063,0.0010830461002698955,1,1
1006,1061,0.0010810083841828401,1,1
264,1057,0.0010769329520087295,1,1
44,1056,0.001075914093965202,1,1
60,1052,0.0010718386617910914,1,1
212,1051,0.0010708198037475637,1,1
151,1050,0.001069800945704036,1,1
11,1044,0.00106368779744287,1,1
720,1042,0.0010616500813558148,1,1
91,1039,0.001058593507225232,1,1
630,1036,0.0010555369330946488,1,1
339,1034,0.0010534992170075936,1,1
429,1032,0.0010514615009205382,1,1
154,1031,0.0010504426428770107,1,1
771,1029,0.0010484049267899553,1,1
559,1028,0.0010473860687464276,1,1
648,1026,0.0010453483526593724,1,1
665,1021,0.001040254062441734,1,1
1257,1021,0.001040254062441734,1,1
397,1020,0.0010392352043982064,1,1
208,1017,0.0010361786302676235,1,1
327,1011,0.0010300654820064575,1,1
892,1005,0.0010239523337452917,1,1
714,1000,0.0010188580435276534,1,1
120,996,0.0010147826113535428,1,1
759,996,0.0010147826113535428,1,1
677,995,0.001013763753310015,1,1
387,994,0.0010127448952664873,1,1
46,991,0.0010096883211359044,1,1
252,990,0.0010086694630923767,1,1
439,989,0.0010076506050488493,1,1
203,987,0.0010056128889617938,1,1
547,987,0.0010056128889617938,1,1
620,981,0.0009994997407006278,1,1
1201,979,0.0009974620246135726,1,1
121,976,0.0009944054504829897,1,1
1529,975,0.000993386592439462,1,1
566,973,0.0009913488763524066,1,1
505,972,0.0009903300183088791,1,1
195,971,0.0009893111602653514,1,1
332,970,0.0009882923022218237,1,1
276,970,0.0009882923022218237,1,1
730,966,0.0009842168700477131,1,1
111,964,0.0009821791539606577,1,1
832,964,0.0009821791539606577,1,1
167,962,0.0009801414378736025,1,1
434,961,0.0009791225798300748,1,1
534,960,0.0009781037217865471,1,1
768,960,0.0009781037217865471,1,1
199,955,0.0009730094315689089,1,1
471,955,0.0009730094315689089,1,1
126,945,0.0009628208511336324,1,1
76,941,0.0009587454189595218,1,1
815,941,0.0009587454189595218,1,1
809,938,0.0009556888448289388,1,1
741,937,0.0009546699867854112,1,1
610,929,0.00094651912243719,1,1
256,928,0.0009455002643936623,1,1
636,928,0.0009455002643936623,1,1
436,926,0.000943462548306607,1,1
142,922,0.0009393871161324964,1,1
237,922,0.0009393871161324964,1,1
598,920,0.0009373494000454411,1,1
455,919,0.0009363305420019134,1,1
232,918,0.0009353116839583858,1,1
48,918,0.0009353116839583858,1,1
556,918,0.0009353116839583858,1,1
384,916,0.0009332739678713305,1,1
983,915,0.0009322551098278028,1,1
645,913,0.0009302173937407475,1,1
757,913,0.0009302173937407475,1,1
1242,907,0.0009241042454795816,1,1
1062,904,0.0009210476713489986,1,1
273,901,0.0009179910972184157,1,1
910,899,0.0009159533811313604,1,1
201,895,0.0009118779489572498,1,1
372,895,0.0009118779489572498,1,1
522,892,0.0009088213748266668,1,1
1059,891,0.0009078025167831392,1,1
217,888,0.0009047459426525561,1,1
1254,886,0.0009027082265655008,1,1
865,884,0.0009006705104784455,1,1
844,882,0.0008986327943913902,1,1
393,882,0.0008986327943913902,1,1
1713,878,0.0008945573622172796,1,1
703,877,0.0008935385041737519,1,1
1211,877,0.0008935385041737519,1,1
1119,876,0.0008925196461302243,1,1
536,874,0.000890481930043169,1,1
906,873,0.0008894630719996413,1,1
432,873,0.0008894630719996413,1,1
946,872,0.0008884442139561137,1,1
375,872,0.0008884442139561137,1,1
257,870,0.0008864064978690584,1,1
15,863,0.0008792744915643648,1,1
733,863,0.0008792744915643648,1,1
75,861,0.0008772367754773095,1,1
609,861,0.0008772367754773095,1,1
1015,859,0.0008751990593902542,1,1
1151,857,0.0008731613433031989,1,1
137,855,0.0008711236272161436,1,1
113,854,0.0008701047691726159,1,1
320,854,0.0008701047691726159,1,1
615,851,0.000867048195042033,1,1
1146,850,0.0008660293369985053,1,1
288,846,0.0008619539048243947,1,1
1309,845,0.0008609350467808671,1,1
841,840,0.0008558407565632288,1,1
930,836,0.0008517653243891182,1,1
373,836,0.0008517653243891182,1,1
53,836,0.0008517653243891182,1,1
942,833,0.0008487087502585352,1,1
1311,832,0.0008476898922150076,1,1
1349,832,0.0008476898922150076,1,1
901,830,0.0008456521761279523,1,1
418,825,0.000840557885910314,1,1
1196,824,0.0008395390278667864,1,1
626,823,0.0008385201698232587,1,1
147,819,0.0008344447376491481,1,1
770,819,0.0008344447376491481,1,1
466,817,0.0008324070215620928,1,1
216,817,0.0008324070215620928,1,1
691,816,0.0008313881635185651,1,1
518,814,0.0008293504474315098,1,1
719,811,0.0008262938733009269,1,1
912,810,0.0008252750152573992,1,1
401,808,0.0008232372991703439,1,1
1043,804,0.0008191618669962333,1,1
139,802,0.000817124150909178,1,1
1182,802,0.000817124150909178,1,1
427,799,0.000814067576778595,1,1
189,799,0.000814067576778595,1,1
94,798,0.0008130487187350674,1,1
138,798,0.0008130487187350674,1,1
763,798,0.0008130487187350674,1,1
1345,795,0.0008099921446044844,1,1
520,795,0.0008099921446044844,1,1
241,792,0.0008069355704739015,1,1
679,791,0.0008059167124303738,1,1
164,789,0.0008038789963433185,1,1
123,788,0.0008028601382997909,1,1
1121,788,0.0008028601382997909,1,1
84,788,0.0008028601382997909,1,1
1150,786,0.0008008224222127356,1,1
642,784,0.0007987847061256803,1,1
867,781,0.0007957281319950972,1,1
99,779,0.000793690415908042,1,1
866,778,0.0007926715578645142,1,1
528,774,0.0007885961256904036,1,1
1298,773,0.000787577267646876,1,1
70,772,0.0007865584096033483,1,1
1195,770,0.000784520693516293,1,1
861,768,0.0007824829774292377,1,1
716,767,0.0007814641193857101,1,1
755,767,0.0007814641193857101,1,1
95,766,0.0007804452613421824,1,1
920,765,0.0007794264032986548,1,1
766,764,0.0007784075452551271,1,1
350,763,0.0007773886872115995,1,1
110,763,0.0007773886872115995,1,1
576,761,0.0007753509711245442,1,1
1252,761,0.0007753509711245442,1,1
1099,758,0.0007722943969939612,1,1
729,756,0.0007702566809069059,1,1
1136,756,0.0007702566809069059,1,1
1241,755,0.0007692378228633782,1,1
830,753,0.0007672001067763229,1,1
415,752,0.0007661812487327953,1,1
490,751,0.0007651623906892676,0,1
9,750,0.00076414353264574,0,1
333,749,0.0007631246746022123,0,1
658,748,0.0007621058165586847,0,1
293,747,0.000761086958515157,0,1
213,746,0.0007600681004716294,0,1
652,745,0.0007590492424281017,0,1
462,744,0.0007580303843845741,0,1
727,742,0.0007559926682975188,0,1
1271,741,0.0007549738102539911,0,1
1587,739,0.0007529360941669358,0,1
800,738,0.0007519172361234082,0,1
721,737,0.0007508983780798805,0,1
543,737,0.0007508983780798805,0,1
799,736,0.0007498795200363528,0,1
923,736,0.0007498795200363528,0,1
926,735,0.0007488606619928252,0,1
1002,732,0.0007458040878622422,0,1
991,732,0.0007458040878622422,0,1
483,731,0.0007447852298187146,0,1
1314,731,0.0007447852298187146,0,1
631,729,0.0007427475137316593,0,1
1042,728,0.0007417286556881316,0,1
376,725,0.0007386720815575487,0,1
1102,724,0.000737653223514021,0,1
1233,723,0.0007366343654704934,0,1
80,722,0.0007356155074269657,0,1
1546,721,0.0007345966493834381,0,1
205,721,0.0007345966493834381,0,1
1536,718,0.0007315400752528551,0,1
325,715,0.0007284835011222721,0,1
694,714,0.0007274646430787445,0,1
1302,713,0.0007264457850352168,0,1
227,712,0.0007254269269916892,0,1
796,711,0.0007244080689481615,0,1
667,710,0.0007233892109046339,0,1
657,710,0.0007233892109046339,0,1
292,709,0.0007223703528611062,0,1
557,708,0.0007213514948175786,0,1
592,708,0.0007213514948175786,0,1
295,707,0.0007203326367740509,0,1
718,705,0.0007182949206869956,0,1
526,705,0.0007182949206869956,0,1
1132,704,0.000717276062643468,0,1
171,703,0.0007162572045999403,0,1
445,700,0.0007132006304693574,0,1
521,698,0.0007111629143823021,0,1
1476,696,0.0007091251982952468,0,1
623,696,0.0007091251982952468,0,1
7,694,0.0007070874822081915,0,1
223,694,0.0007070874822081915,0,1
130,691,0.0007040309080776085,0,1
1186,690,0.0007030120500340808,0,1
574,690,0.0007030120500340808,0,1
417,690,0.0007030120500340808,0,1
1286,689,0.0007019931919905532,0,1
840,688,0.0007009743339470255,0,1
492,687,0.0006999554759034979,0,1
862,686,0.0006989366178599702,0,1
863,685,0.0006979177598164426,0,1
1518,684,0.0006968989017729149,0,1
502,684,0.0006968989017729149,0,1
183,681,0.000693842327642332,0,1
1039,680,0.0006928234695988043,0,1
1530,680,0.0006928234695988043,0,1
524,679,0.0006918046115552767,0,1
73,676,0.0006887480374246936,0,1
329,673,0.0006856914632941107,0,1
19,673,0.0006856914632941107,0,1
112,672,0.000684672605250583,0,1
180,672,0.000684672605250583,0,1
872,672,0.000684672605250583,0,1
746,671,0.0006836537472070553,0,1
829,671,0.0006836537472070553,0,1
364,670,0.0006826348891635277,0,1
89,669,0.00068161603112,0,1
2009,668,0.0006805971730764724,0,1
420,668,0.0006805971730764724,0,1
591,666,0.0006785594569894171,0,1
676,665,0.0006775405989458894,0,1
640,664,0.0006765217409023618,0,1
585,663,0.0006755028828588341,0,1
88,662,0.0006744840248153065,0,1
565,662,0.0006744840248153065,0,1
586,661,0.0006734651667717788,0,1
891,659,0.0006714274506847235,0,1
940,658,0.0006704085926411959,0,1
326,657,0.0006693897345976682,0,1
1731,656,0.0006683708765541406,0,1
567,655,0.0006673520185106129,0,1
1432,655,0.0006673520185106129,0,1
275,655,0.0006673520185106129,0,1
597,655,0.0006673520185106129,0,1
732,655,0.0006673520185106129,0,1
370,653,0.0006653143024235576,0,1
794,651,0.0006632765863365023,0,1
496,649,0.000661238870249447,0,1
618,649,0.000661238870249447,0,1
30,647,0.0006592011541623917,0,1
795,646,0.000658182296118864,0,1
976,646,0.000658182296118864,0,1
950,642,0.0006541068639447534,0,1
1540,640,0.0006520691478576981,0,1
777,639,0.0006510502898141705,0,1
816,639,0.0006510502898141705,0,1
1155,639,0.0006510502898141705,0,1
31,637,0.0006490125737271152,0,1
43,637,0.0006490125737271152,0,1
1004,636,0.0006479937156835875,0,1
1675,635,0.0006469748576400599,0,1
881,634,0.0006459559995965322,0,1
607,632,0.0006439182835094769,0,1
108,632,0.0006439182835094769,0,1
507,631,0.0006428994254659493,0,1
877,630,0.0006418805674224216,0,1
131,630,0.0006418805674224216,0,1
1071,627,0.0006388239932918386,0,1
857,625,0.0006367862772047833,0,1
874,625,0.0006367862772047833,0,1
696,625,0.0006367862772047833,0,1
144,624,0.0006357674191612557,0,1
3,624,0.0006357674191612557,0,1
904,622,0.0006337297030742004,0,1
1457,621,0.0006327108450306727,0,1
475,621,0.0006327108450306727,0,1
882,620,0.0006316919869871451,0,1
92,618,0.0006296542709000898,0,1
965,618,0.0006296542709000898,0,1
922,617,0.0006286354128565621,0,1
360,617,0.0006286354128565621,0,1
837,617,0.0006286354128565621,0,1
1106,617,0.0006286354128565621,0,1
426,617,0.0006286354128565621,0,1
1012,616,0.0006276165548130345,0,1
313,616,0.0006276165548130345,0,1
1652,612,0.0006235411226389239,0,1
1001,612,0.0006235411226389239,0,1
259,612,0.0006235411226389239,0,1
312,611,0.0006225222645953962,0,1
289,609,0.0006204845485083409,0,1
886,609,0.0006204845485083409,0,1
909,609,0.0006204845485083409,0,1
1093,609,0.0006204845485083409,0,1
826,608,0.0006194656904648132,0,1
1366,607,0.0006184468324212856,0,1
1210,607,0.0006184468324212856,0,1
848,606,0.0006174279743777579,0,1
188,606,0.0006174279743777579,0,1
358,603,0.000614371400247175,0,1
717,602,0.0006133525422036473,0,1
1134,602,0.0006133525422036473,0,1
239,601,0.0006123336841601197,0,1
971,597,0.0006082582519860091,0,1
1085,594,0.0006052016778554261,0,1
1424,593,0.0006041828198118985,0,1
563,589,0.0006001073876377879,0,1
594,587,0.0005980696715507325,0,1
731,587,0.0005980696715507325,0,1
613,586,0.0005970508135072049,0,1
937,586,0.0005970508135072049,0,1
150,584,0.0005950130974201496,0,1
632,582,0.0005929753813330943,0,1
517,582,0.0005929753813330943,0,1
624,582,0.0005929753813330943,0,1
1332,581,0.0005919565232895666,0,1
18,581,0.0005919565232895666,0,1
501,580,0.000590937665246039,0,1
83,580,0.000590937665246039,0,1
523,579,0.0005899188072025113,0,1
924,576,0.0005868622330719284,0,1
1259,576,0.0005868622330719284,0,1
724,573,0.0005838056589413453,0,1
38,573,0.0005838056589413453,0,1
220,573,0.0005838056589413453,0,1
1281,573,0.0005838056589413453,0,1
838,572,0.0005827868008978178,0,1
388,570,0.0005807490848107624,0,1
230,570,0.0005807490848107624,0,1
656,569,0.0005797302267672347,0,1
858,567,0.0005776925106801794,0,1
1227,566,0.0005766736526366517,0,1
367,564,0.0005746359365495964,0,1
772,563,0.0005736170785060688,0,1
1089,563,0.0005736170785060688,0,1
1163,561,0.0005715793624190135,0,1
595,560,0.0005705605043754858,0,1
616,559,0.0005695416463319582,0,1
132,559,0.0005695416463319582,0,1
47,558,0.0005685227882884305,0,1
888,558,0.0005685227882884305,0,1
1047,557,0.0005675039302449029,0,1
1231,557,0.0005675039302449029,0,1
1191,557,0.0005675039302449029,0,1
850,556,0.0005664850722013752,0,1
78,555,0.0005654662141578476,0,1
509,555,0.0005654662141578476,0,1
1630,555,0.0005654662141578476,0,1
412,554,0.0005644473561143199,0,1
1185,554,0.0005644473561143199,0,1
1024,552,0.0005624096400272646,0,1
440,552,0.0005624096400272646,0,1
328,550,0.0005603719239402093,0,1
1342,550,0.0005603719239402093,0,1
485,549,0.0005593530658966817,0,1
674,549,0.0005593530658966817,0,1
197,549,0.0005593530658966817,0,1
116,548,0.000558334207853154,0,1
1112,547,0.0005573153498096264,0,1
449,546,0.0005562964917660987,0,1
1260,545,0.000555277633722571,0,1
754,545,0.000555277633722571,0,1
870,544,0.0005542587756790434,0,1
879,544,0.0005542587756790434,0,1
1217,544,0.0005542587756790434,0,1
1238,543,0.0005532399176355157,0,1
193,542,0.0005522210595919881,0,1
702,541,0.0005512022015484604,0,1
1406,541,0.0005512022015484604,0,1
1158,540,0.0005501833435049328,0,1
54,539,0.0005491644854614051,0,1
1277,539,0.0005491644854614051,0,1
174,539,0.0005491644854614051,0,1
410,537,0.0005471267693743498,0,1
955,537,0.0005471267693743498,0,1
961,536,0.0005461079113308222,0,1
145,536,0.0005461079113308222,0,1
843,535,0.0005450890532872945,0,1
705,535,0.0005450890532872945,0,1
1347,535,0.0005450890532872945,0,1
578,534,0.0005440701952437669,0,1
994,531,0.0005410136211131839,0,1
684,531,0.0005410136211131839,0,1
801,531,0.0005410136211131839,0,1
917,530,0.0005399947630696563,0,1
400,529,0.0005389759050261286,0,1
784,528,0.000537957046982601,0,1
569,527,0.0005369381889390733,0,1
1265,523,0.0005328627567649627,0,1
687,522,0.000531843898721435,0,1
194,521,0.0005308250406779074,0,1
933,521,0.0005308250406779074,0,1
297,518,0.0005277684665473244,0,1
683,517,0.0005267496085037968,0,1
102,516,0.0005257307504602691,0,1
2,514,0.0005236930343732138,0,1
854,514,0.0005236930343732138,0,1
804,513,0.0005226741763296862,0,1
324,511,0.0005206364602426309,0,1
160,511,0.0005206364602426309,0,1
697,510,0.0005196176021991032,0,1
209,510,0.0005196176021991032,0,1
554,510,0.0005196176021991032,0,1
693,510,0.0005196176021991032,0,1
1232,509,0.0005185987441555756,0,1
269,509,0.0005185987441555756,0,1
1305,508,0.0005175798861120479,0,1
1199,508,0.0005175798861120479,0,1
689,507,0.0005165610280685203,0,1
531,505,0.000514523311981465,0,1
1692,505,0.000514523311981465,0,1
761,505,0.000514523311981465,0,1
869,504,0.0005135044539379373,0,1
1177,504,0.0005135044539379373,0,1
285,504,0.0005135044539379373,0,1
1369,504,0.0005135044539379373,0,1
1243,503,0.0005124855958944096,0,1
100,501,0.0005104478798073543,0,1
633,501,0.0005104478798073543,0,1
424,500,0.0005094290217638267,0,1
1065,500,0.0005094290217638267,0,1
664,499,0.000508410163720299,0,1
454,498,0.0005073913056767714,0,1
1273,498,0.0005073913056767714,0,1
1103,496,0.0005053535895897161,0,1
413,496,0.0005053535895897161,0,1
581,495,0.0005043347315461884,0,1
1559,493,0.0005022970154591331,0,1
447,493,0.0005022970154591331,0,1
1724,492,0.0005012781574156055,0,1
1064,492,0.0005012781574156055,0,1
74,490,0.0004992404413285502,0,1
589,489,0.0004982215832850225,0,1
179,488,0.0004972027252414949,0,1
1727,487,0.0004961838671979672,0,1
96,486,0.0004951650091544396,0,1
136,486,0.0004951650091544396,0,1
489,483,0.0004921084350238566,0,1
1070,482,0.0004910895769803289,0,1
277,482,0.0004910895769803289,0,1
35,481,0.0004900707189368013,0,1
1394,481,0.0004900707189368013,0,1
202,480,0.0004890518608932736,0,1
338,480,0.0004890518608932736,0,1
899,480,0.0004890518608932736,0,1
918,479,0.00048803300284974596,0,1
1005,478,0.0004870141448062183,0,1
682,477,0.00048599528676269066,0,1
406,476,0.000484976428719163,0,1
349,476,0.000484976428719163,0,1
1451,475,0.00048395757067563536,0,1
1493,474,0.0004829387126321077,0,1
419,474,0.0004829387126321077,0,1
859,473,0.00048191985458858,0,1
465,472,0.00048090099654505235,0,1
1489,472,0.00048090099654505235,0,1
480,471,0.0004798821385015247,0,1
1104,470,0.00047886328045799705,0,1
1337,469,0.0004778444224144694,0,1
1284,469,0.0004778444224144694,0,1
911,469,0.0004778444224144694,0,1
511,469,0.0004778444224144694,0,1
1434,469,0.0004778444224144694,0,1
540,468,0.00047682556437094175,0,1
1334,468,0.00047682556437094175,0,1
980,468,0.00047682556437094175,0,1
1082,468,0.00047682556437094175,0,1
33,468,0.00047682556437094175,0,1
959,468,0.00047682556437094175,0,1
1164,467,0.0004758067063274141,0,1
464,467,0.0004758067063274141,0,1
1178,466,0.00047478784828388645,0,1
564,466,0.00047478784828388645,0,1
878,466,0.00047478784828388645,0,1
2089,466,0.00047478784828388645,0,1
366,466,0.00047478784828388645,0,1
969,465,0.0004737689902403588,0,1
481,465,0.0004737689902403588,0,1
704,464,0.00047275013219683114,0,1
1686,463,0.0004717312741533035,0,1
1450,462,0.00047071241610977584,0,1
503,460,0.00046867470002272054,0,1
1527,460,0.00046867470002272054,0,1
309,460,0.00046867470002272054,0,1
1000,459,0.0004676558419791929,0,1
1618,458,0.00046663698393566524,0,1
1008,458,0.00046663698393566524,0,1
158,457,0.0004656181258921376,0,1
122,456,0.00046459926784860994,0,1
1293,456,0.00046459926784860994,0,1
1203,456,0.00046459926784860994,0,1
1855,455,0.0004635804098050823,0,1
1156,455,0.0004635804098050823,0,1
1072,454,0.00046256155176155464,0,1
1353,453,0.000461542693718027,0,1
600,453,0.000461542693718027,0,1
181,451,0.00045950497763097163,0,1
2001,450,0.000458486119587444,0,1
341,450,0.000458486119587444,0,1
951,449,0.00045746726154391633,0,1
343,449,0.00045746726154391633,0,1
461,449,0.00045746726154391633,0,1
356,449,0.00045746726154391633,0,1
362,449,0.00045746726154391633,0,1
1656,449,0.00045746726154391633,0,1
1524,447,0.00045542954545686103,0,1
577,447,0.00045542954545686103,0,1
561,446,0.0004544106874133334,0,1
64,446,0.0004544106874133334,0,1
619,446,0.0004544106874133334,0,1
1454,446,0.0004544106874133334,0,1
1388,446,0.0004544106874133334,0,1
1180,446,0.0004544106874133334,0,1
141,446,0.0004544106874133334,0,1
192,444,0.0004523729713262781,0,1
468,444,0.0004523729713262781,0,1
1614,442,0.0004503352552392228,0,1
553,442,0.0004503352552392228,0,1
938,441,0.0004493163971956951,0,1
107,441,0.0004493163971956951,0,1
873,440,0.00044829753915216747,0,1
66,440,0.00044829753915216747,0,1
1050,440,0.00044829753915216747,0,1
1567,440,0.00044829753915216747,0,1
279,439,0.0004472786811086398,0,1
1272,439,0.0004472786811086398,0,1
2039,439,0.0004472786811086398,0,1
1212,438,0.00044625982306511217,0,1
1452,438,0.00044625982306511217,0,1
17,437,0.0004452409650215845,0,1
1500,436,0.00044422210697805687,0,1
57,435,0.0004432032489345292,0,1
1440,433,0.0004411655328474739,0,1
1663,433,0.0004411655328474739,0,1
1017,432,0.00044014667480394627,0,1
22,432,0.00044014667480394627,0,1
1504,431,0.00043912781676041856,0,1
1067,428,0.0004360712426298356,0,1
1214,428,0.0004360712426298356,0,1
261,427,0.00043505238458630796,0,1
1645,426,0.0004340335265427803,0,1
1096,426,0.0004340335265427803,0,1
1716,425,0.00043301466849925266,0,1
984,424,0.000431995810455725,0,1
1460,424,0.000431995810455725,0,1
919,423,0.00043097695241219735,0,1
747,423,0.00043097695241219735,0,1
32,422,0.0004299580943686697,0,1
1310,422,0.0004299580943686697,0,1
1468,421,0.00042893923632514205,0,1
1020,421,0.00042893923632514205,0,1
355,421,0.00042893923632514205,0,1
562,420,0.0004279203782816144,0,1
582,419,0.00042690152023808675,0,1
546,418,0.0004258826621945591,0,1
163,418,0.0004258826621945591,0,1
416,418,0.0004258826621945591,0,1
77,418,0.0004258826621945591,0,1
649,417,0.00042486380415103145,0,1
2315,416,0.0004238449461075038,0,1
1114,416,0.0004238449461075038,0,1
725,416,0.0004238449461075038,0,1
558,415,0.00042282608806397615,0,1
1382,415,0.00042282608806397615,0,1
1934,415,0.00042282608806397615,0,1
932,414,0.0004218072300204485,0,1
1301,414,0.0004218072300204485,0,1
1765,414,0.0004218072300204485,0,1
735,414,0.0004218072300204485,0,1
811,413,0.00042078837197692085,0,1
1483,413,0.00042078837197692085,0,1
880,413,0.00042078837197692085,0,1
380,412,0.0004197695139333932,0,1
1538,412,0.0004197695139333932,0,1
898,411,0.00041875065588986555,0,1
736,411,0.00041875065588986555,0,1
1166,410,0.00041773179784633784,0,1
1329,410,0.00041773179784633784,0,1
1605,409,0.0004167129398028102,0,1
552,407,0.0004146752237157549,0,1
1420,407,0.0004146752237157549,0,1
639,407,0.0004146752237157549,0,1
1455,406,0.00041365636567222724,0,1
688,405,0.0004126375076286996,0,1
294,405,0.0004126375076286996,0,1
1127,404,0.00041161864958517194,0,1
1886,403,0.0004105997915416443,0,1
728,403,0.0004105997915416443,0,1
1023,403,0.0004105997915416443,0,1
871,402,0.00040958093349811663,0,1
268,402,0.00040958093349811663,0,1
143,401,0.000408562075454589,0,1
1035,400,0.00040754321741106133,0,1
1131,400,0.00040754321741106133,0,1
365,399,0.0004065243593675337,0,1
62,398,0.00040550550132400603,0,1
666,398,0.00040550550132400603,0,1
895,397,0.0004044866432804784,0,1
1275,396,0.00040346778523695073,0,1
488,396,0.00040346778523695073,0,1
1586,396,0.00040346778523695073,0,1
1861,395,0.0004024489271934231,0,1
1279,395,0.0004024489271934231,0,1
1263,395,0.0004024489271934231,0,1
494,394,0.00040143006914989543,0,1
1073,394,0.00040143006914989543,0,1
1372,393,0.0004004112111063678,0,1
611,391,0.0003983734950193125,0,1
1676,390,0.0003973546369757848,0,1
1086,389,0.0003963357789322571,0,1
1688,389,0.0003963357789322571,0,1
668,389,0.0003963357789322571,0,1
533,389,0.0003963357789322571,0,1
2151,388,0.00039531692088872947,0,1
267,388,0.00039531692088872947,0,1
36,387,0.0003942980628452018,0,1
1088,387,0.0003942980628452018,0,1
2034,387,0.0003942980628452018,0,1
1634,386,0.00039327920480167417,0,1
1383,385,0.0003922603467581465,0,1
1671,385,0.0003922603467581465,0,1
1666,385,0.0003922603467581465,0,1
119,384,0.00039124148871461887,0,1
999,384,0.00039124148871461887,0,1
1348,383,0.0003902226306710912,0,1
1237,383,0.0003902226306710912,0,1
253,382,0.00038920377262756357,0,1
1031,382,0.00038920377262756357,0,1
482,382,0.00038920377262756357,0,1
1360,382,0.00038920377262756357,0,1
2137,381,0.0003881849145840359,0,1
359,381,0.0003881849145840359,0,1
699,381,0.0003881849145840359,0,1
584,380,0.00038716605654050826,0,1
669,380,0.00038716605654050826,0,1
1173,380,0.00038716605654050826,0,1
1219,380,0.00038716605654050826,0,1
1850,380,0.00038716605654050826,0,1
446,379,0.0003861471984969806,0,1
849,378,0.00038512834045345296,0,1
740,378,0.00038512834045345296,0,1
1249,377,0.0003841094824099253,0,1
1466,376,0.00038309062436639766,0,1
1113,376,0.00038309062436639766,0,1
989,376,0.00038309062436639766,0,1
463,375,0.00038207176632287,0,1
1965,375,0.00038207176632287,0,1
851,375,0.00038207176632287,0,1
1830,375,0.00038207176632287,0,1
13,375,0.00038207176632287,0,1
695,374,0.00038105290827934236,0,1
55,374,0.00038105290827934236,0,1
307,373,0.0003800340502358147,0,1
956,373,0.0003800340502358147,0,1
26,373,0.0003800340502358147,0,1
1251,372,0.00037901519219228706,0,1
1583,372,0.00037901519219228706,0,1
1081,372,0.00037901519219228706,0,1
1009,371,0.0003779963341487594,0,1
1477,371,0.0003779963341487594,0,1
773,371,0.0003779963341487594,0,1
1245,371,0.0003779963341487594,0,1
1798,370,0.00037697747610523176,0,1
1449,369,0.0003759586180617041,0,1
700,369,0.0003759586180617041,0,1
1578,368,0.0003749397600181764,0,1
1327,367,0.00037392090197464875,0,1
1532,366,0.0003729020439311211,0,1
1642,366,0.0003729020439311211,0,1
1268,366,0.0003729020439311211,0,1
1154,366,0.0003729020439311211,0,1
221,365,0.00037188318588759345,0,1
1276,365,0.00037188318588759345,0,1
1274,364,0.0003708643278440658,0,1
760,364,0.0003708643278440658,0,1
1304,364,0.0003708643278440658,0,1
1745,364,0.0003708643278440658,0,1
1068,364,0.0003708643278440658,0,1
936,364,0.0003708643278440658,0,1
1756,363,0.00036984546980053815,0,1
646,362,0.0003688266117570105,0,1
1356,361,0.00036780775371348285,0,1
1346,361,0.00036780775371348285,0,1
470,361,0.00036780775371348285,0,1
1028,360,0.0003667888956699552,0,1
1296,360,0.0003667888956699552,0,1
1597,360,0.0003667888956699552,0,1
395,360,0.0003667888956699552,0,1
1317,360,0.0003667888956699552,0,1
1255,359,0.00036577003762642754,0,1
198,359,0.00036577003762642754,0,1
484,359,0.00036577003762642754,0,1
1407,359,0.00036577003762642754,0,1
1846,358,0.0003647511795828999,0,1
1037,358,0.0003647511795828999,0,1
1055,358,0.0003647511795828999,0,1
602,357,0.00036373232153937224,0,1
1051,357,0.00036373232153937224,0,1
2028,357,0.00036373232153937224,0,1
1174,356,0.0003627134634958446,0,1
1419,355,0.00036169460545231694,0,1
1040,355,0.00036169460545231694,0,1
1054,355,0.00036169460545231694,0,1
2044,355,0.00036169460545231694,0,1
905,354,0.0003606757474087893,0,1
1593,354,0.0003606757474087893,0,1
701,353,0.00035965688936526164,0,1
1912,353,0.00035965688936526164,0,1
1712,353,0.00035965688936526164,0,1
1501,352,0.000358638031321734,0,1
1395,352,0.000358638031321734,0,1
1069,352,0.000358638031321734,0,1
72,352,0.000358638031321734,0,1
1235,352,0.000358638031321734,0,1
1038,351,0.00035761917327820634,0,1
473,351,0.00035761917327820634,0,1
572,351,0.00035761917327820634,0,1
173,351,0.00035761917327820634,0,1
1836,350,0.0003566003152346787,0,1
458,349,0.00035558145719115104,0,1
1397,349,0.00035558145719115104,0,1
2264,349,0.00035558145719115104,0,1
1867,349,0.00035558145719115104,0,1
1473,349,0.00035558145719115104,0,1
1115,349,0.00035558145719115104,0,1
1510,348,0.0003545625991476234,0,1
402,348,0.0003545625991476234,0,1
853,348,0.0003545625991476234,0,1
159,348,0.0003545625991476234,0,1
508,347,0.00035354374110409573,0,1
2233,347,0.00035354374110409573,0,1
56,347,0.00035354374110409573,0,1
1341,347,0.00035354374110409573,0,1
1138,346,0.00035252488306056803,0,1
1213,346,0.00035252488306056803,0,1
885,346,0.00035252488306056803,0,1
788,346,0.00035252488306056803,0,1
1665,345,0.0003515060250170404,0,1
448,345,0.0003515060250170404,0,1
1961,344,0.00035048716697351273,0,1
1313,343,0.0003494683089299851,0,1
1016,342,0.0003484494508864574,0,1
2338,342,0.0003484494508864574,0,1
1863,342,0.0003484494508864574,0,1
1384,342,0.0003484494508864574,0,1
460,341,0.0003474305928429298,0,1
1034,341,0.0003474305928429298,0,1
621,341,0.0003474305928429298,0,1
1167,340,0.0003464117347994021,0,1
1996,340,0.0003464117347994021,0,1
512,339,0.0003453928767558745,0,1
1169,339,0.0003453928767558745,0,1
2142,338,0.0003443740187123468,0,1
153,338,0.0003443740187123468,0,1
1650,338,0.0003443740187123468,0,1
1418,338,0.0003443740187123468,0,1
519,338,0.0003443740187123468,0,1
1762,338,0.0003443740187123468,0,1
25,337,0.00034335516066881917,0,1
1845,336,0.0003423363026252915,0,1
1209,336,0.0003423363026252915,0,1
1120,335,0.00034131744458176387,0,1
1092,335,0.00034131744458176387,0,1
1226,335,0.00034131744458176387,0,1
2156,335,0.00034131744458176387,0,1
743,335,0.00034131744458176387,0,1
1052,334,0.0003402985865382362,0,1
67,334,0.0003402985865382362,0,1
50,333,0.00033927972849470857,0,1
1802,333,0.00033927972849470857,0,1
305,333,0.00033927972849470857,0,1
2476,331,0.00033724201240765327,0,1
1095,329,0.00033520429632059797,0,1
1291,327,0.00033316658023354267,0,1
975,326,0.000332147722190015,0,1
453,326,0.000332147722190015,0,1
1025,326,0.000332147722190015,0,1
1854,326,0.000332147722190015,0,1
346,325,0.0003311288641464873,0,1
109,325,0.0003311288641464873,0,1
1585,325,0.0003311288641464873,0,1
82,324,0.00033011000610295966,0,1
1377,324,0.00033011000610295966,0,1
498,324,0.00033011000610295966,0,1
527,324,0.00033011000610295966,0,1
1591,323,0.000329091148059432,0,1
1157,323,0.000329091148059432,0,1
1579,322,0.00032807229001590436,0,1
764,321,0.0003270534319723767,0,1
1339,321,0.0003270534319723767,0,1
1718,321,0.0003270534319723767,0,1
1543,319,0.0003250157158853214,0,1
1264,318,0.00032399685784179375,0,1
698,318,0.00032399685784179375,0,1
378,318,0.00032399685784179375,0,1
935,318,0.00032399685784179375,0,1
927,317,0.0003229779997982661,0,1
1584,316,0.00032195914175473845,0,1
1193,316,0.00032195914175473845,0,1
2107,316,0.00032195914175473845,0,1
1517,316,0.00032195914175473845,0,1
1938,315,0.0003209402837112108,0,1
266,315,0.0003209402837112108,0,1
472,315,0.0003209402837112108,0,1
681,315,0.0003209402837112108,0,1
389,314,0.00031992142566768315,0,1
2231,314,0.00031992142566768315,0,1
846,314,0.00031992142566768315,0,1
1290,313,0.0003189025676241555,0,1
270,313,0.0003189025676241555,0,1
1842,313,0.0003189025676241555,0,1
1142,313,0.0003189025676241555,0,1
2223,313,0.0003189025676241555,0,1
1352,312,0.00031788370958062785,0,1
1564,312,0.00031788370958062785,0,1
335,312,0.00031788370958062785,0,1
1097,311,0.0003168648515371002,0,1
1084,311,0.0003168648515371002,0,1
469,310,0.00031584599349357255,0,1
778,309,0.0003148271354500449,0,1
1079,309,0.0003148271354500449,0,1
476,309,0.0003148271354500449,0,1
1835,308,0.00031380827740651725,0,1
835,307,0.0003127894193629896,0,1
2228,305,0.0003107517032759343,0,1
1152,305,0.0003107517032759343,0,1
2016,305,0.0003107517032759343,0,1
1669,305,0.0003107517032759343,0,1
1183,304,0.0003097328452324066,0,1
1571,304,0.0003097328452324066,0,1
352,303,0.00030871398718887894,0,1
1831,303,0.00030871398718887894,0,1
405,302,0.0003076951291453513,0,1
1080,301,0.00030667627110182364,0,1
282,301,0.00030667627110182364,0,1
1611,301,0.00030667627110182364,0,1
2663,301,0.00030667627110182364,0,1
1717,300,0.000305657413058296,0,1
833,300,0.000305657413058296,0,1
2125,300,0.000305657413058296,0,1
390,300,0.000305657413058296,0,1
1502,299,0.00030463855501476834,0,1
1475,299,0.00030463855501476834,0,1
1261,299,0.00030463855501476834,0,1
1596,298,0.0003036196969712407,0,1
2287,298,0.0003036196969712407,0,1
593,298,0.0003036196969712407,0,1
1498,298,0.0003036196969712407,0,1
875,298,0.0003036196969712407,0,1
1580,297,0.00030260083892771303,0,1
985,297,0.00030260083892771303,0,1
2064,297,0.00030260083892771303,0,1
1458,297,0.00030260083892771303,0,1
1629,297,0.00030260083892771303,0,1
583,297,0.00030260083892771303,0,1
1244,297,0.00030260083892771303,0,1
2484,296,0.0003015819808841854,0,1
605,296,0.0003015819808841854,0,1
893,296,0.0003015819808841854,0,1
651,295,0.00030056312284065773,0,1
1108,295,0.00030056312284065773,0,1
813,294,0.0002995442647971301,0,1
908,294,0.0002995442647971301,0,1
354,293,0.00029852540675360243,0,1
2037,293,0.00029852540675360243,0,1
825,292,0.0002975065487100748,0,1
301,292,0.0002975065487100748,0,1
628,292,0.0002975065487100748,0,1
2409,292,0.0002975065487100748,0,1
889,292,0.0002975065487100748,0,1
1404,292,0.0002975065487100748,0,1
1074,292,0.0002975065487100748,0,1
1030,291,0.00029648769066654713,0,1
1300,291,0.00029648769066654713,0,1
1667,291,0.00029648769066654713,0,1
1920,290,0.0002954688326230195,0,1
1364,290,0.0002954688326230195,0,1
357,290,0.0002954688326230195,0,1
1558,289,0.00029444997457949183,0,1
752,289,0.00029444997457949183,0,1
1266,288,0.0002934311165359642,0,1
2131,288,0.0002934311165359642,0,1
1222,288,0.0002934311165359642,0,1
545,288,0.0002934311165359642,0,1
1635,288,0.0002934311165359642,0,1
637,288,0.0002934311165359642,0,1
1172,287,0.0002924122584924365,0,1
1045,287,0.0002924122584924365,0,1
723,287,0.0002924122584924365,0,1
986,286,0.0002913934004489089,0,1
459,286,0.0002913934004489089,0,1
1725,286,0.0002913934004489089,0,1
1408,285,0.0002903745424053812,0,1
672,285,0.0002903745424053812,0,1
1427,285,0.0002903745424053812,0,1
467,283,0.00028833682631832587,0,1
2833,283,0.00028833682631832587,0,1
1077,283,0.00028833682631832587,0,1
807,283,0.00028833682631832587,0,1
1569,283,0.00028833682631832587,0,1
836,282,0.0002873179682747982,0,1
1335,282,0.0002873179682747982,0,1
1140,282,0.0002873179682747982,0,1
1486,282,0.0002873179682747982,0,1
614,282,0.0002873179682747982,0,1
1060,281,0.00028629911023127057,0,1
1402,281,0.00028629911023127057,0,1
1960,280,0.0002852802521877429,0,1
990,279,0.00028426139414421527,0,1
981,279,0.00028426139414421527,0,1
1011,278,0.0002832425361006876,0,1
711,278,0.0002832425361006876,0,1
1870,276,0.0002812048200136323,0,1
1723,276,0.0002812048200136323,0,1
2139,275,0.00028018596197010466,0,1
1094,275,0.00028018596197010466,0,1
1018,275,0.00028018596197010466,0,1
1674,275,0.00028018596197010466,0,1
1620,274,0.000279167103926577,0,1
1754,274,0.000279167103926577,0,1
1230,274,0.000279167103926577,0,1
629,274,0.000279167103926577,0,1
1083,273,0.00027814824588304936,0,1
2056,273,0.00027814824588304936,0,1
894,273,0.00027814824588304936,0,1
1901,273,0.00027814824588304936,0,1
1312,272,0.0002771293878395217,0,1
1808,272,0.0002771293878395217,0,1
1554,272,0.0002771293878395217,0,1
1521,272,0.0002771293878395217,0,1
431,272,0.0002771293878395217,0,1
967,271,0.00027611052979599406,0,1
884,270,0.0002750916717524664,0,1
1982,270,0.0002750916717524664,0,1
1576,270,0.0002750916717524664,0,1
1632,270,0.0002750916717524664,0,1
1739,270,0.0002750916717524664,0,1
1010,270,0.0002750916717524664,0,1
820,270,0.0002750916717524664,0,1
1463,270,0.0002750916717524664,0,1
710,270,0.0002750916717524664,0,1
1924,268,0.0002730539556654111,0,1
916,268,0.0002730539556654111,0,1
852,267,0.00027203509762188346,0,1
1847,267,0.00027203509762188346,0,1
2549,267,0.00027203509762188346,0,1
1236,267,0.00027203509762188346,0,1
653,267,0.00027203509762188346,0,1
1659,267,0.00027203509762188346,0,1
1448,266,0.0002710162395783558,0,1
1386,266,0.0002710162395783558,0,1
1921,266,0.0002710162395783558,0,1
1773,266,0.0002710162395783558,0,1
392,266,0.0002710162395783558,0,1
958,265,0.00026999738153482816,0,1
737,265,0.00026999738153482816,0,1
1270,265,0.00026999738153482816,0,1
2467,265,0.00026999738153482816,0,1
707,265,0.00026999738153482816,0,1
398,264,0.0002689785234913005,0,1
722,264,0.0002689785234913005,0,1
1385,264,0.0002689785234913005,0,1
1673,263,0.00026795966544777285,0,1
430,263,0.00026795966544777285,0,1
792,263,0.00026795966544777285,0,1
1980,263,0.00026795966544777285,0,1
686,263,0.00026795966544777285,0,1
1704,262,0.00026694080740424515,0,1
1658,262,0.00026694080740424515,0,1
1139,261,0.0002659219493607175,0,1
1365,261,0.0002659219493607175,0,1
2133,261,0.0002659219493607175,0,1
1544,261,0.0002659219493607175,0,1
1417,261,0.0002659219493607175,0,1
1333,261,0.0002659219493607175,0,1
304,260,0.00026490309131718985,0,1
603,260,0.00026490309131718985,0,1
551,260,0.00026490309131718985,0,1
1469,260,0.00026490309131718985,0,1
1809,260,0.00026490309131718985,0,1
2055,260,0.00026490309131718985,0,1
1823,260,0.00026490309131718985,0,1
890,260,0.00026490309131718985,0,1
1898,259,0.0002638842332736622,0,1
845,259,0.0002638842332736622,0,1
499,259,0.0002638842332736622,0,1
1953,259,0.0002638842332736622,0,1
1624,259,0.0002638842332736622,0,1
797,259,0.0002638842332736622,0,1
1328,258,0.00026286537523013455,0,-1
1715,256,0.00026082765914307924,0,-1
104,256,0.00026082765914307924,0,-1
1613,256,0.00026082765914307924,0,-1
2092,255,0.0002598088010995516,0,-1
1026,255,0.0002598088010995516,0,-1
915,255,0.0002598088010995516,0,-1
902,255,0.0002598088010995516,0,-1
690,255,0.0002598088010995516,0,-1
1340,254,0.00025878994305602394,0,-1
1046,254,0.00025878994305602394,0,-1
1997,254,0.00025878994305602394,0,-1
2259,254,0.00025878994305602394,0,-1
369,254,0.00025878994305602394,0,-1
1063,253,0.0002577710850124963,0,-1
675,253,0.0002577710850124963,0,-1
280,253,0.0002577710850124963,0,-1
987,252,0.00025675222696896864,0,-1
1738,252,0.00025675222696896864,0,-1
2245,252,0.00025675222696896864,0,-1
1575,251,0.000255733368925441,0,-1
1838,251,0.000255733368925441,0,-1
2097,251,0.000255733368925441,0,-1
1640,251,0.000255733368925441,0,-1
1816,250,0.00025471451088191334,0,-1
1482,249,0.0002536956528383857,0,-1
2410,248,0.00025267679479485804,0,-1
876,248,0.00025267679479485804,0,-1
1918,248,0.00025267679479485804,0,-1
1175,248,0.00025267679479485804,0,-1
1664,248,0.00025267679479485804,0,-1
1636,246,0.00025063907870780274,0,-1
2625,246,0.00025063907870780274,0,-1
2031,245,0.0002496202206642751,0,-1
1711,245,0.0002496202206642751,0,-1
625,244,0.00024860136262074744,0,-1
1537,244,0.00024860136262074744,0,-1
1864,244,0.00024860136262074744,0,-1
1426,244,0.00024860136262074744,0,-1
570,243,0.0002475825045772198,0,-1
2374,243,0.0002475825045772198,0,-1
1223,242,0.00024656364653369213,0,-1
1367,242,0.00024656364653369213,0,-1
1609,242,0.00024656364653369213,0,-1
2348,242,0.00024656364653369213,0,-1
974,242,0.00024656364653369213,0,-1
1653,242,0.00024656364653369213,0,-1
1472,242,0.00024656364653369213,0,-1
1893,241,0.00024554478849016443,0,-1
1851,241,0.00024554478849016443,0,-1
1358,241,0.00024554478849016443,0,-1
1941,240,0.0002445259304466368,0,-1
240,240,0.0002445259304466368,0,-1
1599,240,0.0002445259304466368,0,-1
1368,240,0.0002445259304466368,0,-1
1285,239,0.00024350707240310915,0,-1
2482,239,0.00024350707240310915,0,-1
1985,238,0.0002424882143595815,0,-1
1691,238,0.0002424882143595815,0,-1
1218,238,0.0002424882143595815,0,-1
1810,238,0.0002424882143595815,0,-1
2569,238,0.0002424882143595815,0,-1
1989,238,0.0002424882143595815,0,-1
1282,237,0.00024146935631605385,0,-1
1878,237,0.00024146935631605385,0,-1
1508,237,0.00024146935631605385,0,-1
2198,237,0.00024146935631605385,0,-1
1287,236,0.00024045049827252618,0,-1
1541,236,0.00024045049827252618,0,-1
1525,236,0.00024045049827252618,0,-1
1122,236,0.00024045049827252618,0,-1
2671,235,0.00023943164022899852,0,-1
1828,235,0.00023943164022899852,0,-1
1655,235,0.00023943164022899852,0,-1
1143,235,0.00023943164022899852,0,-1
2294,235,0.00023943164022899852,0,-1
1387,235,0.00023943164022899852,0,-1
1914,234,0.00023841278218547087,0,-1
1325,234,0.00023841278218547087,0,-1
1197,234,0.00023841278218547087,0,-1
641,233,0.00023739392414194322,0,-1
1902,233,0.00023739392414194322,0,-1
1307,233,0.00023739392414194322,0,-1
2146,233,0.00023739392414194322,0,-1
949,232,0.00023637506609841557,0,-1
579,232,0.00023637506609841557,0,-1
2533,232,0.00023637506609841557,0,-1
1048,231,0.00023535620805488792,0,-1
2026,231,0.00023535620805488792,0,-1
1322,231,0.00023535620805488792,0,-1
2295,230,0.00023433735001136027,0,-1
824,230,0.00023433735001136027,0,-1
1412,230,0.00023433735001136027,0,-1
654,230,0.00023433735001136027,0,-1
2053,229,0.00023331849196783262,0,-1
1315,229,0.00023331849196783262,0,-1
1967,229,0.00023331849196783262,0,-1
2045,229,0.00023331849196783262,0,-1
441,229,0.00023331849196783262,0,-1
2211,228,0.00023229963392430497,0,-1
2227,228,0.00023229963392430497,0,-1
1683,228,0.00023229963392430497,0,-1
414,228,0.00023229963392430497,0,-1
2418,227,0.00023128077588077732,0,-1
1399,227,0.00023128077588077732,0,-1
1977,227,0.00023128077588077732,0,-1
1176,227,0.00023128077588077732,0,-1
1336,226,0.00023026191783724964,0,-1
1577,226,0.00023026191783724964,0,-1
1221,226,0.00023026191783724964,0,-1
1840,226,0.00023026191783724964,0,-1
1905,225,0.000229243059793722,0,-1
934,225,0.000229243059793722,0,-1
1877,225,0.000229243059793722,0,-1
2367,225,0.000229243059793722,0,-1
1361,224,0.00022822420175019434,0,-1
182,224,0.00022822420175019434,0,-1
1409,224,0.00022822420175019434,0,-1
1606,223,0.0002272053437066667,0,-1
2054,223,0.0002272053437066667,0,-1
673,222,0.00022618648566313904,0,-1
1795,222,0.00022618648566313904,0,-1
2254,222,0.00022618648566313904,0,-1
186,222,0.00022618648566313904,0,-1
1932,221,0.0002251676276196114,0,-1
2548,221,0.0002251676276196114,0,-1
1843,221,0.0002251676276196114,0,-1
2168,221,0.0002251676276196114,0,-1
442,220,0.00022414876957608374,0,-1
580,220,0.00022414876957608374,0,-1
1111,220,0.00022414876957608374,0,-1
968,220,0.00022414876957608374,0,-1
1547,220,0.00022414876957608374,0,-1
479,219,0.00022312991153255609,0,-1
671,219,0.00022312991153255609,0,-1
947,219,0.00022312991153255609,0,-1
1926,219,0.00022312991153255609,0,-1
1825,219,0.00022312991153255609,0,-1
762,218,0.00022211105348902843,0,-1
1443,218,0.00022211105348902843,0,-1
1858,218,0.00022211105348902843,0,-1
226,218,0.00022211105348902843,0,-1
1303,218,0.00022211105348902843,0,-1
2096,218,0.00022211105348902843,0,-1
1126,218,0.00022211105348902843,0,-1
394,217,0.00022109219544550078,0,-1
765,217,0.00022109219544550078,0,-1
302,217,0.00022109219544550078,0,-1
229,217,0.00022109219544550078,0,-1
1601,217,0.00022109219544550078,0,-1
2114,217,0.00022109219544550078,0,-1
2345,216,0.00022007333740197313,0,-1
914,216,0.00022007333740197313,0,-1
1190,216,0.00022007333740197313,0,-1
2719,216,0.00022007333740197313,0,-1
1595,216,0.00022007333740197313,0,-1
248,215,0.00021905447935844546,0,-1
71,215,0.00021905447935844546,0,-1
1625,215,0.00021905447935844546,0,-1
1497,215,0.00021905447935844546,0,-1
617,215,0.00021905447935844546,0,-1
1100,214,0.0002180356213149178,0,-1
2147,214,0.0002180356213149178,0,-1
883,214,0.0002180356213149178,0,-1
2040,214,0.0002180356213149178,0,-1
1129,214,0.0002180356213149178,0,-1
1790,214,0.0002180356213149178,0,-1
1812,213,0.00021701676327139015,0,-1
1565,213,0.00021701676327139015,0,-1
1323,213,0.00021701676327139015,0,-1
2173,213,0.00021701676327139015,0,-1
1021,213,0.00021701676327139015,0,-1
2213,212,0.0002159979052278625,0,-1
812,212,0.0002159979052278625,0,-1
2178,212,0.0002159979052278625,0,-1
1552,212,0.0002159979052278625,0,-1
774,211,0.00021497904718433485,0,-1
1834,211,0.00021497904718433485,0,-1
1784,211,0.00021497904718433485,0,-1
514,211,0.00021497904718433485,0,-1
1987,211,0.00021497904718433485,0,-1
1318,211,0.00021497904718433485,0,-1
1859,210,0.0002139601891408072,0,-1
1098,210,0.0002139601891408072,0,-1
1439,209,0.00021294133109727955,0,-1
1189,209,0.00021294133109727955,0,-1
622,209,0.00021294133109727955,0,-1
331,209,0.00021294133109727955,0,-1
1729,209,0.00021294133109727955,0,-1
1746,209,0.00021294133109727955,0,-1
931,209,0.00021294133109727955,0,-1
1320,209,0.00021294133109727955,0,-1
1240,209,0.00021294133109727955,0,-1
1381,208,0.0002119224730537519,0,-1
2041,208,0.0002119224730537519,0,-1
2229,207,0.00021090361501022425,0,-1
2528,207,0.00021090361501022425,0,-1
2091,207,0.00021090361501022425,0,-1
1839,206,0.0002098847569666966,0,-1
1955,206,0.0002098847569666966,0,-1
1948,205,0.00020886589892316892,0,-1
2545,205,0.00020886589892316892,0,-1
2322,205,0.00020886589892316892,0,-1
1401,205,0.00020886589892316892,0,-1
1930,205,0.00020886589892316892,0,-1
745,205,0.00020886589892316892,0,-1
408,205,0.00020886589892316892,0,-1
2218,205,0.00020886589892316892,0,-1
2875,204,0.00020784704087964127,0,-1
262,204,0.00020784704087964127,0,-1
1562,204,0.00020784704087964127,0,-1
1192,204,0.00020784704087964127,0,-1
709,203,0.00020682818283611362,0,-1
299,203,0.00020682818283611362,0,-1
2288,203,0.00020682818283611362,0,-1
1208,202,0.00020580932479258597,0,-1
1550,202,0.00020580932479258597,0,-1
571,202,0.00020580932479258597,0,-1
1651,202,0.00020580932479258597,0,-1
2403,202,0.00020580932479258597,0,-1
1869,201,0.00020479046674905832,0,-1
808,201,0.00020479046674905832,0,-1
781,201,0.00020479046674905832,0,-1
1495,201,0.00020479046674905832,0,-1
2561,200,0.00020377160870553067,0,-1
1087,200,0.00020377160870553067,0,-1
1563,200,0.00020377160870553067,0,-1
1058,199,0.00020275275066200302,0,-1
1694,199,0.00020275275066200302,0,-1
1560,199,0.00020275275066200302,0,-1
2100,199,0.00020275275066200302,0,-1
2424,198,0.00020173389261847537,0,-1
549,198,0.00020173389261847537,0,-1
1267,198,0.00020173389261847537,0,-1
1811,198,0.00020173389261847537,0,-1
1036,198,0.00020173389261847537,0,-1
308,198,0.00020173389261847537,0,-1
1744,197,0.00020071503457494771,0,-1
347,197,0.00020071503457494771,0,-1
1506,197,0.00020071503457494771,0,-1
787,197,0.00020071503457494771,0,-1
1416,197,0.00020071503457494771,0,-1
1234,197,0.00020071503457494771,0,-1
638,196,0.00019969617653142006,0,-1
769,196,0.00019969617653142006,0,-1
1319,196,0.00019969617653142006,0,-1
2049,196,0.00019969617653142006,0,-1
1492,196,0.00019969617653142006,0,-1
1125,195,0.0001986773184878924,0,-1
1602,195,0.0001986773184878924,0,-1
2018,195,0.0001986773184878924,0,-1
374,195,0.0001986773184878924,0,-1
1994,195,0.0001986773184878924,0,-1
827,195,0.0001986773184878924,0,-1
2281,195,0.0001986773184878924,0,-1
2153,195,0.0001986773184878924,0,-1
81,195,0.0001986773184878924,0,-1
2431,195,0.0001986773184878924,0,-1
1626,194,0.00019765846044436473,0,-1
2262,194,0.00019765846044436473,0,-1
1436,194,0.00019765846044436473,0,-1
775,194,0.00019765846044436473,0,-1
2518,194,0.00019765846044436473,0,-1
2517,194,0.00019765846044436473,0,-1
944,193,0.00019663960240083708,0,-1
822,193,0.00019663960240083708,0,-1
1998,193,0.00019663960240083708,0,-1
2237,193,0.00019663960240083708,0,-1
1976,193,0.00019663960240083708,0,-1
2113,192,0.00019562074435730943,0,-1
2323,192,0.00019562074435730943,0,-1
1733,192,0.00019562074435730943,0,-1
2128,192,0.00019562074435730943,0,-1
1927,192,0.00019562074435730943,0,-1
286,191,0.00019460188631378178,0,-1
1441,190,0.00019358302827025413,0,-1
1749,190,0.00019358302827025413,0,-1
1109,190,0.00019358302827025413,0,-1
2373,190,0.00019358302827025413,0,-1
1380,189,0.00019256417022672648,0,-1
1952,189,0.00019256417022672648,0,-1
1248,188,0.00019154531218319883,0,-1
823,188,0.00019154531218319883,0,-1
2640,188,0.00019154531218319883,0,-1
1516,188,0.00019154531218319883,0,-1
678,188,0.00019154531218319883,0,-1
680,188,0.00019154531218319883,0,-1
2017,188,0.00019154531218319883,0,-1
1262,188,0.00019154531218319883,0,-1
1090,187,0.00019052645413967118,0,-1
1181,187,0.00019052645413967118,0,-1
504,187,0.00019052645413967118,0,-1
2327,187,0.00019052645413967118,0,-1
310,187,0.00019052645413967118,0,-1
2429,187,0.00019052645413967118,0,-1
1204,186,0.00018950759609614353,0,-1
541,186,0.00018950759609614353,0,-1
1453,186,0.00018950759609614353,0,-1
2413,186,0.00018950759609614353,0,-1
1608,185,0.00018848873805261588,0,-1
1316,185,0.00018848873805261588,0,-1
2165,185,0.00018848873805261588,0,-1
2209,185,0.00018848873805261588,0,-1
1029,184,0.0001874698800090882,0,-1
660,183,0.00018645102196556055,0,-1
650,183,0.00018645102196556055,0,-1
12,183,0.00018645102196556055,0,-1
972,183,0.00018645102196556055,0,-1
2235,182,0.0001854321639220329,0,-1
998,182,0.0001854321639220329,0,-1
627,182,0.0001854321639220329,0,-1
1690,182,0.0001854321639220329,0,-1
1478,182,0.0001854321639220329,0,-1
1459,182,0.0001854321639220329,0,-1
864,181,0.00018441330587850525,0,-1
2347,181,0.00018441330587850525,0,-1
1681,181,0.00018441330587850525,0,-1
314,181,0.00018441330587850525,0,-1
2274,181,0.00018441330587850525,0,-1
2474,180,0.0001833944478349776,0,-1
2496,180,0.0001833944478349776,0,-1
381,180,0.0001833944478349776,0,-1
1022,180,0.0001833944478349776,0,-1
2023,180,0.0001833944478349776,0,-1
497,179,0.00018237558979144995,0,-1
828,179,0.00018237558979144995,0,-1
1865,179,0.00018237558979144995,0,-1
1631,179,0.00018237558979144995,0,-1
2328,178,0.0001813567317479223,0,-1
1644,178,0.0001813567317479223,0,-1
1737,178,0.0001813567317479223,0,-1
1471,178,0.0001813567317479223,0,-1
1581,178,0.0001813567317479223,0,-1
1556,178,0.0001813567317479223,0,-1
1462,178,0.0001813567317479223,0,-1
2494,177,0.00018033787370439464,0,-1
997,177,0.00018033787370439464,0,-1
1435,177,0.00018033787370439464,0,-1
1091,177,0.00018033787370439464,0,-1
456,177,0.00018033787370439464,0,-1
1874,176,0.000179319015660867,0,-1
1430,176,0.000179319015660867,0,-1
1940,176,0.000179319015660867,0,-1
1170,176,0.000179319015660867,0,-1
1722,175,0.00017830015761733934,0,-1
340,175,0.00017830015761733934,0,-1
1523,175,0.00017830015761733934,0,-1
1928,175,0.00017830015761733934,0,-1
2697,175,0.00017830015761733934,0,-1
2662,175,0.00017830015761733934,0,-1
2773,175,0.00017830015761733934,0,-1
2525,174,0.0001772812995738117,0,-1
993,174,0.0001772812995738117,0,-1
1964,174,0.0001772812995738117,0,-1
1027,174,0.0001772812995738117,0,-1
1014,174,0.0001772812995738117,0,-1
1228,174,0.0001772812995738117,0,-1
2250,174,0.0001772812995738117,0,-1
1990,173,0.00017626244153028401,0,-1
748,173,0.00017626244153028401,0,-1
1205,173,0.00017626244153028401,0,-1
444,173,0.00017626244153028401,0,-1
1188,173,0.00017626244153028401,0,-1
1903,173,0.00017626244153028401,0,-1
1519,173,0.00017626244153028401,0,-1
2822,173,0.00017626244153028401,0,-1
1707,172,0.00017524358348675636,0,-1
2591,172,0.00017524358348675636,0,-1
900,172,0.00017524358348675636,0,-1
1910,172,0.00017524358348675636,0,-1
1503,172,0.00017524358348675636,0,-1
2397,172,0.00017524358348675636,0,-1
2170,172,0.00017524358348675636,0,-1
2463,172,0.00017524358348675636,0,-1
1061,172,0.00017524358348675636,0,-1
842,171,0.0001742247254432287,0,-1
2411,171,0.0001742247254432287,0,-1
1461,171,0.0001742247254432287,0,-1
685,171,0.0001742247254432287,0,-1
1594,171,0.0001742247254432287,0,-1
2212,170,0.00017320586739970106,0,-1
2395,170,0.00017320586739970106,0,-1
251,170,0.00017320586739970106,0,-1
2120,169,0.0001721870093561734,0,-1
1709,169,0.0001721870093561734,0,-1
925,168,0.00017116815131264576,0,-1
2557,168,0.00017116815131264576,0,-1
1813,168,0.00017116815131264576,0,-1
2217,167,0.0001701492932691181,0,-1
1187,167,0.0001701492932691181,0,-1
423,167,0.0001701492932691181,0,-1
1207,167,0.0001701492932691181,0,-1
2381,167,0.0001701492932691181,0,-1
2047,167,0.0001701492932691181,0,-1
1246,166,0.00016913043522559046,0,-1
2562,166,0.00016913043522559046,0,-1
1837,166,0.00016913043522559046,0,-1
1841,166,0.00016913043522559046,0,-1
1971,166,0.00016913043522559046,0,-1
635,166,0.00016913043522559046,0,-1
1533,166,0.00016913043522559046,0,-1
1939,166,0.00016913043522559046,0,-1
1539,166,0.00016913043522559046,0,-1
1535,166,0.00016913043522559046,0,-1
1331,166,0.00016913043522559046,0,-1
661,166,0.00016913043522559046,0,-1
1145,165,0.0001681115771820628,0,-1
1844,165,0.0001681115771820628,0,-1
1916,165,0.0001681115771820628,0,-1
2157,165,0.0001681115771820628,0,-1
451,164,0.00016709271913853516,0,-1
1991,164,0.00016709271913853516,0,-1
573,164,0.00016709271913853516,0,-1
1574,164,0.00016709271913853516,0,-1
2236,164,0.00016709271913853516,0,-1
101,164,0.00016709271913853516,0,-1
1225,164,0.00016709271913853516,0,-1
1732,164,0.00016709271913853516,0,-1
1422,164,0.00016709271913853516,0,-1
1758,164,0.00016709271913853516,0,-1
1796,163,0.0001660738610950075,0,-1
1269,163,0.0001660738610950075,0,-1
2029,163,0.0001660738610950075,0,-1
1687,163,0.0001660738610950075,0,-1
2172,162,0.00016505500305147983,0,-1
1355,162,0.00016505500305147983,0,-1
1853,162,0.00016505500305147983,0,-1
1137,162,0.00016505500305147983,0,-1
2318,162,0.00016505500305147983,0,-1
2932,162,0.00016505500305147983,0,-1
1975,161,0.00016403614500795218,0,-1
790,161,0.00016403614500795218,0,-1
1660,161,0.00016403614500795218,0,-1
1375,161,0.00016403614500795218,0,-1
399,161,0.00016403614500795218,0,-1
1680,161,0.00016403614500795218,0,-1
1437,160,0.00016301728696442453,0,-1
2879,160,0.00016301728696442453,0,-1
2387,160,0.00016301728696442453,0,-1
1966,159,0.00016199842892089688,0,-1
1507,159,0.00016199842892089688,0,-1
1513,159,0.00016199842892089688,0,-1
2420,159,0.00016199842892089688,0,-1
2372,159,0.00016199842892089688,0,-1
2181,159,0.00016199842892089688,0,-1
457,158,0.00016097957087736923,0,-1
1959,158,0.00016097957087736923,0,-1
907,158,0.00016097957087736923,0,-1
1117,158,0.00016097957087736923,0,-1
233,158,0.00016097957087736923,0,-1
928,157,0.00015996071283384158,0,-1
2894,157,0.00015996071283384158,0,-1
1400,157,0.00015996071283384158,0,-1
1776,157,0.00015996071283384158,0,-1
478,157,0.00015996071283384158,0,-1
361,157,0.00015996071283384158,0,-1
2257,156,0.00015894185479031392,0,-1
2619,156,0.00015894185479031392,0,-1
2790,156,0.00015894185479031392,0,-1
2011,156,0.00015894185479031392,0,-1
166,155,0.00015792299674678627,0,-1
1956,155,0.00015792299674678627,0,-1
2503,155,0.00015792299674678627,0,-1
2062,155,0.00015792299674678627,0,-1
2666,155,0.00015792299674678627,0,-1
1915,155,0.00015792299674678627,0,-1
1215,155,0.00015792299674678627,0,-1
2057,154,0.00015690413870325862,0,-1
1678,154,0.00015690413870325862,0,-1
2065,154,0.00015690413870325862,0,-1
655,154,0.00015690413870325862,0,-1
1661,154,0.00015690413870325862,0,-1
1769,154,0.00015690413870325862,0,-1
2002,154,0.00015690413870325862,0,-1
2487,153,0.00015588528065973097,0,-1
2507,153,0.00015588528065973097,0,-1
1343,153,0.00015588528065973097,0,-1
2361,153,0.00015588528065973097,0,-1
2063,153,0.00015588528065973097,0,-1
1534,153,0.00015588528065973097,0,-1
2134,152,0.0001548664226162033,0,-1
2099,152,0.0001548664226162033,0,-1
2534,152,0.0001548664226162033,0,-1
409,152,0.0001548664226162033,0,-1
2124,152,0.0001548664226162033,0,-1
1391,152,0.0001548664226162033,0,-1
2078,151,0.00015384756457267564,0,-1
385,151,0.00015384756457267564,0,-1
782,151,0.00015384756457267564,0,-1
2246,151,0.00015384756457267564,0,-1
348,151,0.00015384756457267564,0,-1
1857,151,0.00015384756457267564,0,-1
491,151,0.00015384756457267564,0,-1
596,150,0.000152828706529148,0,-1
1135,150,0.000152828706529148,0,-1
315,150,0.000152828706529148,0,-1
2393,149,0.00015180984848562034,0,-1
1133,149,0.00015180984848562034,0,-1
1160,149,0.00015180984848562034,0,-1
1224,149,0.00015180984848562034,0,-1
2197,149,0.00015180984848562034,0,-1
1743,148,0.0001507909904420927,0,-1
254,147,0.00014977213239856504,0,-1
1697,147,0.00014977213239856504,0,-1
1728,147,0.00014977213239856504,0,-1
1446,147,0.00014977213239856504,0,-1
1890,147,0.00014977213239856504,0,-1
2159,146,0.0001487532743550374,0,-1
1603,146,0.0001487532743550374,0,-1
2603,146,0.0001487532743550374,0,-1
1619,146,0.0001487532743550374,0,-1
1392,146,0.0001487532743550374,0,-1
2841,146,0.0001487532743550374,0,-1
1649,146,0.0001487532743550374,0,-1
1338,145,0.00014773441631150974,0,-1
2013,145,0.00014773441631150974,0,-1
2226,145,0.00014773441631150974,0,-1
1566,145,0.00014773441631150974,0,-1
1771,145,0.00014773441631150974,0,-1
1604,144,0.0001467155582679821,0,-1
2115,144,0.0001467155582679821,0,-1
1643,144,0.0001467155582679821,0,-1
1908,144,0.0001467155582679821,0,-1
537,144,0.0001467155582679821,0,-1
2202,143,0.00014569670022445444,0,-1
929,143,0.00014569670022445444,0,-1
1984,143,0.00014569670022445444,0,-1
1696,143,0.00014569670022445444,0,-1
1512,143,0.00014569670022445444,0,-1
1561,143,0.00014569670022445444,0,-1
1480,143,0.00014569670022445444,0,-1
2129,143,0.00014569670022445444,0,-1
780,142,0.0001446778421809268,0,-1
2371,142,0.0001446778421809268,0,-1
155,142,0.0001446778421809268,0,-1
2036,142,0.0001446778421809268,0,-1
250,142,0.0001446778421809268,0,-1
1701,142,0.0001446778421809268,0,-1
249,141,0.0001436589841373991,0,-1
2785,141,0.0001436589841373991,0,-1
1165,141,0.0001436589841373991,0,-1
1153,141,0.0001436589841373991,0,-1
1833,141,0.0001436589841373991,0,-1
1220,141,0.0001436589841373991,0,-1
1297,141,0.0001436589841373991,0,-1
2437,141,0.0001436589841373991,0,-1
2869,141,0.0001436589841373991,0,-1
1057,141,0.0001436589841373991,0,-1
1396,140,0.00014264012609387146,0,-1
1639,140,0.00014264012609387146,0,-1
1600,140,0.00014264012609387146,0,-1
1970,140,0.00014264012609387146,0,-1
2080,140,0.00014264012609387146,0,-1
855,140,0.00014264012609387146,0,-1
2735,139,0.0001416212680503438,0,-1
1354,139,0.0001416212680503438,0,-1
1919,139,0.0001416212680503438,0,-1
1968,139,0.0001416212680503438,0,-1
2544,139,0.0001416212680503438,0,-1
1986,139,0.0001416212680503438,0,-1
1944,139,0.0001416212680503438,0,-1
2737,139,0.0001416212680503438,0,-1
1351,139,0.0001416212680503438,0,-1
2205,139,0.0001416212680503438,0,-1
952,139,0.0001416212680503438,0,-1
1423,139,0.0001416212680503438,0,-1
1615,138,0.00014060241000681616,0,-1
1849,138,0.00014060241000681616,0,-1
246,138,0.00014060241000681616,0,-1
957,138,0.00014060241000681616,0,-1
2185,137,0.0001395835519632885,0,-1
2144,137,0.0001395835519632885,0,-1
3020,137,0.0001395835519632885,0,-1
2495,136,0.00013856469391976086,0,-1
2070,136,0.00013856469391976086,0,-1
1496,136,0.00013856469391976086,0,-1
608,136,0.00013856469391976086,0,-1
1698,136,0.00013856469391976086,0,-1
272,136,0.00013856469391976086,0,-1
2136,136,0.00013856469391976086,0,-1
953,135,0.0001375458358762332,0,-1
1344,135,0.0001375458358762332,0,-1
1768,135,0.0001375458358762332,0,-1
1438,135,0.0001375458358762332,0,-1
1929,135,0.0001375458358762332,0,-1
1752,135,0.0001375458358762332,0,-1
1748,135,0.0001375458358762332,0,-1
37,135,0.0001375458358762332,0,-1
2067,135,0.0001375458358762332,0,-1
2015,134,0.00013652697783270555,0,-1
1374,134,0.00013652697783270555,0,-1
1710,134,0.00013652697783270555,0,-1
1292,134,0.00013652697783270555,0,-1
2680,134,0.00013652697783270555,0,-1
1881,134,0.00013652697783270555,0,-1
1589,133,0.0001355081197891779,0,-1
1679,133,0.0001355081197891779,0,-1
962,133,0.0001355081197891779,0,-1
1306,133,0.0001355081197891779,0,-1
379,133,0.0001355081197891779,0,-1
1141,133,0.0001355081197891779,0,-1
1973,132,0.00013448926174565025,0,-1
2012,132,0.00013448926174565025,0,-1
1373,132,0.00013448926174565025,0,-1
2201,132,0.00013448926174565025,0,-1
2646,132,0.00013448926174565025,0,-1
2230,132,0.00013448926174565025,0,-1
948,132,0.00013448926174565025,0,-1
1852,132,0.00013448926174565025,0,-1
2006,132,0.00013448926174565025,0,-1
2460,131,0.00013347040370212257,0,-1
1288,131,0.00013347040370212257,0,-1
1896,131,0.00013347040370212257,0,-1
1616,131,0.00013347040370212257,0,-1
1056,130,0.00013245154565859492,0,-1
2284,130,0.00013245154565859492,0,-1
1444,130,0.00013245154565859492,0,-1
1003,130,0.00013245154565859492,0,-1
819,130,0.00013245154565859492,0,-1
2459,129,0.00013143268761506727,0,-1
1479,129,0.00013143268761506727,0,-1
2543,129,0.00013143268761506727,0,-1
2441,129,0.00013143268761506727,0,-1
2182,129,0.00013143268761506727,0,-1
2289,129,0.00013143268761506727,0,-1
1200,129,0.00013143268761506727,0,-1
1484,128,0.00013041382957153962,0,-1
2268,128,0.00013041382957153962,0,-1
1258,128,0.00013041382957153962,0,-1
2300,128,0.00013041382957153962,0,-1
1826,128,0.00013041382957153962,0,-1
1250,128,0.00013041382957153962,0,-1
2651,128,0.00013041382957153962,0,-1
1041,128,0.00013041382957153962,0,-1
2428,128,0.00013041382957153962,0,-1
2380,128,0.00013041382957153962,0,-1
1390,128,0.00013041382957153962,0,-1
2344,128,0.00013041382957153962,0,-1
2883,127,0.00012939497152801197,0,-1
1147,127,0.00012939497152801197,0,-1
2926,127,0.00012939497152801197,0,-1
1638,127,0.00012939497152801197,0,-1
1693,126,0.00012837611348448432,0,-1
2317,126,0.00012837611348448432,0,-1
1735,126,0.00012837611348448432,0,-1
1670,126,0.00012837611348448432,0,-1
1925,126,0.00012837611348448432,0,-1
1757,126,0.00012837611348448432,0,-1
1860,126,0.00012837611348448432,0,-1
1324,126,0.00012837611348448432,0,-1
2855,126,0.00012837611348448432,0,-1
1969,125,0.00012735725544095667,0,-1
2384,125,0.00012735725544095667,0,-1
1750,125,0.00012735725544095667,0,-1
1917,125,0.00012735725544095667,0,-1
758,125,0.00012735725544095667,0,-1
2339,124,0.00012633839739742902,0,-1
1548,124,0.00012633839739742902,0,-1
779,124,0.00012633839739742902,0,-1
1791,124,0.00012633839739742902,0,-1
2629,123,0.00012531953935390137,0,-1
2617,123,0.00012531953935390137,0,-1
2219,123,0.00012531953935390137,0,-1
1882,123,0.00012531953935390137,0,-1
2069,123,0.00012531953935390137,0,-1
2163,122,0.00012430068131037372,0,-1
1736,122,0.00012430068131037372,0,-1
2775,122,0.00012430068131037372,0,-1
404,122,0.00012430068131037372,0,-1
224,122,0.00012430068131037372,0,-1
2510,122,0.00012430068131037372,0,-1
2880,121,0.00012328182326684607,0,-1
2087,121,0.00012328182326684607,0,-1
2770,121,0.00012328182326684607,0,-1
2059,121,0.00012328182326684607,0,-1
1379,121,0.00012328182326684607,0,-1
1682,120,0.0001222629652233184,0,-1
1522,120,0.0001222629652233184,0,-1
1429,120,0.0001222629652233184,0,-1
2180,120,0.0001222629652233184,0,-1
1770,120,0.0001222629652233184,0,-1
821,120,0.0001222629652233184,0,-1
1350,120,0.0001222629652233184,0,-1
708,119,0.00012124410717979075,0,-1
403,119,0.00012124410717979075,0,-1
1415,119,0.00012124410717979075,0,-1
2610,119,0.00012124410717979075,0,-1
2336,119,0.00012124410717979075,0,-1
1993,119,0.00012124410717979075,0,-1
2270,118,0.00012022524913626309,0,-1
806,118,0.00012022524913626309,0,-1
2485,118,0.00012022524913626309,0,-1
1856,118,0.00012022524913626309,0,-1
2103,118,0.00012022524913626309,0,-1
575,118,0.00012022524913626309,0,-1
1721,117,0.00011920639109273544,0,-1
2324,117,0.00011920639109273544,0,-1
1570,117,0.00011920639109273544,0,-1
939,117,0.00011920639109273544,0,-1
943,117,0.00011920639109273544,0,-1
2200,117,0.00011920639109273544,0,-1
2622,117,0.00011920639109273544,0,-1
2014,117,0.00011920639109273544,0,-1
422,117,0.00011920639109273544,0,-1
2329,117,0.00011920639109273544,0,-1
2312,116,0.00011818753304920779,0,-1
1371,116,0.00011818753304920779,0,-1
1885,116,0.00011818753304920779,0,-1
2265,116,0.00011818753304920779,0,-1
2332,116,0.00011818753304920779,0,-1
1280,116,0.00011818753304920779,0,-1
1488,116,0.00011818753304920779,0,-1
2004,116,0.00011818753304920779,0,-1
1708,115,0.00011716867500568014,0,-1
1875,115,0.00011716867500568014,0,-1
2633,115,0.00011716867500568014,0,-1
921,115,0.00011716867500568014,0,-1
2947,114,0.00011614981696215248,0,-1
1814,114,0.00011614981696215248,0,-1
1647,114,0.00011614981696215248,0,-1
2509,114,0.00011614981696215248,0,-1
1740,114,0.00011614981696215248,0,-1
1464,114,0.00011614981696215248,0,-1
913,113,0.00011513095891862482,0,-1
2143,113,0.00011513095891862482,0,-1
1767,113,0.00011513095891862482,0,-1
887,113,0.00011513095891862482,0,-1
2962,113,0.00011513095891862482,0,-1
1962,113,0.00011513095891862482,0,-1
903,112,0.00011411210087509717,0,-1
2154,112,0.00011411210087509717,0,-1
236,112,0.00011411210087509717,0,-1
1184,112,0.00011411210087509717,0,-1
2530,112,0.00011411210087509717,0,-1
2075,111,0.00011309324283156952,0,-1
1751,111,0.00011309324283156952,0,-1
2360,111,0.00011309324283156952,0,-1
2122,111,0.00011309324283156952,0,-1
2313,111,0.00011309324283156952,0,-1
2643,111,0.00011309324283156952,0,-1
2388,111,0.00011309324283156952,0,-1
1815,111,0.00011309324283156952,0,-1
2694,110,0.00011207438478804187,0,-1
2280,110,0.00011207438478804187,0,-1
1637,110,0.00011207438478804187,0,-1
2191,110,0.00011207438478804187,0,-1
2665,110,0.00011207438478804187,0,-1
2132,110,0.00011207438478804187,0,-1
2516,109,0.00011105552674451422,0,-1
2260,109,0.00011105552674451422,0,-1
945,109,0.00011105552674451422,0,-1
1871,109,0.00011105552674451422,0,-1
255,108,0.00011003666870098657,0,-1
1075,108,0.00011003666870098657,0,-1
2944,108,0.00011003666870098657,0,-1
2383,108,0.00011003666870098657,0,-1
2616,108,0.00011003666870098657,0,-1
1389,107,0.0001090178106574589,0,-1
2084,107,0.0001090178106574589,0,-1
970,107,0.0001090178106574589,0,-1
1695,107,0.0001090178106574589,0,-1
2076,107,0.0001090178106574589,0,-1
2118,106,0.00010799895261393125,0,-1
2514,106,0.00010799895261393125,0,-1
1821,106,0.00010799895261393125,0,-1
996,106,0.00010799895261393125,0,-1
1935,106,0.00010799895261393125,0,-1
2195,106,0.00010799895261393125,0,-1
599,106,0.00010799895261393125,0,-1
2093,106,0.00010799895261393125,0,-1
1904,106,0.00010799895261393125,0,-1
396,106,0.00010799895261393125,0,-1
1447,106,0.00010799895261393125,0,-1
2615,105,0.0001069800945704036,0,-1
1545,105,0.0001069800945704036,0,-1
263,105,0.0001069800945704036,0,-1
2038,105,0.0001069800945704036,0,-1
2461,105,0.0001069800945704036,0,-1
1144,105,0.0001069800945704036,0,-1
2626,105,0.0001069800945704036,0,-1
1253,105,0.0001069800945704036,0,-1
1308,104,0.00010596123652687595,0,-1
1888,104,0.00010596123652687595,0,-1
2234,104,0.00010596123652687595,0,-1
2162,104,0.00010596123652687595,0,-1
2468,103,0.0001049423784833483,0,-1
1705,103,0.0001049423784833483,0,-1
2024,103,0.0001049423784833483,0,-1
2746,103,0.0001049423784833483,0,-1
2119,103,0.0001049423784833483,0,-1
1719,103,0.0001049423784833483,0,-1
474,103,0.0001049423784833483,0,-1
225,102,0.00010392352043982063,0,-1
2308,102,0.00010392352043982063,0,-1
2522,102,0.00010392352043982063,0,-1
2309,102,0.00010392352043982063,0,-1
2283,102,0.00010392352043982063,0,-1
1734,102,0.00010392352043982063,0,-1
1822,102,0.00010392352043982063,0,-1
2636,102,0.00010392352043982063,0,-1
2365,102,0.00010392352043982063,0,-1
1179,101,0.00010290466239629298,0,-1
493,101,0.00010290466239629298,0,-1
1951,101,0.00010290466239629298,0,-1
2426,101,0.00010290466239629298,0,-1
3002,101,0.00010290466239629298,0,-1
1827,101,0.00010290466239629298,0,-1
1654,100,0.00010188580435276533,0,-1
2647,100,0.00010188580435276533,0,-1
2675,100,0.00010188580435276533,0,-1
1933,100,0.00010188580435276533,0,-1
1572,100,0.00010188580435276533,0,-1
2499,100,0.00010188580435276533,0,-1
2316,100,0.00010188580435276533,0,-1
1907,100,0.00010188580435276533,0,-1
1897,100,0.00010188580435276533,0,-1
2999,100,0.00010188580435276533,0,-1
1247,100,0.00010188580435276533,0,-1
1699,100,0.00010188580435276533,0,-1
2356,99,0.00010086694630923768,0,-1
242,99,0.00010086694630923768,0,-1
2854,99,0.00010086694630923768,0,-1
2793,99,0.00010086694630923768,0,-1
2141,99,0.00010086694630923768,0,-1
2761,99,0.00010086694630923768,0,-1
1066,99,0.00010086694630923768,0,-1
868,99,0.00010086694630923768,0,-1
2033,99,0.00010086694630923768,0,-1
1393,99,0.00010086694630923768,0,-1
2171,98,9.984808826571003e-05,0,-1
1474,98,9.984808826571003e-05,0,-1
2723,98,9.984808826571003e-05,0,-1
2086,98,9.984808826571003e-05,0,-1
2319,98,9.984808826571003e-05,0,-1
2941,98,9.984808826571003e-05,0,-1
2249,98,9.984808826571003e-05,0,-1
477,98,9.984808826571003e-05,0,-1
428,98,9.984808826571003e-05,0,-1
1954,98,9.984808826571003e-05,0,-1
1979,98,9.984808826571003e-05,0,-1
1700,98,9.984808826571003e-05,0,-1
2512,98,9.984808826571003e-05,0,-1
1931,97,9.882923022218237e-05,0,-1
1684,97,9.882923022218237e-05,0,-1
3093,97,9.882923022218237e-05,0,-1
2074,97,9.882923022218237e-05,0,-1
2342,96,9.781037217865472e-05,0,-1
2174,96,9.781037217865472e-05,0,-1
1702,96,9.781037217865472e-05,0,-1
1797,96,9.781037217865472e-05,0,-1
2311,96,9.781037217865472e-05,0,-1
2762,96,9.781037217865472e-05,0,-1
2535,96,9.781037217865472e-05,0,-1
1787,95,9.679151413512707e-05,0,-1
1818,95,9.679151413512707e-05,0,-1
2422,95,9.679151413512707e-05,0,-1
2244,95,9.679151413512707e-05,0,-1
2301,95,9.679151413512707e-05,0,-1
2903,95,9.679151413512707e-05,0,-1
1622,95,9.679151413512707e-05,0,-1
2203,94,9.577265609159942e-05,0,-1
2706,94,9.577265609159942e-05,0,-1
2956,94,9.577265609159942e-05,0,-1
2546,94,9.577265609159942e-05,0,-1
1720,94,9.577265609159942e-05,0,-1
963,94,9.577265609159942e-05,0,-1
2126,94,9.577265609159942e-05,0,-1
2414,94,9.577265609159942e-05,0,-1
2106,94,9.577265609159942e-05,0,-1
1485,93,9.475379804807176e-05,0,-1
2433,93,9.475379804807176e-05,0,-1
2207,93,9.475379804807176e-05,0,-1
2505,93,9.475379804807176e-05,0,-1
2094,93,9.475379804807176e-05,0,-1
1553,93,9.475379804807176e-05,0,-1
1900,93,9.475379804807176e-05,0,-1
2232,93,9.475379804807176e-05,0,-1
847,92,9.37349400045441e-05,0,-1
2081,92,9.37349400045441e-05,0,-1
2314,92,9.37349400045441e-05,0,-1
2382,92,9.37349400045441e-05,0,-1
1648,92,9.37349400045441e-05,0,-1
2386,92,9.37349400045441e-05,0,-1
191,92,9.37349400045441e-05,0,-1
2183,92,9.37349400045441e-05,0,-1
1983,92,9.37349400045441e-05,0,-1
235,92,9.37349400045441e-05,0,-1
2326,92,9.37349400045441e-05,0,-1
2782,91,9.271608196101645e-05,0,-1
2731,91,9.271608196101645e-05,0,-1
1894,91,9.271608196101645e-05,0,-1
290,91,9.271608196101645e-05,0,-1
2602,91,9.271608196101645e-05,0,-1
2221,91,9.271608196101645e-05,0,-1
2305,91,9.271608196101645e-05,0,-1
2333,91,9.271608196101645e-05,0,-1
2523,90,9.16972239174888e-05,0,-1
802,90,9.16972239174888e-05,0,-1
2377,90,9.16972239174888e-05,0,-1
2620,90,9.16972239174888e-05,0,-1
992,90,9.16972239174888e-05,0,-1
298,90,9.16972239174888e-05,0,-1
2829,90,9.16972239174888e-05,0,-1
2596,89,9.067836587396115e-05,0,-1
2095,89,9.067836587396115e-05,0,-1
2455,89,9.067836587396115e-05,0,-1
2558,89,9.067836587396115e-05,0,-1
1889,89,9.067836587396115e-05,0,-1
2363,89,9.067836587396115e-05,0,-1
1817,89,9.067836587396115e-05,0,-1
170,89,9.067836587396115e-05,0,-1
443,89,9.067836587396115e-05,0,-1
1879,89,9.067836587396115e-05,0,-1
2266,89,9.067836587396115e-05,0,-1
2000,89,9.067836587396115e-05,0,-1
2010,89,9.067836587396115e-05,0,-1
2293,89,9.067836587396115e-05,0,-1
1514,89,9.067836587396115e-05,0,-1
941,88,8.96595078304335e-05,0,-1
1646,88,8.96595078304335e-05,0,-1
2555,88,8.96595078304335e-05,0,-1
1783,88,8.96595078304335e-05,0,-1
2330,88,8.96595078304335e-05,0,-1
2196,88,8.96595078304335e-05,0,-1
2276,88,8.96595078304335e-05,0,-1
2297,88,8.96595078304335e-05,0,-1
1829,88,8.96595078304335e-05,0,-1
258,88,8.96595078304335e-05,0,-1
1049,88,8.96595078304335e-05,0,-1
2269,87,8.864064978690585e-05,0,-1
2123,87,8.864064978690585e-05,0,-1
2732,87,8.864064978690585e-05,0,-1
1330,87,8.864064978690585e-05,0,-1
2267,87,8.864064978690585e-05,0,-1
1610,87,8.864064978690585e-05,0,-1
1992,87,8.864064978690585e-05,0,-1
1627,86,8.762179174337818e-05,0,-1
2419,86,8.762179174337818e-05,0,-1
2851,86,8.762179174337818e-05,0,-1
1053,86,8.762179174337818e-05,0,-1
2538,85,8.660293369985053e-05,0,-1
2061,85,8.660293369985053e-05,0,-1
300,85,8.660293369985053e-05,0,-1
1689,85,8.660293369985053e-05,0,-1
1470,85,8.660293369985053e-05,0,-1
750,85,8.660293369985053e-05,0,-1
2444,84,8.558407565632288e-05,0,-1
1766,84,8.558407565632288e-05,0,-1
2704,84,8.558407565632288e-05,0,-1
2870,84,8.558407565632288e-05,0,-1
973,84,8.558407565632288e-05,0,-1
2077,83,8.456521761279523e-05,0,-1
1398,83,8.456521761279523e-05,0,-1
1804,83,8.456521761279523e-05,0,-1
2425,83,8.456521761279523e-05,0,-1
1359,83,8.456521761279523e-05,0,-1
856,83,8.456521761279523e-05,0,-1
1413,83,8.456521761279523e-05,0,-1
283,83,8.456521761279523e-05,0,-1
2524,83,8.456521761279523e-05,0,-1
1911,83,8.456521761279523e-05,0,-1
1033,83,8.456521761279523e-05,0,-1
979,83,8.456521761279523e-05,0,-1
1772,82,8.354635956926758e-05,0,-1
452,82,8.354635956926758e-05,0,-1
334,82,8.354635956926758e-05,0,-1
1557,82,8.354635956926758e-05,0,-1
2145,82,8.354635956926758e-05,0,-1
1509,82,8.354635956926758e-05,0,-1
2303,82,8.354635956926758e-05,0,-1
1216,82,8.354635956926758e-05,0,-1
2813,82,8.354635956926758e-05,0,-1
2304,81,8.252750152573991e-05,0,-1
1876,81,8.252750152573991e-05,0,-1
2490,81,8.252750152573991e-05,0,-1
2497,81,8.252750152573991e-05,0,-1
692,81,8.252750152573991e-05,0,-1
103,81,8.252750152573991e-05,0,-1
2825,81,8.252750152573991e-05,0,-1
2511,80,8.150864348221226e-05,0,-1
2763,80,8.150864348221226e-05,0,-1
2803,80,8.150864348221226e-05,0,-1
3017,80,8.150864348221226e-05,0,-1
1981,80,8.150864348221226e-05,0,-1
1206,80,8.150864348221226e-05,0,-1
2902,80,8.150864348221226e-05,0,-1
2827,80,8.150864348221226e-05,0,-1
1592,80,8.150864348221226e-05,0,-1
1283,80,8.150864348221226e-05,0,-1
345,80,8.150864348221226e-05,0,-1
3165,79,8.048978543868461e-05,0,-1
2554,79,8.048978543868461e-05,0,-1
2771,79,8.048978543868461e-05,0,-1
1943,79,8.048978543868461e-05,0,-1
659,79,8.048978543868461e-05,0,-1
1761,79,8.048978543868461e-05,0,-1
3122,79,8.048978543868461e-05,0,-1
2506,79,8.048978543868461e-05,0,-1
1887,79,8.048978543868461e-05,0,-1
2774,79,8.048978543868461e-05,0,-1
2873,79,8.048978543868461e-05,0,-1
437,79,8.048978543868461e-05,0,-1
1421,78,7.947092739515696e-05,0,-1
2239,78,7.947092739515696e-05,0,-1
287,78,7.947092739515696e-05,0,-1
2604,78,7.947092739515696e-05,0,-1
1763,78,7.947092739515696e-05,0,-1
2470,78,7.947092739515696e-05,0,-1
2479,78,7.947092739515696e-05,0,-1
1194,78,7.947092739515696e-05,0,-1
1573,78,7.947092739515696e-05,0,-1
2613,77,7.845206935162931e-05,0,-1
3070,77,7.845206935162931e-05,0,-1
2401,77,7.845206935162931e-05,0,-1
1621,77,7.845206935162931e-05,0,-1
2811,77,7.845206935162931e-05,0,-1
2631,77,7.845206935162931e-05,0,-1
2848,76,7.743321130810165e-05,0,-1
2423,76,7.743321130810165e-05,0,-1
2102,76,7.743321130810165e-05,0,-1
2030,76,7.743321130810165e-05,0,-1
3047,76,7.743321130810165e-05,0,-1
2635,76,7.743321130810165e-05,0,-1
3146,76,7.743321130810165e-05,0,-1
2199,75,7.6414353264574e-05,0,-1
2204,75,7.6414353264574e-05,0,-1
2175,75,7.6414353264574e-05,0,-1
330,75,7.6414353264574e-05,0,-1
2116,75,7.6414353264574e-05,0,-1
2275,75,7.6414353264574e-05,0,-1
978,75,7.6414353264574e-05,0,-1
2726,75,7.6414353264574e-05,0,-1
2689,74,7.539549522104635e-05,0,-1
2405,74,7.539549522104635e-05,0,-1
2711,74,7.539549522104635e-05,0,-1
2940,74,7.539549522104635e-05,0,-1
977,74,7.539549522104635e-05,0,-1
2766,74,7.539549522104635e-05,0,-1
803,74,7.539549522104635e-05,0,-1
1405,74,7.539549522104635e-05,0,-1
2828,74,7.539549522104635e-05,0,-1
1370,74,7.539549522104635e-05,0,-1
2835,74,7.539549522104635e-05,0,-1
1161,74,7.539549522104635e-05,0,-1
2392,73,7.43766371775187e-05,0,-1
1321,73,7.43766371775187e-05,0,-1
2815,73,7.43766371775187e-05,0,-1
1782,73,7.43766371775187e-05,0,-1
2605,73,7.43766371775187e-05,0,-1
860,72,7.335777913399104e-05,0,-1
2866,72,7.335777913399104e-05,0,-1
2547,72,7.335777913399104e-05,0,-1
2337,72,7.335777913399104e-05,0,-1
2443,72,7.335777913399104e-05,0,-1
2501,72,7.335777913399104e-05,0,-1
2452,72,7.335777913399104e-05,0,-1
2937,72,7.335777913399104e-05,0,-1
2552,72,7.335777913399104e-05,0,-1
2261,72,7.335777913399104e-05,0,-1
2606,72,7.335777913399104e-05,0,-1
29,72,7.335777913399104e-05,0,-1
2368,71,7.23389210904634e-05,0,-1
2539,71,7.23389210904634e-05,0,-1
2572,71,7.23389210904634e-05,0,-1
1672,71,7.23389210904634e-05,0,-1
2003,71,7.23389210904634e-05,0,-1
2695,70,7.132006304693573e-05,0,-1
2398,70,7.132006304693573e-05,0,-1
1588,70,7.132006304693573e-05,0,-1
590,70,7.132006304693573e-05,0,-1
2933,70,7.132006304693573e-05,0,-1
1972,70,7.132006304693573e-05,0,-1
2730,70,7.132006304693573e-05,0,-1
3117,70,7.132006304693573e-05,0,-1
2814,70,7.132006304693573e-05,0,-1
2130,70,7.132006304693573e-05,0,-1
2997,70,7.132006304693573e-05,0,-1
834,69,7.030120500340808e-05,0,-1
115,69,7.030120500340808e-05,0,-1
2050,69,7.030120500340808e-05,0,-1
2519,69,7.030120500340808e-05,0,-1
1923,69,7.030120500340808e-05,0,-1
2238,68,6.928234695988043e-05,0,-1
2693,68,6.928234695988043e-05,0,-1
1774,68,6.928234695988043e-05,0,-1
2148,68,6.928234695988043e-05,0,-1
2747,68,6.928234695988043e-05,0,-1
2609,68,6.928234695988043e-05,0,-1
2278,68,6.928234695988043e-05,0,-1
2896,68,6.928234695988043e-05,0,-1
2931,68,6.928234695988043e-05,0,-1
2445,68,6.928234695988043e-05,0,-1
2559,68,6.928234695988043e-05,0,-1
1278,68,6.928234695988043e-05,0,-1
1792,68,6.928234695988043e-05,0,-1
2751,68,6.928234695988043e-05,0,-1
1872,67,6.826348891635278e-05,0,-1
1824,67,6.826348891635278e-05,0,-1
2060,67,6.826348891635278e-05,0,-1
2471,67,6.826348891635278e-05,0,-1
2048,67,6.826348891635278e-05,0,-1
2072,67,6.826348891635278e-05,0,-1
2778,67,6.826348891635278e-05,0,-1
2872,67,6.826348891635278e-05,0,-1
726,67,6.826348891635278e-05,0,-1
2638,67,6.826348891635278e-05,0,-1
2823,67,6.826348891635278e-05,0,-1
1410,67,6.826348891635278e-05,0,-1
2892,67,6.826348891635278e-05,0,-1
1668,66,6.724463087282513e-05,0,-1
2161,66,6.724463087282513e-05,0,-1
1456,66,6.724463087282513e-05,0,-1
3160,66,6.724463087282513e-05,0,-1
2678,66,6.724463087282513e-05,0,-1
2216,66,6.724463087282513e-05,0,-1
2167,66,6.724463087282513e-05,0,-1
1428,66,6.724463087282513e-05,0,-1
2438,66,6.724463087282513e-05,0,-1
2357,66,6.724463087282513e-05,0,-1
2858,66,6.724463087282513e-05,0,-1
1862,66,6.724463087282513e-05,0,-1
954,65,6.622577282929746e-05,0,-1
1868,65,6.622577282929746e-05,0,-1
2375,65,6.622577282929746e-05,0,-1
2256,65,6.622577282929746e-05,0,-1
2406,65,6.622577282929746e-05,0,-1
342,65,6.622577282929746e-05,0,-1
2241,65,6.622577282929746e-05,0,-1
2263,65,6.622577282929746e-05,0,-1
2576,65,6.622577282929746e-05,0,-1
2355,65,6.622577282929746e-05,0,-1
2286,65,6.622577282929746e-05,0,-1
2867,64,6.520691478576981e-05,0,-1
2594,64,6.520691478576981e-05,0,-1
1883,64,6.520691478576981e-05,0,-1
2708,64,6.520691478576981e-05,0,-1
2112,64,6.520691478576981e-05,0,-1
1128,64,6.520691478576981e-05,0,-1
2628,64,6.520691478576981e-05,0,-1
1884,64,6.520691478576981e-05,0,-1
1007,64,6.520691478576981e-05,0,-1
1294,64,6.520691478576981e-05,0,-1
1873,63,6.418805674224216e-05,0,-1
2073,63,6.418805674224216e-05,0,-1
1677,63,6.418805674224216e-05,0,-1
2483,63,6.418805674224216e-05,0,-1
2986,63,6.418805674224216e-05,0,-1
2922,63,6.418805674224216e-05,0,-1
1171,63,6.418805674224216e-05,0,-1
2641,63,6.418805674224216e-05,0,-1
1326,63,6.418805674224216e-05,0,-1
2491,63,6.418805674224216e-05,0,-1
2515,62,6.316919869871451e-05,0,-1
2649,62,6.316919869871451e-05,0,-1
2688,62,6.316919869871451e-05,0,-1
1499,62,6.316919869871451e-05,0,-1
2253,62,6.316919869871451e-05,0,-1
2271,62,6.316919869871451e-05,0,-1
2958,62,6.316919869871451e-05,0,-1
1778,62,6.316919869871451e-05,0,-1
2796,62,6.316919869871451e-05,0,-1
2008,62,6.316919869871451e-05,0,-1
2745,62,6.316919869871451e-05,0,-1
1403,62,6.316919869871451e-05,0,-1
2836,62,6.316919869871451e-05,0,-1
2830,62,6.316919869871451e-05,0,-1
2608,62,6.316919869871451e-05,0,-1
2992,62,6.316919869871451e-05,0,-1
3130,62,6.316919869871451e-05,0,-1
2840,61,6.215034065518686e-05,0,-1
3051,61,6.215034065518686e-05,0,-1
311,61,6.215034065518686e-05,0,-1
1148,61,6.215034065518686e-05,0,-1
2206,61,6.215034065518686e-05,0,-1
2749,61,6.215034065518686e-05,0,-1
2816,61,6.215034065518686e-05,0,-1
2417,61,6.215034065518686e-05,0,-1
2856,61,6.215034065518686e-05,0,-1
1895,60,6.11314826116592e-05,0,-1
2592,60,6.11314826116592e-05,0,-1
2910,60,6.11314826116592e-05,0,-1
1662,60,6.11314826116592e-05,0,-1
1974,60,6.11314826116592e-05,0,-1
1949,60,6.11314826116592e-05,0,-1
2654,60,6.11314826116592e-05,0,-1
1590,60,6.11314826116592e-05,0,-1
3118,60,6.11314826116592e-05,0,-1
271,60,6.11314826116592e-05,0,-1
2567,60,6.11314826116592e-05,0,-1
1526,60,6.11314826116592e-05,0,-1
1433,60,6.11314826116592e-05,0,-1
2627,60,6.11314826116592e-05,0,-1
2475,60,6.11314826116592e-05,0,-1
2272,60,6.11314826116592e-05,0,-1
1741,59,6.0112624568131544e-05,0,-1
2863,59,6.0112624568131544e-05,0,-1
2871,59,6.0112624568131544e-05,0,-1
2066,59,6.0112624568131544e-05,0,-1
2488,59,6.0112624568131544e-05,0,-1
805,59,6.0112624568131544e-05,0,-1
2248,59,6.0112624568131544e-05,0,-1
2679,59,6.0112624568131544e-05,0,-1
2189,59,6.0112624568131544e-05,0,-1
2135,59,6.0112624568131544e-05,0,-1
2568,59,6.0112624568131544e-05,0,-1
2577,59,6.0112624568131544e-05,0,-1
2052,59,6.0112624568131544e-05,0,-1
2969,58,5.909376652460389e-05,0,-1
2152,58,5.909376652460389e-05,0,-1
2961,58,5.909376652460389e-05,0,-1
2427,58,5.909376652460389e-05,0,-1
3275,58,5.909376652460389e-05,0,-1
2379,58,5.909376652460389e-05,0,-1
1906,58,5.909376652460389e-05,0,-1
2564,58,5.909376652460389e-05,0,-1
2032,58,5.909376652460389e-05,0,-1
2020,58,5.909376652460389e-05,0,-1
2058,58,5.909376652460389e-05,0,-1
966,58,5.909376652460389e-05,0,-1
2447,58,5.909376652460389e-05,0,-1
2439,57,5.807490848107624e-05,0,-1
2481,57,5.807490848107624e-05,0,-1
2600,57,5.807490848107624e-05,0,-1
3049,57,5.807490848107624e-05,0,-1
3006,57,5.807490848107624e-05,0,-1
2691,57,5.807490848107624e-05,0,-1
2290,57,5.807490848107624e-05,0,-1
2787,57,5.807490848107624e-05,0,-1
3018,57,5.807490848107624e-05,0,-1
2849,57,5.807490848107624e-05,0,-1
231,57,5.807490848107624e-05,0,-1
2959,56,5.7056050437548585e-05,0,-1
1149,56,5.7056050437548585e-05,0,-1
2657,56,5.7056050437548585e-05,0,-1
3182,56,5.7056050437548585e-05,0,-1
2358,56,5.7056050437548585e-05,0,-1
2760,56,5.7056050437548585e-05,0,-1
1703,55,5.6037192394020934e-05,0,-1
2179,55,5.6037192394020934e-05,0,-1
3111,55,5.6037192394020934e-05,0,-1
2408,55,5.6037192394020934e-05,0,-1
2149,55,5.6037192394020934e-05,0,-1
1913,55,5.6037192394020934e-05,0,-1
2924,55,5.6037192394020934e-05,0,-1
495,55,5.6037192394020934e-05,0,-1
2779,55,5.6037192394020934e-05,0,-1
2618,55,5.6037192394020934e-05,0,-1
2350,55,5.6037192394020934e-05,0,-1
1612,55,5.6037192394020934e-05,0,-1
2989,55,5.6037192394020934e-05,0,-1
2843,54,5.501833435049328e-05,0,-1
1800,54,5.501833435049328e-05,0,-1
2210,54,5.501833435049328e-05,0,-1
2166,54,5.501833435049328e-05,0,-1
2325,54,5.501833435049328e-05,0,-1
2021,54,5.501833435049328e-05,0,-1
2298,54,5.501833435049328e-05,0,-1
1957,54,5.501833435049328e-05,0,-1
2725,54,5.501833435049328e-05,0,-1
2504,54,5.501833435049328e-05,0,-1
2582,54,5.501833435049328e-05,0,-1
2824,54,5.501833435049328e-05,0,-1
2652,54,5.501833435049328e-05,0,-1
3097,53,5.3999476306965626e-05,0,-1
1044,53,5.3999476306965626e-05,0,-1
2938,53,5.3999476306965626e-05,0,-1
2703,53,5.3999476306965626e-05,0,-1
2108,53,5.3999476306965626e-05,0,-1
3105,53,5.3999476306965626e-05,0,-1
2390,53,5.3999476306965626e-05,0,-1
783,53,5.3999476306965626e-05,0,-1
713,53,5.3999476306965626e-05,0,-1
1414,53,5.3999476306965626e-05,0,-1
2098,53,5.3999476306965626e-05,0,-1
2964,52,5.2980618263437975e-05,0,-1
1742,52,5.2980618263437975e-05,0,-1
2644,52,5.2980618263437975e-05,0,-1
2553,52,5.2980618263437975e-05,0,-1
3080,52,5.2980618263437975e-05,0,-1
2436,52,5.2980618263437975e-05,0,-1
1487,52,5.2980618263437975e-05,0,-1
3019,52,5.2980618263437975e-05,0,-1
2698,52,5.2980618263437975e-05,0,-1
2783,52,5.2980618263437975e-05,0,-1
2215,52,5.2980618263437975e-05,0,-1
2051,52,5.2980618263437975e-05,0,-1
3046,52,5.2980618263437975e-05,0,-1
2583,52,5.2980618263437975e-05,0,-1
2607,52,5.2980618263437975e-05,0,-1
2876,52,5.2980618263437975e-05,0,-1
1124,52,5.2980618263437975e-05,0,-1
2807,52,5.2980618263437975e-05,0,-1
2579,52,5.2980618263437975e-05,0,-1
3115,52,5.2980618263437975e-05,0,-1
2724,52,5.2980618263437975e-05,0,-1
2359,51,5.196176021991032e-05,0,-1
2834,51,5.196176021991032e-05,0,-1
964,51,5.196176021991032e-05,0,-1
2744,51,5.196176021991032e-05,0,-1
2378,51,5.196176021991032e-05,0,-1
2574,51,5.196176021991032e-05,0,-1
2742,51,5.196176021991032e-05,0,-1
1945,51,5.196176021991032e-05,0,-1
2366,51,5.196176021991032e-05,0,-1
555,51,5.196176021991032e-05,0,-1
3094,51,5.196176021991032e-05,0,-1
296,51,5.196176021991032e-05,0,-1
234,51,5.196176021991032e-05,0,-1
2642,51,5.196176021991032e-05,0,-1
3168,50,5.094290217638267e-05,0,-1
3119,50,5.094290217638267e-05,0,-1
2252,50,5.094290217638267e-05,0,-1
960,50,5.094290217638267e-05,0,-1
2990,50,5.094290217638267e-05,0,-1
2862,50,5.094290217638267e-05,0,-1
2472,50,5.094290217638267e-05,0,-1
1685,50,5.094290217638267e-05,0,-1
817,50,5.094290217638267e-05,0,-1
2847,50,5.094290217638267e-05,0,-1
1958,50,5.094290217638267e-05,0,-1
3104,50,5.094290217638267e-05,0,-1
2042,50,5.094290217638267e-05,0,-1
2121,50,5.094290217638267e-05,0,-1
988,50,5.094290217638267e-05,0,-1
321,50,5.094290217638267e-05,0,-1
814,49,4.9924044132855016e-05,0,-1
2105,49,4.9924044132855016e-05,0,-1
2722,49,4.9924044132855016e-05,0,-1
839,49,4.9924044132855016e-05,0,-1
2768,49,4.9924044132855016e-05,0,-1
1445,49,4.9924044132855016e-05,0,-1
1442,49,4.9924044132855016e-05,0,-1
3153,49,4.9924044132855016e-05,0,-1
3159,49,4.9924044132855016e-05,0,-1
1947,48,4.890518608932736e-05,0,-1
2480,48,4.890518608932736e-05,0,-1
2117,48,4.890518608932736e-05,0,-1
2728,48,4.890518608932736e-05,0,-1
2521,48,4.890518608932736e-05,0,-1
2826,48,4.890518608932736e-05,0,-1
2686,48,4.890518608932736e-05,0,-1
2536,48,4.890518608932736e-05,0,-1
3071,48,4.890518608932736e-05,0,-1
2588,48,4.890518608932736e-05,0,-1
3054,48,4.890518608932736e-05,0,-1
2404,48,4.890518608932736e-05,0,-1
2442,48,4.890518608932736e-05,0,-1
2035,48,4.890518608932736e-05,0,-1
1078,48,4.890518608932736e-05,0,-1
2540,47,4.788632804579971e-05,0,-1
831,47,4.788632804579971e-05,0,-1
1105,47,4.788632804579971e-05,0,-1
2589,47,4.788632804579971e-05,0,-1
1032,47,4.788632804579971e-05,0,-1
2285,47,4.788632804579971e-05,0,-1
1411,47,4.788632804579971e-05,0,-1
2639,47,4.788632804579971e-05,0,-1
2930,47,4.788632804579971e-05,0,-1
2296,47,4.788632804579971e-05,0,-1
2696,47,4.788632804579971e-05,0,-1
2733,47,4.788632804579971e-05,0,-1
3196,47,4.788632804579971e-05,0,-1
1942,47,4.788632804579971e-05,0,-1
2598,47,4.788632804579971e-05,0,-1
2832,47,4.788632804579971e-05,0,-1
2454,47,4.788632804579971e-05,0,-1
2797,46,4.686747000227205e-05,0,-1
2700,46,4.686747000227205e-05,0,-1
2727,46,4.686747000227205e-05,0,-1
2844,46,4.686747000227205e-05,0,-1
3086,46,4.686747000227205e-05,0,-1
2466,46,4.686747000227205e-05,0,-1
2721,46,4.686747000227205e-05,0,-1
1607,46,4.686747000227205e-05,0,-1
3187,46,4.686747000227205e-05,0,-1
2975,46,4.686747000227205e-05,0,-1
2565,46,4.686747000227205e-05,0,-1
2101,46,4.686747000227205e-05,0,-1
3120,46,4.686747000227205e-05,0,-1
2668,46,4.686747000227205e-05,0,-1
2400,46,4.686747000227205e-05,0,-1
162,45,4.58486119587444e-05,0,-1
2939,45,4.58486119587444e-05,0,-1
2453,45,4.58486119587444e-05,0,-1
2111,45,4.58486119587444e-05,0,-1
1793,45,4.58486119587444e-05,0,-1
3152,45,4.58486119587444e-05,0,-1
2208,45,4.58486119587444e-05,0,-1
3043,45,4.58486119587444e-05,0,-1
2331,45,4.58486119587444e-05,0,-1
1641,45,4.58486119587444e-05,0,-1
1747,45,4.58486119587444e-05,0,-1
2767,45,4.58486119587444e-05,0,-1
2407,44,4.482975391521675e-05,0,-1
2772,44,4.482975391521675e-05,0,-1
2082,44,4.482975391521675e-05,0,-1
2043,44,4.482975391521675e-05,0,-1
2340,44,4.482975391521675e-05,0,-1
2754,44,4.482975391521675e-05,0,-1
3004,44,4.482975391521675e-05,0,-1
2612,44,4.482975391521675e-05,0,-1
1978,44,4.482975391521675e-05,0,-1
2634,44,4.482975391521675e-05,0,-1
2632,44,4.482975391521675e-05,0,-1
1425,44,4.482975391521675e-05,0,-1
2169,44,4.482975391521675e-05,0,-1
1779,44,4.482975391521675e-05,0,-1
2486,44,4.482975391521675e-05,0,-1
2709,44,4.482975391521675e-05,0,-1
2430,43,4.381089587168909e-05,0,-1
1819,43,4.381089587168909e-05,0,-1
2391,43,4.381089587168909e-05,0,-1
2187,43,4.381089587168909e-05,0,-1
3030,43,4.381089587168909e-05,0,-1
2860,43,4.381089587168909e-05,0,-1
2440,42,4.279203782816144e-05,0,-1
2531,42,4.279203782816144e-05,0,-1
1832,42,4.279203782816144e-05,0,-1
2736,42,4.279203782816144e-05,0,-1
2493,42,4.279203782816144e-05,0,-1
2788,42,4.279203782816144e-05,0,-1
3081,42,4.279203782816144e-05,0,-1
2838,42,4.279203782816144e-05,0,-1
2812,42,4.279203782816144e-05,0,-1
2717,42,4.279203782816144e-05,0,-1
2188,42,4.279203782816144e-05,0,-1
1714,42,4.279203782816144e-05,0,-1
2611,42,4.279203782816144e-05,0,-1
3035,42,4.279203782816144e-05,0,-1
2874,42,4.279203782816144e-05,0,-1
2650,42,4.279203782816144e-05,0,-1
2859,42,4.279203782816144e-05,0,-1
2177,42,4.279203782816144e-05,0,-1
2176,42,4.279203782816144e-05,0,-1
2614,42,4.279203782816144e-05,0,-1
1101,42,4.279203782816144e-05,0,-1
1130,42,4.279203782816144e-05,0,-1
2258,42,4.279203782816144e-05,0,-1
2279,42,4.279203782816144e-05,0,-1
2963,42,4.279203782816144e-05,0,-1
2960,42,4.279203782816144e-05,0,-1
2757,42,4.279203782816144e-05,0,-1
3212,42,4.279203782816144e-05,0,-1
2299,41,4.177317978463379e-05,0,-1
2765,41,4.177317978463379e-05,0,-1
2752,41,4.177317978463379e-05,0,-1
3073,41,4.177317978463379e-05,0,-1
1794,41,4.177317978463379e-05,0,-1
1820,41,4.177317978463379e-05,0,-1
3048,41,4.177317978463379e-05,0,-1
3109,41,4.177317978463379e-05,0,-1
2804,41,4.177317978463379e-05,0,-1
2714,41,4.177317978463379e-05,0,-1
2705,41,4.177317978463379e-05,0,-1
3016,41,4.177317978463379e-05,0,-1
3052,41,4.177317978463379e-05,0,-1
2928,41,4.177317978463379e-05,0,-1
2560,41,4.177317978463379e-05,0,-1
2943,40,4.075432174110613e-05,0,-1
2623,40,4.075432174110613e-05,0,-1
550,40,4.075432174110613e-05,0,-1
2925,40,4.075432174110613e-05,0,-1
2277,40,4.075432174110613e-05,0,-1
1899,40,4.075432174110613e-05,0,-1
2458,40,4.075432174110613e-05,0,-1
2889,40,4.075432174110613e-05,0,-1
3057,40,4.075432174110613e-05,0,-1
2573,40,4.075432174110613e-05,0,-1
2929,40,4.075432174110613e-05,0,-1
2934,40,4.075432174110613e-05,0,-1
753,40,4.075432174110613e-05,0,-1
3010,40,4.075432174110613e-05,0,-1
1726,40,4.075432174110613e-05,0,-1
818,40,4.075432174110613e-05,0,-1
2878,39,3.973546369757848e-05,0,-1
2307,39,3.973546369757848e-05,0,-1
1123,39,3.973546369757848e-05,0,-1
2853,39,3.973546369757848e-05,0,-1
2685,39,3.973546369757848e-05,0,-1
3101,39,3.973546369757848e-05,0,-1
1362,39,3.973546369757848e-05,0,-1
1866,39,3.973546369757848e-05,0,-1
3098,39,3.973546369757848e-05,0,-1
450,39,3.973546369757848e-05,0,-1
2273,39,3.973546369757848e-05,0,-1
2974,39,3.973546369757848e-05,0,-1
2630,39,3.973546369757848e-05,0,-1
2085,38,3.8716605654050824e-05,0,-1
2527,38,3.8716605654050824e-05,0,-1
2415,38,3.8716605654050824e-05,0,-1
2104,38,3.8716605654050824e-05,0,-1
2046,38,3.8716605654050824e-05,0,-1
2376,38,3.8716605654050824e-05,0,-1
2585,38,3.8716605654050824e-05,0,-1
3009,38,3.8716605654050824e-05,0,-1
3099,38,3.8716605654050824e-05,0,-1
3263,38,3.8716605654050824e-05,0,-1
3183,38,3.8716605654050824e-05,0,-1
2769,38,3.8716605654050824e-05,0,-1
2448,38,3.8716605654050824e-05,0,-1
2541,38,3.8716605654050824e-05,0,-1
2658,37,3.769774761052317e-05,0,-1
2492,37,3.769774761052317e-05,0,-1
3277,37,3.769774761052317e-05,0,-1
2748,37,3.769774761052317e-05,0,-1
3255,37,3.769774761052317e-05,0,-1
1999,37,3.769774761052317e-05,0,-1
3005,37,3.769774761052317e-05,0,-1
2007,37,3.769774761052317e-05,0,-1
2019,37,3.769774761052317e-05,0,-1
544,37,3.769774761052317e-05,0,-1
2857,37,3.769774761052317e-05,0,-1
3116,37,3.769774761052317e-05,0,-1
1805,37,3.769774761052317e-05,0,-1
2809,37,3.769774761052317e-05,0,-1
2513,37,3.769774761052317e-05,0,-1
2702,37,3.769774761052317e-05,0,-1
3141,37,3.769774761052317e-05,0,-1
2186,37,3.769774761052317e-05,0,-1
2901,37,3.769774761052317e-05,0,-1
2877,37,3.769774761052317e-05,0,-1
2551,37,3.769774761052317e-05,0,-1
1162,37,3.769774761052317e-05,0,-1
1465,37,3.769774761052317e-05,0,-1
2739,36,3.667888956699552e-05,0,-1
2799,36,3.667888956699552e-05,0,-1
3220,36,3.667888956699552e-05,0,-1
3000,36,3.667888956699552e-05,0,-1
2681,36,3.667888956699552e-05,0,-1
2839,36,3.667888956699552e-05,0,-1
2158,36,3.667888956699552e-05,0,-1
786,36,3.667888956699552e-05,0,-1
2502,36,3.667888956699552e-05,0,-1
1013,36,3.667888956699552e-05,0,-1
3045,36,3.667888956699552e-05,0,-1
1118,36,3.667888956699552e-05,0,-1
2584,36,3.667888956699552e-05,0,-1
2906,36,3.667888956699552e-05,0,-1
2184,36,3.667888956699552e-05,0,-1
3036,36,3.667888956699552e-05,0,-1
2949,36,3.667888956699552e-05,0,-1
2966,36,3.667888956699552e-05,0,-1
3089,36,3.667888956699552e-05,0,-1
2432,36,3.667888956699552e-05,0,-1
2684,35,3.5660031523467865e-05,0,-1
2457,35,3.5660031523467865e-05,0,-1
2224,35,3.5660031523467865e-05,0,-1
1511,35,3.5660031523467865e-05,0,-1
1628,35,3.5660031523467865e-05,0,-1
3037,35,3.5660031523467865e-05,0,-1
3131,35,3.5660031523467865e-05,0,-1
2465,35,3.5660031523467865e-05,0,-1
1598,35,3.5660031523467865e-05,0,-1
3189,35,3.5660031523467865e-05,0,-1
3210,35,3.5660031523467865e-05,0,-1
3178,35,3.5660031523467865e-05,0,-1
363,35,3.5660031523467865e-05,0,-1
3233,34,3.4641173479940214e-05,0,-1
2729,34,3.4641173479940214e-05,0,-1
1891,34,3.4641173479940214e-05,0,-1
2682,34,3.4641173479940214e-05,0,-1
3031,34,3.4641173479940214e-05,0,-1
3091,34,3.4641173479940214e-05,0,-1
1378,34,3.4641173479940214e-05,0,-1
486,34,3.4641173479940214e-05,0,-1
1706,34,3.4641173479940214e-05,0,-1
2936,34,3.4641173479940214e-05,0,-1
2645,34,3.4641173479940214e-05,0,-1
2346,34,3.4641173479940214e-05,0,-1
2247,34,3.4641173479940214e-05,0,-1
3155,33,3.362231543641256e-05,0,-1
2352,33,3.362231543641256e-05,0,-1
1531,33,3.362231543641256e-05,0,-1
3157,33,3.362231543641256e-05,0,-1
2473,33,3.362231543641256e-05,0,-1
2734,33,3.362231543641256e-05,0,-1
810,33,3.362231543641256e-05,0,-1
2720,33,3.362231543641256e-05,0,-1
2160,33,3.362231543641256e-05,0,-1
2971,33,3.362231543641256e-05,0,-1
2738,33,3.362231543641256e-05,0,-1
2451,33,3.362231543641256e-05,0,-1
2369,33,3.362231543641256e-05,0,-1
411,33,3.362231543641256e-05,0,-1
1431,33,3.362231543641256e-05,0,-1
2449,33,3.362231543641256e-05,0,-1
2912,33,3.362231543641256e-05,0,-1
2624,33,3.362231543641256e-05,0,-1
2385,33,3.362231543641256e-05,0,-1
1753,33,3.362231543641256e-05,0,-1
2537,33,3.362231543641256e-05,0,-1
2942,32,3.2603457392884906e-05,0,-1
2756,32,3.2603457392884906e-05,0,-1
2776,32,3.2603457392884906e-05,0,-1
3276,32,3.2603457392884906e-05,0,-1
1542,32,3.2603457392884906e-05,0,-1
1551,32,3.2603457392884906e-05,0,-1
2570,32,3.2603457392884906e-05,0,-1
2669,32,3.2603457392884906e-05,0,-1
2664,32,3.2603457392884906e-05,0,-1
2150,32,3.2603457392884906e-05,0,-1
1892,32,3.2603457392884906e-05,0,-1
3149,32,3.2603457392884906e-05,0,-1
1880,32,3.2603457392884906e-05,0,-1
3129,32,3.2603457392884906e-05,0,-1
2477,32,3.2603457392884906e-05,0,-1
3257,31,3.1584599349357255e-05,0,-1
3244,31,3.1584599349357255e-05,0,-1
3237,31,3.1584599349357255e-05,0,-1
2759,31,3.1584599349357255e-05,0,-1
3085,31,3.1584599349357255e-05,0,-1
2893,31,3.1584599349357255e-05,0,-1
2194,31,3.1584599349357255e-05,0,-1
1760,31,3.1584599349357255e-05,0,-1
2302,31,3.1584599349357255e-05,0,-1
2981,31,3.1584599349357255e-05,0,-1
2653,31,3.1584599349357255e-05,0,-1
3344,31,3.1584599349357255e-05,0,-1
2667,31,3.1584599349357255e-05,0,-1
2349,31,3.1584599349357255e-05,0,-1
3033,31,3.1584599349357255e-05,0,-1
2563,31,3.1584599349357255e-05,0,-1
2362,31,3.1584599349357255e-05,0,-1
2364,31,3.1584599349357255e-05,0,-1
3075,31,3.1584599349357255e-05,0,-1
2529,31,3.1584599349357255e-05,0,-1
3106,31,3.1584599349357255e-05,0,-1
3319,30,3.05657413058296e-05,0,-1
1963,30,3.05657413058296e-05,0,-1
3224,30,3.05657413058296e-05,0,-1
2743,30,3.05657413058296e-05,0,-1
2109,30,3.05657413058296e-05,0,-1
2155,30,3.05657413058296e-05,0,-1
2575,30,3.05657413058296e-05,0,-1
2586,30,3.05657413058296e-05,0,-1
1780,30,3.05657413058296e-05,0,-1
2946,30,3.05657413058296e-05,0,-1
1568,30,3.05657413058296e-05,0,-1
2661,30,3.05657413058296e-05,0,-1
2920,30,3.05657413058296e-05,0,-1
2320,30,3.05657413058296e-05,0,-1
2310,30,3.05657413058296e-05,0,-1
1730,30,3.05657413058296e-05,0,-1
3286,30,3.05657413058296e-05,0,-1
2532,29,2.9546883262301947e-05,0,-1
2713,29,2.9546883262301947e-05,0,-1
2817,29,2.9546883262301947e-05,0,-1
3213,29,2.9546883262301947e-05,0,-1
3174,29,2.9546883262301947e-05,0,-1
3158,29,2.9546883262301947e-05,0,-1
3221,29,2.9546883262301947e-05,0,-1
3135,29,2.9546883262301947e-05,0,-1
3151,29,2.9546883262301947e-05,0,-1
368,29,2.9546883262301947e-05,0,-1
3283,29,2.9546883262301947e-05,0,-1
2637,29,2.9546883262301947e-05,0,-1
2907,29,2.9546883262301947e-05,0,-1
2916,29,2.9546883262301947e-05,0,-1
3011,29,2.9546883262301947e-05,0,-1
2389,29,2.9546883262301947e-05,0,-1
1785,29,2.9546883262301947e-05,0,-1
2987,29,2.9546883262301947e-05,0,-1
2190,29,2.9546883262301947e-05,0,-1
3227,28,2.8528025218774292e-05,0,-1
3235,28,2.8528025218774292e-05,0,-1
3238,28,2.8528025218774292e-05,0,-1
3269,28,2.8528025218774292e-05,0,-1
3291,28,2.8528025218774292e-05,0,-1
2621,28,2.8528025218774292e-05,0,-1
2923,28,2.8528025218774292e-05,0,-1
2396,28,2.8528025218774292e-05,0,-1
2335,28,2.8528025218774292e-05,0,-1
2321,28,2.8528025218774292e-05,0,-1
2890,28,2.8528025218774292e-05,0,-1
1582,28,2.8528025218774292e-05,0,-1
2674,28,2.8528025218774292e-05,0,-1
3074,28,2.8528025218774292e-05,0,-1
2394,28,2.8528025218774292e-05,0,-1
2718,28,2.8528025218774292e-05,0,-1
3044,28,2.8528025218774292e-05,0,-1
3008,28,2.8528025218774292e-05,0,-1
2354,28,2.8528025218774292e-05,0,-1
371,28,2.8528025218774292e-05,0,-1
2110,28,2.8528025218774292e-05,0,-1
2818,28,2.8528025218774292e-05,0,-1
2710,28,2.8528025218774292e-05,0,-1
3128,28,2.8528025218774292e-05,0,-1
2795,28,2.8528025218774292e-05,0,-1
3194,27,2.750916717524664e-05,0,-1
3267,27,2.750916717524664e-05,0,-1
2755,27,2.750916717524664e-05,0,-1
3140,27,2.750916717524664e-05,0,-1
1617,27,2.750916717524664e-05,0,-1
2655,27,2.750916717524664e-05,0,-1
2945,27,2.750916717524664e-05,0,-1
1786,27,2.750916717524664e-05,0,-1
2672,27,2.750916717524664e-05,0,-1
1289,27,2.750916717524664e-05,0,-1
3058,27,2.750916717524664e-05,0,-1
3300,27,2.750916717524664e-05,0,-1
751,27,2.750916717524664e-05,0,-1
2005,27,2.750916717524664e-05,0,-1
2887,27,2.750916717524664e-05,0,-1
2995,27,2.750916717524664e-05,0,-1
3084,27,2.750916717524664e-05,0,-1
2820,27,2.750916717524664e-05,0,-1
1549,26,2.6490309131718987e-05,0,-1
2659,26,2.6490309131718987e-05,0,-1
2707,26,2.6490309131718987e-05,0,-1
3023,26,2.6490309131718987e-05,0,-1
1376,26,2.6490309131718987e-05,0,-1
3007,26,2.6490309131718987e-05,0,-1
2435,26,2.6490309131718987e-05,0,-1
1950,26,2.6490309131718987e-05,0,-1
2083,26,2.6490309131718987e-05,0,-1
3336,26,2.6490309131718987e-05,0,-1
2687,26,2.6490309131718987e-05,0,-1
1764,26,2.6490309131718987e-05,0,-1
2192,26,2.6490309131718987e-05,0,-1
1777,26,2.6490309131718987e-05,0,-1
1357,26,2.6490309131718987e-05,0,-1
3251,25,2.5471451088191333e-05,0,-1
2784,25,2.5471451088191333e-05,0,-1
3222,25,2.5471451088191333e-05,0,-1
3144,25,2.5471451088191333e-05,0,-1
3145,25,2.5471451088191333e-05,0,-1
2701,25,2.5471451088191333e-05,0,-1
3015,25,2.5471451088191333e-05,0,-1
2587,25,2.5471451088191333e-05,0,-1
2164,25,2.5471451088191333e-05,0,-1
2351,25,2.5471451088191333e-05,0,-1
2716,25,2.5471451088191333e-05,0,-1
3041,25,2.5471451088191333e-05,0,-1
1239,25,2.5471451088191333e-05,0,-1
2957,25,2.5471451088191333e-05,0,-1
1520,25,2.5471451088191333e-05,0,-1
2242,25,2.5471451088191333e-05,0,-1
2334,25,2.5471451088191333e-05,0,-1
2921,25,2.5471451088191333e-05,0,-1
2794,25,2.5471451088191333e-05,0,-1
2542,25,2.5471451088191333e-05,0,-1
1623,24,2.445259304466368e-05,0,-1
2282,24,2.445259304466368e-05,0,-1
2891,24,2.445259304466368e-05,0,-1
2973,24,2.445259304466368e-05,0,-1
2138,24,2.445259304466368e-05,0,-1
2846,24,2.445259304466368e-05,0,-1
2884,24,2.445259304466368e-05,0,-1
3013,24,2.445259304466368e-05,0,-1
3264,24,2.445259304466368e-05,0,-1
2022,24,2.445259304466368e-05,0,-1
3114,24,2.445259304466368e-05,0,-1
706,24,2.445259304466368e-05,0,-1
3218,24,2.445259304466368e-05,0,-1
2786,24,2.445259304466368e-05,0,-1
2991,24,2.445259304466368e-05,0,-1
2831,24,2.445259304466368e-05,0,-1
3032,24,2.445259304466368e-05,0,-1
1806,24,2.445259304466368e-05,0,-1
3077,24,2.445259304466368e-05,0,-1
2993,24,2.445259304466368e-05,0,-1
3068,24,2.445259304466368e-05,0,-1
1755,24,2.445259304466368e-05,0,-1
3188,23,2.3433735001136025e-05,0,-1
3328,23,2.3433735001136025e-05,0,-1
3171,23,2.3433735001136025e-05,0,-1
1936,23,2.3433735001136025e-05,0,-1
3292,23,2.3433735001136025e-05,0,-1
3287,23,2.3433735001136025e-05,0,-1
3239,23,2.3433735001136025e-05,0,-1
3236,23,2.3433735001136025e-05,0,-1
2750,23,2.3433735001136025e-05,0,-1
2683,23,2.3433735001136025e-05,0,-1
3038,23,2.3433735001136025e-05,0,-1
3027,23,2.3433735001136025e-05,0,-1
3066,23,2.3433735001136025e-05,0,-1
3110,23,2.3433735001136025e-05,0,-1
2881,23,2.3433735001136025e-05,0,-1
2882,23,2.3433735001136025e-05,0,-1
2868,23,2.3433735001136025e-05,0,-1
1515,23,2.3433735001136025e-05,0,-1
2599,23,2.3433735001136025e-05,0,-1
2601,23,2.3433735001136025e-05,0,-1
1528,23,2.3433735001136025e-05,0,-1
2950,23,2.3433735001136025e-05,0,-1
2886,23,2.3433735001136025e-05,0,-1
2220,23,2.3433735001136025e-05,0,-1
2913,23,2.3433735001136025e-05,0,-1
3313,22,2.2414876957608374e-05,0,-1
3314,22,2.2414876957608374e-05,0,-1
3381,22,2.2414876957608374e-05,0,-1
785,22,2.2414876957608374e-05,0,-1
2434,22,2.2414876957608374e-05,0,-1
3053,22,2.2414876957608374e-05,0,-1
3113,22,2.2414876957608374e-05,0,-1
2970,22,2.2414876957608374e-05,0,-1
2353,22,2.2414876957608374e-05,0,-1
3359,21,2.139601891408072e-05,0,-1
2341,21,2.139601891408072e-05,0,-1
2955,21,2.139601891408072e-05,0,-1
2225,21,2.139601891408072e-05,0,-1
2251,21,2.139601891408072e-05,0,-1
2948,21,2.139601891408072e-05,0,-1
3024,21,2.139601891408072e-05,0,-1
1775,21,2.139601891408072e-05,0,-1
2677,21,2.139601891408072e-05,0,-1
319,21,2.139601891408072e-05,0,-1
2593,21,2.139601891408072e-05,0,-1
2670,21,2.139601891408072e-05,0,-1
2673,21,2.139601891408072e-05,0,-1
2446,21,2.139601891408072e-05,0,-1
3092,21,2.139601891408072e-05,0,-1
2556,21,2.139601891408072e-05,0,-1
1168,21,2.139601891408072e-05,0,-1
3062,21,2.139601891408072e-05,0,-1
3108,21,2.139601891408072e-05,0,-1
3095,21,2.139601891408072e-05,0,-1
3102,21,2.139601891408072e-05,0,-1
1202,21,2.139601891408072e-05,0,-1
2798,21,2.139601891408072e-05,0,-1
2806,21,2.139601891408072e-05,0,-1
2808,21,2.139601891408072e-05,0,-1
3181,20,2.0377160870553066e-05,0,-1
1922,20,2.0377160870553066e-05,0,-1
1789,20,2.0377160870553066e-05,0,-1
3198,20,2.0377160870553066e-05,0,-1
1801,20,2.0377160870553066e-05,0,-1
3310,20,2.0377160870553066e-05,0,-1
2222,20,2.0377160870553066e-05,0,-1
2243,20,2.0377160870553066e-05,0,-1
3282,20,2.0377160870553066e-05,0,-1
2660,20,2.0377160870553066e-05,0,-1
2027,20,2.0377160870553066e-05,0,-1
2740,20,2.0377160870553066e-05,0,-1
3090,20,2.0377160870553066e-05,0,-1
3136,20,2.0377160870553066e-05,0,-1
3176,20,2.0377160870553066e-05,0,-1
1490,20,2.0377160870553066e-05,0,-1
3143,20,2.0377160870553066e-05,0,-1
3139,20,2.0377160870553066e-05,0,-1
3214,20,2.0377160870553066e-05,0,-1
3132,20,2.0377160870553066e-05,0,-1
3083,20,2.0377160870553066e-05,0,-1
1799,20,2.0377160870553066e-05,0,-1
2088,20,2.0377160870553066e-05,0,-1
2571,19,1.9358302827025412e-05,0,-1
3404,19,1.9358302827025412e-05,0,-1
1848,19,1.9358302827025412e-05,0,-1
2699,19,1.9358302827025412e-05,0,-1
3029,19,1.9358302827025412e-05,0,-1
2456,19,1.9358302827025412e-05,0,-1
3096,19,1.9358302827025412e-05,0,-1
2819,19,1.9358302827025412e-05,0,-1
2462,19,1.9358302827025412e-05,0,-1
3175,19,1.9358302827025412e-05,0,-1
3021,19,1.9358302827025412e-05,0,-1
3167,19,1.9358302827025412e-05,0,-1
2994,19,1.9358302827025412e-05,0,-1
3190,19,1.9358302827025412e-05,0,-1
3191,19,1.9358302827025412e-05,0,-1
3180,19,1.9358302827025412e-05,0,-1
3177,19,1.9358302827025412e-05,0,-1
1657,19,1.9358302827025412e-05,0,-1
3200,19,1.9358302827025412e-05,0,-1
1946,19,1.9358302827025412e-05,0,-1
1788,19,1.9358302827025412e-05,0,-1
2597,19,1.9358302827025412e-05,0,-1
2977,19,1.9358302827025412e-05,0,-1
3211,19,1.9358302827025412e-05,0,-1
3197,19,1.9358302827025412e-05,0,-1
3293,19,1.9358302827025412e-05,0,-1
3268,19,1.9358302827025412e-05,0,-1
2914,18,1.833944478349776e-05,0,-1
3242,18,1.833944478349776e-05,0,-1
3039,18,1.833944478349776e-05,0,-1
2821,18,1.833944478349776e-05,0,-1
2416,18,1.833944478349776e-05,0,-1
3067,18,1.833944478349776e-05,0,-1
2193,18,1.833944478349776e-05,0,-1
3163,18,1.833944478349776e-05,0,-1
3199,18,1.833944478349776e-05,0,-1
2861,18,1.833944478349776e-05,0,-1
2996,18,1.833944478349776e-05,0,-1
1198,18,1.833944478349776e-05,0,-1
2915,18,1.833944478349776e-05,0,-1
3262,18,1.833944478349776e-05,0,-1
3241,18,1.833944478349776e-05,0,-1
2140,17,1.7320586739970107e-05,-1,-1
1491,17,1.7320586739970107e-05,-1,-1
3179,17,1.7320586739970107e-05,-1,-1
2764,17,1.7320586739970107e-05,-1,-1
3170,17,1.7320586739970107e-05,-1,-1
3348,17,1.7320586739970107e-05,-1,-1
3299,17,1.7320586739970107e-05,0,-1
3254,17,1.7320586739970107e-05,-1,-1
1555,17,1.7320586739970107e-05,0,-1
3378,17,1.7320586739970107e-05,-1,-1
2927,17,1.7320586739970107e-05,-1,-1
1988,17,1.7320586739970107e-05,-1,-1
3341,17,1.7320586739970107e-05,-1,-1
2370,17,1.7320586739970107e-05,-1,-1
3156,17,1.7320586739970107e-05,0,-1
3329,17,1.7320586739970107e-05,-1,-1
2690,17,1.7320586739970107e-05,0,-1
3022,17,1.7320586739970107e-05,-1,-1
3042,17,1.7320586739970107e-05,-1,-1
3325,17,1.7320586739970107e-05,-1,-1
2982,17,1.7320586739970107e-05,0,-1
2954,17,1.7320586739970107e-05,-1,-1
3209,17,1.7320586739970107e-05,0,-1
2852,17,1.7320586739970107e-05,-1,-1
3195,17,1.7320586739970107e-05,0,-1
3150,17,1.7320586739970107e-05,-1,-1
2550,17,1.7320586739970107e-05,-1,-1
3330,17,1.7320586739970107e-05,-1,-1
2412,16,1.6301728696442453e-05,-1,-1
1256,16,1.6301728696442453e-05,-1,-1
2090,16,1.6301728696442453e-05,-1,-1
3294,16,1.6301728696442453e-05,-1,-1
3289,16,1.6301728696442453e-05,-1,-1
3305,16,1.6301728696442453e-05,-1,-1
3333,16,1.6301728696442453e-05,-1,-1
3308,16,1.6301728696442453e-05,-1,-1
2464,16,1.6301728696442453e-05,-1,-1
1481,16,1.6301728696442453e-05,-1,-1
3192,16,1.6301728696442453e-05,-1,-1
2865,16,1.6301728696442453e-05,-1,-1
2306,16,1.6301728696442453e-05,-1,-1
2897,16,1.6301728696442453e-05,-1,-1
3250,16,1.6301728696442453e-05,-1,-1
3384,15,1.52828706529148e-05,-1,-1
2911,15,1.52828706529148e-05,-1,-1
3307,15,1.52828706529148e-05,-1,-1
3315,15,1.52828706529148e-05,-1,-1
3396,15,1.52828706529148e-05,-1,-1
3079,15,1.52828706529148e-05,-1,-1
3393,15,1.52828706529148e-05,-1,-1
3069,15,1.52828706529148e-05,-1,-1
2985,15,1.52828706529148e-05,-1,-1
2984,15,1.52828706529148e-05,-1,-1
3087,15,1.52828706529148e-05,-1,-1
2566,15,1.52828706529148e-05,-1,-1
2905,15,1.52828706529148e-05,-1,-1
3303,15,1.52828706529148e-05,-1,-1
2952,15,1.52828706529148e-05,-1,-1
3317,14,1.4264012609387146e-05,-1,-1
3331,14,1.4264012609387146e-05,-1,-1
2917,14,1.4264012609387146e-05,-1,-1
3353,14,1.4264012609387146e-05,-1,-1
3301,14,1.4264012609387146e-05,-1,-1
3229,14,1.4264012609387146e-05,-1,-1
2292,14,1.4264012609387146e-05,-1,-1
2935,14,1.4264012609387146e-05,-1,-1
3290,14,1.4264012609387146e-05,-1,-1
2079,14,1.4264012609387146e-05,-1,-1
3207,14,1.4264012609387146e-05,-1,-1
2965,14,1.4264012609387146e-05,-1,-1
1781,14,1.4264012609387146e-05,-1,-1
3001,14,1.4264012609387146e-05,-1,-1
3185,14,1.4264012609387146e-05,-1,-1
2343,14,1.4264012609387146e-05,-1,-1
2590,14,1.4264012609387146e-05,-1,-1
2712,14,1.4264012609387146e-05,-1,-1
2071,14,1.4264012609387146e-05,-1,-1
2578,14,1.4264012609387146e-05,-1,-1
3055,14,1.4264012609387146e-05,-1,-1
3362,13,1.3245154565859494e-05,-1,-1
3309,13,1.3245154565859494e-05,-1,-1
2908,13,1.3245154565859494e-05,-1,-1
1295,13,1.3245154565859494e-05,-1,-1
982,13,1.3245154565859494e-05,-1,-1
3366,13,1.3245154565859494e-05,-1,-1
3072,13,1.3245154565859494e-05,-1,-1
3076,13,1.3245154565859494e-05,-1,-1
3281,13,1.3245154565859494e-05,-1,-1
3065,13,1.3245154565859494e-05,-1,-1
3382,13,1.3245154565859494e-05,-1,-1
3063,13,1.3245154565859494e-05,-1,-1
2240,13,1.3245154565859494e-05,-1,-1
3173,13,1.3245154565859494e-05,-1,-1
3369,13,1.3245154565859494e-05,-1,-1
1803,13,1.3245154565859494e-05,-1,-1
2781,13,1.3245154565859494e-05,-1,-1
2580,13,1.3245154565859494e-05,-1,-1
3134,13,1.3245154565859494e-05,-1,-1
1995,13,1.3245154565859494e-05,-1,-1
3219,13,1.3245154565859494e-05,-1,-1
303,13,1.3245154565859494e-05,-1,-1
3124,13,1.3245154565859494e-05,-1,-1
3258,13,1.3245154565859494e-05,-1,-1
2291,13,1.3245154565859494e-05,-1,-1
2753,13,1.3245154565859494e-05,-1,-1
2489,13,1.3245154565859494e-05,-1,-1
2802,12,1.222629652233184e-05,-1,-1
3265,12,1.222629652233184e-05,-1,-1
3050,12,1.222629652233184e-05,-1,-1
3112,12,1.222629652233184e-05,-1,-1
3288,12,1.222629652233184e-05,-1,-1
2526,12,1.222629652233184e-05,-1,-1
3380,12,1.222629652233184e-05,-1,-1
3371,12,1.222629652233184e-05,-1,-1
2508,12,1.222629652233184e-05,-1,-1
3279,12,1.222629652233184e-05,-1,-1
2909,12,1.222629652233184e-05,-1,-1
2810,12,1.222629652233184e-05,-1,-1
3088,12,1.222629652233184e-05,-1,-1
3082,12,1.222629652233184e-05,-1,-1
2953,12,1.222629652233184e-05,-1,-1
2976,12,1.222629652233184e-05,-1,-1
2780,12,1.222629652233184e-05,-1,-1
3203,12,1.222629652233184e-05,-1,-1
1505,12,1.222629652233184e-05,-1,-1
3186,12,1.222629652233184e-05,-1,-1
2979,12,1.222629652233184e-05,-1,-1
2864,12,1.222629652233184e-05,-1,-1
2777,12,1.222629652233184e-05,-1,-1
2899,12,1.222629652233184e-05,-1,-1
3225,12,1.222629652233184e-05,-1,-1
3164,12,1.222629652233184e-05,-1,-1
3137,12,1.222629652233184e-05,-1,-1
3253,12,1.222629652233184e-05,-1,-1
2951,12,1.222629652233184e-05,-1,-1
3383,11,1.1207438478804187e-05,-1,-1
3375,11,1.1207438478804187e-05,-1,-1
2972,11,1.1207438478804187e-05,-1,-1
1937,11,1.1207438478804187e-05,-1,-1
2980,11,1.1207438478804187e-05,-1,-1
2581,11,1.1207438478804187e-05,-1,-1
3324,11,1.1207438478804187e-05,-1,-1
3184,11,1.1207438478804187e-05,-1,-1
3372,11,1.1207438478804187e-05,-1,-1
2919,11,1.1207438478804187e-05,-1,-1
2715,11,1.1207438478804187e-05,-1,-1
3354,11,1.1207438478804187e-05,-1,-1
3306,11,1.1207438478804187e-05,-1,-1
3056,11,1.1207438478804187e-05,-1,-1
3059,11,1.1207438478804187e-05,-1,-1
3386,11,1.1207438478804187e-05,-1,-1
3379,11,1.1207438478804187e-05,-1,-1
3271,11,1.1207438478804187e-05,-1,-1
3252,11,1.1207438478804187e-05,-1,-1
2895,11,1.1207438478804187e-05,-1,-1
3040,11,1.1207438478804187e-05,-1,-1
2805,11,1.1207438478804187e-05,-1,-1
3356,10,1.0188580435276533e-05,-1,-1
3361,10,1.0188580435276533e-05,-1,-1
3357,10,1.0188580435276533e-05,-1,-1
3107,10,1.0188580435276533e-05,-1,-1
3061,10,1.0188580435276533e-05,-1,-1
2214,10,1.0188580435276533e-05,-1,-1
3285,10,1.0188580435276533e-05,-1,-1
3133,10,1.0188580435276533e-05,-1,-1
1633,10,1.0188580435276533e-05,-1,-1
3127,10,1.0188580435276533e-05,-1,-1
3405,10,1.0188580435276533e-05,-1,-1
3034,10,1.0188580435276533e-05,-1,-1
3245,10,1.0188580435276533e-05,-1,-1
3231,10,1.0188580435276533e-05,-1,-1
2741,10,1.0188580435276533e-05,-1,-1
2837,10,1.0188580435276533e-05,-1,-1
2498,10,1.0188580435276533e-05,-1,-1
3247,10,1.0188580435276533e-05,-1,-1
3208,10,1.0188580435276533e-05,-1,-1
228,10,1.0188580435276533e-05,-1,-1
2850,10,1.0188580435276533e-05,-1,-1
2595,10,1.0188580435276533e-05,-1,-1
2983,10,1.0188580435276533e-05,-1,-1
3338,10,1.0188580435276533e-05,-1,-1
3343,10,1.0188580435276533e-05,-1,-1
3172,10,1.0188580435276533e-05,-1,-1
3337,10,1.0188580435276533e-05,-1,-1
3376,9,9.16972239174888e-06,-1,-1
3201,9,9.16972239174888e-06,-1,-1
3340,9,9.16972239174888e-06,-1,-1
3345,9,9.16972239174888e-06,-1,-1
3377,9,9.16972239174888e-06,-1,-1
2845,9,9.16972239174888e-06,-1,-1
3014,9,9.16972239174888e-06,-1,-1
1494,9,9.16972239174888e-06,-1,-1
3138,9,9.16972239174888e-06,-1,-1
3123,9,9.16972239174888e-06,-1,-1
3261,9,9.16972239174888e-06,-1,-1
3256,9,9.16972239174888e-06,-1,-1
3125,9,9.16972239174888e-06,-1,-1
3142,9,9.16972239174888e-06,-1,-1
3162,9,9.16972239174888e-06,-1,-1
2898,9,9.16972239174888e-06,-1,-1
2904,9,9.16972239174888e-06,-1,-1
3370,9,9.16972239174888e-06,-1,-1
3060,9,9.16972239174888e-06,-1,-1
3387,9,9.16972239174888e-06,-1,-1
3355,9,9.16972239174888e-06,-1,-1
2801,9,9.16972239174888e-06,-1,-1
2255,9,9.16972239174888e-06,-1,-1
3259,9,9.16972239174888e-06,-1,-1
3232,9,9.16972239174888e-06,-1,-1
3226,9,9.16972239174888e-06,-1,-1
3166,9,9.16972239174888e-06,-1,-1
2967,9,9.16972239174888e-06,-1,-1
3202,9,9.16972239174888e-06,-1,-1
3028,9,9.16972239174888e-06,-1,-1
3351,8,8.150864348221226e-06,-1,-1
3332,8,8.150864348221226e-06,-1,-1
3402,8,8.150864348221226e-06,-1,-1
2988,8,8.150864348221226e-06,-1,-1
3012,8,8.150864348221226e-06,-1,-1
3003,8,8.150864348221226e-06,-1,-1
3350,8,8.150864348221226e-06,-1,-1
2900,8,8.150864348221226e-06,-1,-1
2656,8,8.150864348221226e-06,-1,-1
3397,8,8.150864348221226e-06,-1,-1
3373,8,8.150864348221226e-06,-1,-1
3273,8,8.150864348221226e-06,-1,-1
3274,8,8.150864348221226e-06,-1,-1
3389,8,8.150864348221226e-06,-1,-1
2450,8,8.150864348221226e-06,-1,-1
3147,8,8.150864348221226e-06,-1,-1
3365,8,8.150864348221226e-06,-1,-1
3360,8,8.150864348221226e-06,-1,-1
1759,8,8.150864348221226e-06,-1,-1
3408,8,8.150864348221226e-06,-1,-1
2068,8,8.150864348221226e-06,-1,-1
3216,8,8.150864348221226e-06,-1,-1
2968,8,8.150864348221226e-06,-1,-1
3240,8,8.150864348221226e-06,-1,-1
3215,8,8.150864348221226e-06,-1,-1
3223,8,8.150864348221226e-06,-1,-1
2478,8,8.150864348221226e-06,-1,-1
3260,8,8.150864348221226e-06,-1,-1
2842,7,7.132006304693573e-06,-1,-1
3335,7,7.132006304693573e-06,-1,-1
1807,7,7.132006304693573e-06,-1,-1
1909,7,7.132006304693573e-06,-1,-1
3126,7,7.132006304693573e-06,-1,-1
2918,7,7.132006304693573e-06,-1,-1
3349,7,7.132006304693573e-06,-1,-1
2692,7,7.132006304693573e-06,-1,-1
3078,7,7.132006304693573e-06,-1,-1
3398,7,7.132006304693573e-06,-1,-1
3064,7,7.132006304693573e-06,-1,-1
3358,7,7.132006304693573e-06,-1,-1
3391,7,7.132006304693573e-06,-1,-1
2421,7,7.132006304693573e-06,-1,-1
3347,7,7.132006304693573e-06,-1,-1
3409,7,7.132006304693573e-06,-1,-1
3374,7,7.132006304693573e-06,-1,-1
3249,7,7.132006304693573e-06,-1,-1
3280,7,7.132006304693573e-06,-1,-1
3318,7,7.132006304693573e-06,-1,-1
2025,7,7.132006304693573e-06,-1,-1
3148,7,7.132006304693573e-06,-1,-1
3246,7,7.132006304693573e-06,-1,-1
3026,7,7.132006304693573e-06,-1,-1
3154,7,7.132006304693573e-06,-1,-1
2469,7,7.132006304693573e-06,-1,-1
3206,7,7.132006304693573e-06,-1,-1
3234,7,7.132006304693573e-06,-1,-1
2500,7,7.132006304693573e-06,-1,-1
3121,7,7.132006304693573e-06,-1,-1
3266,7,7.132006304693573e-06,-1,-1
3321,6,6.11314826116592e-06,-1,-1
3320,6,6.11314826116592e-06,-1,-1
3302,6,6.11314826116592e-06,-1,-1
3278,6,6.11314826116592e-06,-1,-1
3414,6,6.11314826116592e-06,-1,-1
3395,6,6.11314826116592e-06,-1,-1
3394,6,6.11314826116592e-06,-1,-1
3304,6,6.11314826116592e-06,-1,-1
3352,6,6.11314826116592e-06,-1,-1
3363,6,6.11314826116592e-06,-1,-1
3326,6,6.11314826116592e-06,-1,-1
3399,6,6.11314826116592e-06,-1,-1
3407,6,6.11314826116592e-06,-1,-1
3390,6,6.11314826116592e-06,-1,-1
3248,6,6.11314826116592e-06,-1,-1
3025,6,6.11314826116592e-06,-1,-1
3205,6,6.11314826116592e-06,-1,-1
2127,6,6.11314826116592e-06,-1,-1
2402,6,6.11314826116592e-06,-1,-1
3270,6,6.11314826116592e-06,-1,-1
3412,6,6.11314826116592e-06,-1,-1
3388,6,6.11314826116592e-06,-1,-1
3410,6,6.11314826116592e-06,-1,-1
3392,6,6.11314826116592e-06,-1,-1
3368,6,6.11314826116592e-06,-1,-1
3103,6,6.11314826116592e-06,-1,-1
3385,6,6.11314826116592e-06,-1,-1
2648,6,6.11314826116592e-06,-1,-1
3367,6,6.11314826116592e-06,-1,-1
1363,6,6.11314826116592e-06,-1,-1
3415,5,5.0942902176382665e-06,-1,-1
3346,5,5.0942902176382665e-06,-1,-1
3312,5,5.0942902176382665e-06,-1,-1
3416,5,5.0942902176382665e-06,-1,-1
3342,5,5.0942902176382665e-06,-1,-1
2998,5,5.0942902176382665e-06,-1,-1
3322,5,5.0942902176382665e-06,-1,-1
3401,5,5.0942902176382665e-06,-1,-1
3403,5,5.0942902176382665e-06,-1,-1
3323,5,5.0942902176382665e-06,-1,-1
3327,5,5.0942902176382665e-06,-1,-1
3339,5,5.0942902176382665e-06,-1,-1
2676,5,5.0942902176382665e-06,-1,-1
2885,5,5.0942902176382665e-06,-1,-1
3298,5,5.0942902176382665e-06,-1,-1
3297,5,5.0942902176382665e-06,-1,-1
3295,5,5.0942902176382665e-06,-1,-1
2791,5,5.0942902176382665e-06,-1,-1
2399,5,5.0942902176382665e-06,-1,-1
3406,5,5.0942902176382665e-06,-1,-1
3272,5,5.0942902176382665e-06,-1,-1
2792,5,5.0942902176382665e-06,-1,-1
2758,5,5.0942902176382665e-06,-1,-1
3217,5,5.0942902176382665e-06,-1,-1
2789,5,5.0942902176382665e-06,-1,-1
3161,5,5.0942902176382665e-06,-1,-1
3228,5,5.0942902176382665e-06,-1,-1
3169,5,5.0942902176382665e-06,-1,-1
3230,5,5.0942902176382665e-06,-1,-1
2978,5,5.0942902176382665e-06,-1,-1
3316,5,5.0942902176382665e-06,-1,-1
3311,5,5.0942902176382665e-06,-1,-1
3296,5,5.0942902176382665e-06,-1,-1
3413,5,5.0942902176382665e-06,-1,-1
3411,5,5.0942902176382665e-06,-1,-1
2888,5,5.0942902176382665e-06,-1,-1
3100,5,5.0942902176382665e-06,-1,-1
3284,5,5.0942902176382665e-06,-1,-1
3193,4,4.075432174110613e-06,-1,-1
3334,4,4.075432174110613e-06,-1,-1
3400,4,4.075432174110613e-06,-1,-1
3204,4,4.075432174110613e-06,-1,-1
2800,4,4.075432174110613e-06,-1,-1
3243,4,4.075432174110613e-06,-1,-1
2520,4,4.075432174110613e-06,-1,-1
3364,4,4.075432174110613e-06,-1,-1
